id,fen,mateIn,composer
ba79c05c,8/2K5/1R6/k7/2B5/p7/1P6/8 w - - 0 1,2,Nils Adrian Bakke
83c177dd,4R1N1/5p1B/p1P1b3/4k1P1/4rp2/BQ2npn1/K1N5/4R3 w - - 0 1,2,Charles William Sheppard
b5e8225f,8/6N1/8/3P4/B3kP1K/2Q5/8/8 w - - 0 1,2,Владимир Михайлович Воронин
699b4589,8/3qr2b/2p5/6PB/1N4RP/3p2Bn/pQ2P1Rr/K2k4 w - - 0 1,2,Валерий Юрьевич Шаньшин
81d2e9a0,2B2q2/BprP1p2/1npkp1N1/2n1N3/2PK3Q/1p6/8/8 w - - 0 1,2,Frank Fiedler
38c16921,8/3pK3/2p2N2/2N2B2/2k2p2/2B2P2/3PP3/8 w - - 0 1,2,Eugene Beauharnais Cook
b08fcdfa,8/8/4Q3/8/p2pp3/3kP3/1P6/3K4 w - - 0 1,2,David Murray Davey
d5bfd122,4K3/2p1PQbB/1P4r1/1p1R3b/1P6/6p1/3B4/k1NN4 w - - 0 1,2,Г. Иванов
9e14d1ba,8/4n3/4P3/R1NpN2R/2pkp3/3p4/1P3P2/3K4 w - - 0 1,2,Євгеній Михайлович Богданов
9dd8b7de,6b1/1Qpp4/B1p5/3n3R/2Nk1p2/5P2/1PPB4/7K w - - 0 1,2,Juraj Šťastný
7be35b1e,2n1b1NK/R2r1k1n/2p2PN1/2P2Pp1/2R2p2/3Q4/B5q1/8 w - - 0 1,2,Станислав Максимович Толстой
c0b26007,5r2/2qp4/2p2R2/5Bp1/rR1B1kP1/3P4/5P2/4NK2 w - - 0 1,2,Herbert Siegfried Oskar Ahues
c0044ddd,KbN4R/p1kpp1R1/n4p2/pPn2B2/Pp5p/1P4rp/7B/2Q5 w - - 0 1,2,Cornelis Goldschmeding
30b5bf57,6K1/1kN5/1PN1B3/8/8/1Q6/8/8 w - - 0 1,2,Николай Иванович Белик
2be0d9e4,K7/2p5/3P4/B3R1N1/3k1P2/1P3pQb/n1P2n1P/6bq w - - 0 1,2,Valeriu Petrovici
09028576,6B1/4n3/4n2Q/2N1NRp1/pB1kP1K1/1b5P/1P3P2/4R3 w - - 0 1,2,Christopher Jeremy Morse
cd574142,b3r3/2P5/Q5P1/KR5N/3Bk1P1/5p1B/N2R4/1n6 w - - 0 1,2,Arthur Ford Mackenzie
8de8c71f,8/6pb/7p/1R3n2/PPk2PQp/p4Np1/1nBK4/1R6 w - - 0 1,2,Jan Hartong
e42629b6,1qn1BBN1/5Rp1/N1r3b1/2bkpP1p/p2p4/3P1K2/7Q/2R5 w - - 0 1,2,Георгий Ибулаевич Ибулаев
e679decb,8/3B4/nK1p2n1/1p1k1p2/3p4/R1PPP2R/N5NB/8 w - - 0 1,2,Ivan Jarolín
550c0bbd,8/4p3/1pKn4/3PN1R1/4k3/1Qp1Pp1r/1q2P3/2n1N1B1 w - - 0 1,2,Herbert Siegfried Oskar Ahues
433562da,2b2B1K/P4p2/1NP1k3/n1P2pP1/2rQ4/4P2B/1q1P4/4R3 w - - 0 1,2,György Bakcsi
ac7f3634,4K3/1kB5/1N6/1N6/P5B1/8/8/8 w - - 0 1,2,Miklós S. Locker
f6c976fd,8/8/2Q2Pq1/4k3/2R2b1N/Kn2p3/1N3n2/8 w - - 0 1,2,Siegfried Brüchner
b6d1496c,r3kN2/p5Q1/8/4B3/7b/8/K7/8 w - - 0 1,2,Николай Александрович Ивановский
529335eb,8/6k1/2NK1NP1/8/6R1/8/7B/8 w - - 0 1,2,Анатолій Степанович Пожарський
b6a485de,r1b3Q1/kp4R1/2p5/2P5/1N3K2/7R/8/8 w - - 0 1,2,Віктор Григорович Павленко
bc27dfc9,k2n4/P7/K7/bP1N4/8/8/8/8 w - - 0 1,2,Renato di Vincenzi
18c8730f,4r3/6N1/8/2BRP1p1/5knn/3PpP1R/4Kb2/8 w - - 0 1,2,Rainer Paslack
3f086040,3r1B2/2Rp1BK1/2p1qP2/3kp2Q/1PpN1Pn1/1PR2P2/1n2N3/8 w - - 0 1,2,Raymond C. J. Gevers
a505b64c,8/8/8/1Q6/3K4/3n4/p7/kbN5 w - - 0 1,2,Eligiusz Zimmer
fd567554,Qn6/1Np2K2/1p6/3kB1p1/3P4/nP2p2p/8/5B2 w - - 0 1,2,Jaroslav Hronec
22e7123e,1q6/4BB1p/p7/R1P1kN2/Q1p1rb1N/6nK/8/8 w - - 0 1,2,Gilbert S. Dobbs
152df235,8/QN1p3K/7p/1P1kB2R/2r5/1N4p1/B6r/4R3 w - - 0 1,2,Gustav Adolf Ekestubbe
1b08c6d8,7B/8/4P3/6kN/1P3N2/2K4B/3P4/8 w - - 0 1,2,György Bakcsi
d35811e8,2Q5/8/3N3R/3k4/3q1pB1/3bb2K/4N3/3R4 w - - 0 1,2,Талип Хасанович Амиров
ca4e6b24,Q7/B2p1K1B/3P4/q1pP4/N1pk1P2/5Rn1/1P4r1/4RN1n w - - 0 1,2,Beat Züger
f3204a89,5K2/N2k4/7R/B2npp2/4rpN1/8/b7/b2Q4 w - - 0 1,2,Allard Pieter Eerkes
35dd83e9,1bq5/4Q3/1p2P1pp/1Rn1k3/2BpP2R/B2PN1K1/4b3/8 w - - 0 1,2,Rainer Paslack
532c47f6,7n/2Kp4/1pp5/1p3Pr1/3kbQp1/1B3n2/1NRP3R/N7 w - - 0 1,2,Александр Сергеевич Кузовков
1b6f7247,8/4k3/1KB3Q1/1pp5/8/8/3R4/5q2 w - - 0 1,2,Werner Speckmann
5560f786,8/8/Q7/3k4/5P2/1P6/3K2N1/8 w - - 0 1,2,Robert A. Lincoln
d375446b,8/2p5/2PpN1p1/5pP1/Qnk2K1p/2p3pR/5PB1/2N1B3 w - - 0 1,2,Владимир Алексеевич Ерохин
4062a051,8/R4K2/Q1P3PR/B3N3/2PpPPP1/3Nkp2/5p2/5B2 w - - 0 1,2,Peter Gvozdják
9c6182c8,bn3Nq1/2R1Bpp1/r5P1/p1P1k3/R6N/1Q6/K1P5/b3rn1B w - - 0 1,2,Александр Петрович Максимовских
0320b35d,6k1/3K4/8/6p1/8/8/1B6/Q7 w - - 0 1,2,Léon Fontaine
24dbe8aa,nq6/Q6p/3P1N2/2P1B3/8/2R1pk2/2R4K/8 w - - 0 1,2,Ljubomir Ugren
6ab04730,2Nk2bR/1P3p2/r1P4n/b1PK3B/3N4/2P5/4R2B/3Q4 w - - 0 1,2,Arnoldo Ellerman
83f73826,B1Q5/8/2p4p/4ppqR/1N2kN2/2KR4/5P1n/8 w - - 0 1,2,Leib Bograd
ab114ff3,3r1B2/p2p4/K5bR/1Q2p3/1p1k4/2p3r1/p2P4/Nq2R1b1 w - - 0 1,2,Евгений Викторович Марков
ebe73926,7K/p7/n2pP1Q1/1PBk3N/1bR2P2/1Pppr2b/N4r2/8 w - - 0 1,2,Andreas Schönholzer
e57842ce,4B3/5R2/2r1PpPp/2Pp1k2/3PNNn1/4pP2/1b1PRP1B/1Q2K3 w - - 0 1,2,Augusto Guilherme Meschick
ff6cbdb4,6R1/8/2B5/8/4N2K/8/5n1k/1R6 w - - 0 1,2,Werner Speckmann
d33ead7e,8/8/8/5Q2/N2P1P2/1p1K4/1p6/1k6 w - - 0 1,2,Lilian Edith Baird
01c56df2,NN4B1/6pp/1p1k2qR/3Pp2b/7B/8/2Q2p2/1KR1n3 w - - 0 1,2,Halvar Hermanson
b13d4882,1Q2N1r1/B7/6nn/3P3N/4k3/2b3R1/B3PP2/3K3b w - - 0 1,2,William Henry Reilly
565e8462,b4R2/2b5/B5r1/6rN/N1Ppp3/1Ppk1P2/3P3n/2K1Q3 w - - 0 1,2,Михаил Васильевич Матрёнин
7b9f0e65,3R1Bn1/KbP2p1r/3Nkb2/2n3P1/BNRp1PP1/8/Q1r5/1q6 w - - 0 1,2,Josef Burda
36cfc882,1Q6/8/1B3p2/4nPp1/3n2p1/1P2k1p1/R3P1P1/1B1K1R2 w - - 0 1,2,Seetharaman Kalyanasundaram
9fc508e7,2bB4/1P1P4/P3P2K/1pN3Q1/rk2N3/pP2R2R/P2n4/r1b1nB2 w - - 0 1,2,Alessandro Cuppini
fd2e9945,N1R5/1p2p3/P1PP1P2/q2k1B1N/3P4/1P2nK2/1Q1R3B/8 w - - 0 1,2,Карл Артур Леонид Иванович Куббель
82d0f320,2K4n/3Bp3/1B1P2p1/4k1Nr/2P1pR2/3n4/3R1Q2/7b w - - 0 1,2,Василь Юрійович Марковцій
1f33eec3,4R3/2p2Q1K/1ppP4/1b6/1PNkP2n/2p5/2B2p2/5N2 w - - 0 1,2,Philippe Robert
b3edaf10,2R1r1B1/qP2R3/2pk1P2/1PN2P2/Pp1n1rpK/3p1pN1/5n1B/2Q1b3 w - - 0 1,2,Gerhard Maleika
d78b5499,b6B/5p2/4P3/4RN1B/4nk1K/6pp/5r1P/Q2N4 w - - 0 1,2,Herbert Siegfried Oskar Ahues
d7c63c53,b4K2/B6p/3p4/N3kPP1/1p5r/4P1Pp/B1Q4N/2b1RR2 w - - 0 1,2,Colin Peter Sydenham
19183ade,8/1K1p2B1/Q2p4/1P1k1P2/5p2/3N4/b1pN2q1/nr2nr1B w - - 0 1,2,Dante Hugo Rizzetti
65954f1b,1B3n2/1K4b1/Np1NR2r/3k4/r2P2p1/7p/8/4RQ2 w - - 0 1,2,Леонид Иванович Загоруйко
902d3f4c,6BB/1Q2p3/r4p2/1pP1k1p1/1r1nN2N/2P2PP1/q3p1K1/1b2R3 w - - 0 1,2,József Tafferner
3974f98e,3Q4/8/8/8/4B3/7N/6bb/3K3k w - - 0 1,2,Андрей Николаевич Дикусаров
c9c8e2f5,8/R3p3/1B6/1bb3K1/3k1N2/1Q4p1/5P2/5n2 w - - 0 1,2,Karel Kondelík
0ae1036a,8/8/K7/8/k3P3/pp6/7Q/8 w - - 0 1,2,Hellmuth Konrad Laaksonen
1e3461e7,2K5/3R4/Bp2NN1p/2p2b1p/7Q/B3kppn/3R4/4b3 w - - 0 1,2,Vittorio Zanco
62371821,8/p2Q2B1/RpPP1pK1/2Pk4/N2pRP2/P5P1/2P5/3N4 w - - 0 1,2,Marián Križovenský
6439597c,5n2/8/4bR1P/3Pk3/4P3/6K1/3N1Q2/8 w - - 0 1,2,Johannes van Dijk
52e2ce5f,5rQ1/2PP3n/4p2N/1pK1p2N/4k3/1R2pr1P/6P1/2B3n1 w - - 0 1,2,Oskar Wielgos
563886d3,8/r3q3/RB1kPP2/4R3/B1pP4/2K3Qp/6n1/8 w - - 0 1,2,Federico Alliney
8d6785c4,nNb4b/1p3Q2/2p3RB/3pk1P1/4p1P1/K2R4/2P2N2/7B w - - 0 1,2,Giacomo Cuniali
6b34e27a,3b4/5K2/b4BN1/3B1k1p/3nppp1/1N1r3r/q2n4/3QR1R1 w - - 0 1,2,Н. Буренко
d7fb9111,8/1K6/p2N4/7Q/1k6/8/P7/2B5 w - - 0 1,2,José R. Camisay
c01f6e0b,Q7/rP2p2k/7B/8/8/3N4/P1R4R/KB5r w - - 0 1,2,Fritz Berhausen
2fe59372,1n5k/3b3P/5KP1/8/8/8/8/5Q2 w - - 0 1,2,Franz Ferdinand Ludwig Palatz
8bac16df,kr6/BR6/P7/8/8/7K/8/Q7 w - - 0 1,2,Микола Олексійович Пархоменко
3c8a0920,3R4/8/2pp2N1/2PbpP2/1Pnkpb1R/4N3/2Q1K3/8 w - - 0 1,2,Ján Janček
0e184edf,3R4/2K5/8/1pk1p3/4P3/2pP4/2P4B/8 w - - 0 1,2,Александр Константинович Калинин
572b3107,3R1R1B/P6K/n3p3/2Pp1ppB/1P2k3/2Pr1r1P/1N2P1N1/3b4 w - - 0 1,2,Василь Васильович Дячук
35dd5b4f,B7/1R6/r2pq1p1/6Q1/1rb1k1Pp/2R1N1pn/4N1K1/8 w - - 0 1,2,Europe Cacciari
a0d98b09,6R1/4Q3/4B3/1K2B3/8/1p1N4/4k3/5N2 w - - 0 1,2,Леонид Арсентьевич Лебедев
9d657973,5B1K/6R1/N2Pkp2/qPR2p1B/2nP4/p6N/1p6/2b5 w - - 0 1,2,Владимир Григорьевич Савченко
3e4ba8f8,8/4Q3/3P1PNN/6k1/8/8/5K2/8 w - - 0 1,2,Екув Логвыновыч
7386a417,6b1/2N5/7r/5p1p/1pk2P2/1Nr1RQ1K/P3P3/1nR2nb1 w - - 0 1,2,Allard Pieter Eerkes
7bc71688,4n3/8/4b3/1QRppk1N/8/1N1P4/K5R1/8 w - - 0 1,2,Noel Aubrey Bonavia Hunt
56a5ea27,1n4QB/b2pp3/4N3/1P1kP3/2q4R/pR2p1N1/B1n1P3/1K6 w - - 0 1,2,Wilhelm Seib
3ff722b2,3R4/pN2kp2/pP4n1/P2B2P1/PKp1r3/Bp5b/3PQ3/3n4 w - - 0 1,2,Вадим Александрович Иванов
30c352ee,4bR2/B7/B3R3/8/1p4P1/p3Q2P/r1p1PNNp/1r2bk1K w - - 0 1,2,Bruno Oswald Sommer
13f3dad5,KQ6/8/7b/3R2RB/2N5/6Np/4P1kB/4n2b w - - 0 1,2,Cyril Henry Stanley Kipping
eadbd276,3n1N2/1Q3p2/2r5/4Pk1P/3R1P1K/1bP5/8/8 w - - 0 1,2,Gunter Jordan
55524134,8/1Q6/K1P3r1/4pp2/R1P1kp2/5r2/1N1R1B2/5bnB w - - 0 1,2,Marco Travasoni
149f0e5f,5N2/5p2/q2P1k2/5N1P/3R1K2/n7/4b3/1R6 w - - 0 1,2,
64ae628d,BB1N3q/p2p3b/5nQR/2kP1n1p/1R1p2p1/K7/8/8 w - - 0 1,2,Bernardus Postma
69ee8ecb,2R1B1K1/6p1/3pn3/1N1kPQ2/r5r1/1P3n2/2NPP3/b2R2q1 w - - 0 1,2,Яків Семенович Вільнер
b0f7f219,2KRN3/5R2/4P3/4p3/2P1k1P1/3nbn1r/1p4r1/2QBq1B1 w - - 0 1,2,Herbert Siegfried Oskar Ahues
18e0e702,8/3Q1R1K/q1p1P1p1/1b2P1p1/r3k1p1/4p2R/B1P2P2/B3r3 w - - 0 1,2,Erkki Aukusti Wirtanen
f6cadd6f,6Q1/7K/2p4p/4P2B/2R5/2pkPN2/2R5/N2rr1b1 w - - 0 1,2,Dimitris N. Kapralos
20427dd4,rb5Q/r2p3K/4NR1P/3PkPP1/3R4/3pn2b/1Bp1q1n1/8 w - - 0 1,2,Adolph Jay Fink
adb8b43c,R7/5p1K/q4B2/1Q6/Bp6/1R6/k1P5/8 w - - 0 1,2,Emil Palkoska
efa38fad,8/8/8/8/K3p3/4k2p/4p2B/4Q3 w - - 0 1,2,Олександр Миколайович Дашковський
75d3b111,8/8/1n2P3/1PQP2q1/4k1P1/1P1Np1P1/5bK1/3R1N2 w - - 0 1,2,József Szöghy
ef66b895,8/3K1R2/8/3p4/3pk3/Q4N2/6r1/5N2 w - - 0 1,2,Comins Mansfield
4b30c06b,4Kb2/BQp1p1rp/3k3N/6P1/2B5/2n5/3N4/8 w - - 0 1,2,Antonio G. Corrias
957507b2,8/3k1N2/K2B4/8/8/4N3/B7/8 w - - 0 1,2,Виктор Андреевич Астахов
e46e7678,8/1bn5/1brp4/8/8/2PkP2R/3N2R1/2BQ3K w - - 0 1,2,Julius Buchwald
240a22d0,3B4/8/1K6/4kpN1/8/8/8/3Q4 w - - 0 1,2,John Brown
4e285350,8/6K1/2Q5/4kp2/2p5/8/3B1N2/8 w - - 0 1,2,Чеслав Андреевич Якубовский
fec92c60,QK6/3R1B2/5N2/bn6/k1p5/P1pP4/2P5/R7 w - - 0 1,2,Валентин Викторович Лидер
e1dcf97d,7B/1p3R2/4B2n/1Knp3b/4kp1N/3prp2/2PPQ1P1/8 w - - 0 1,2,Bohuslav Sivák
9acba1fb,3bQn2/8/4n3/p1Pk2p1/2R3p1/1P4pp/N2KN1q1/B1R4B w - - 0 1,2,Arnoldo Ellerman
37d7c872,5Q2/1K6/8/3B4/3p4/1N4p1/p1k2bR1/Bb1r4 w - - 0 1,2,Pieter ten Cate
b7acb27b,2b5/1R2B3/K2P1r1R/N1kP2Qp/6n1/nBPP4/1b6/r3Nq2 w - - 0 1,2,Leon Tuhan-Baranowski
13659468,1K1R2B1/4B3/Qpb1p2q/4k1PP/nr1p2RN/2P2P2/1N4p1/3r1n2 w - - 0 1,2,Volker Zipf
46d19a98,3R3B/2p1p3/q2b1N1K/nB2P1Rp/N1pk3r/2p2Pp1/b1P1Q3/8 w - - 0 1,2,L. A. Woodward
53df1ecc,5r2/n7/2b4Q/4Npp1/2N1k3/2pR2bp/2P2R2/7K w - - 0 1,2,Владимир Николаевич Рычков
2146df78,8/1N1k4/3B2P1/2K5/6R1/8/8/5B2 w - - 0 1,2,Эдуард Николаевич Наговицын
79260dc8,2N2K2/3B1p2/3R4/4k3/1P2p3/4B3/1n6/8 w - - 0 1,2,Павел Павлович Бобров
aff4c2a9,Rb6/3k1K2/Q7/8/7B/8/8/8 w - - 0 1,2,Борис Дмитриевич Пустовой
e75e2053,8/8/8/B6R/5P2/1N6/K2P1rb1/2RnkBQ1 w - - 0 1,2,Юрий П. Голубев
ef6ed46d,4R3/4B3/5P2/r2p1p2/3k4/8/PP3K2/4RQ2 w - - 0 1,2,Александр П. Корепин
467206c1,6B1/1P1p1Q1p/1K1P2nP/1R1Nk3/3nP1P1/B1P5/2P5/8 w - - 0 1,2,Вячеслав Георгиевич Копаев
dd6f01cb,3bN3/3p3R/3Bk1p1/1p2qN2/p2pBP2/8/6n1/3QR1K1 w - - 0 1,2,Валерій Володимирович Копил
aa9a9fcf,b5BK/6Q1/4n2p/1N1kNR2/1rp3n1/2prpP2/5p1B/8 w - - 0 1,2,Norman Alasdair Macleod
5ee8a235,K7/6R1/8/8/4QNbk/8/3p4/8 w - - 0 1,2,Idon Bruno Hovedskou Andersen
511e60fa,6B1/8/1R2Q3/p1K5/2n5/k7/P7/8 w - - 0 1,2,Віктор Миколайович Пилипенко
6da758d0,6K1/1n1pp3/8/5Q2/3k4/6p1/Q7/5nq1 w - - 0 1,2,Erich Anselm Brunner
ecb46a2e,3K2B1/3N3p/3k4/pP6/1n1P1r2/B2n3N/6RQ/5r2 w - - 0 1,2,Štefan Blunár
799c3b7d,1n1QKn1B/r2P2P1/5R2/NpNP4/p2kpP2/b6r/B1R1PP2/8 w - - 0 1,2,Yves Cheylan
dc6cacf5,1B1N4/2N2P1K/1p1n4/pPk1p3/p3r1R1/1bP5/BQR5/8 w - - 0 1,2,Cornelis Groeneveld
c9acef84,8/4k2K/8/1pR5/6B1/B7/7Q/8 w - - 0 1,2,Werner Speckmann
27d005b6,2N1B3/1KB5/8/1p1k1pP1/pP1P1b1R/p7/P7/4Q3 w - - 0 1,2,Gabriel George D. Koltanowski
49693954,8/6p1/5nQ1/8/5B1R/4PkP1/2p2p2/2K2B2 w - - 0 1,2,Марк Борисович Басістий
88de01f5,Bbb2r2/2p1B2p/1p5p/1R2Pk2/2Q4p/2ppP2P/5nRK/3n1N2 w - - 0 1,2,Rodolfo Riva
ad8627ab,1N2b2b/p1B2P2/3p4/1kqQ4/2p2Rnr/P2prN2/5R1P/3B1nK1 w - - 0 1,2,Svend Orvar Thomsen
1c59438a,7B/3R4/2P1k3/4N3/6K1/8/3b4/8 w - - 0 1,2,Валентин Филиппович Ударцев
8f7c48af,8/2BKN1k1/6P1/8/7P/7N/8/8 w - - 0 1,2,Сүхбаатарын Самбуу
85ff0e0c,8/8/8/8/5B2/8/1R5p/R3Knk1 w - - 0 1,2,Andrzej Babiarz
48426a3c,6R1/Kp2p3/pQ1pP2p/3RB2k/7p/7P/3r3b/7n w - - 0 1,2,José Luis Velasco
1757b6cf,8/8/1K6/1P2kbP1/Q2RB3/3P4/6Nb/8 w - - 0 1,2,Zoltán Zilahi
98b6b0ee,8/1p1K1pN1/3n4/2k2p2/4P3/P3P3/8/1R2NBQ1 w - - 0 1,2,Bruno Ghirelli
58362bbf,8/1N1p4/3p4/5Q2/3k4/8/1N1K4/8 w - - 0 1,2,Ferenc Meinärtz
f68315ae,8/8/2P2N1K/5PP1/4PkNp/2PnpnpP/4b1B1/1Q1r4 w - - 0 1,2,Микола Іванович Нагнибіда
0e34265f,3qrn1B/2bbp1R1/7k/6RB/6pK/6p1/8/7Q w - - 0 1,2,Gerhard Maleika
394d2aa6,K1NN4/R3P3/1B5p/p2k4/5P1p/1P3P2/2p1p3/2r5 w - - 0 1,2,Kjell Einar Widlert
f1f28aa3,8/3N1bNB/1K1p2n1/2Pk4/3p1p2/2P1q3/PP2Q2n/2RR4 w - - 0 1,2,Itzhak Grossman
38c765dc,8/8/8/6K1/1N6/3Pk3/4n3/1N3Q2 w - - 0 1,2,Микола Володимирович Кулігін
4389c9ae,2Q5/8/3p4/1p1N4/3kB3/pb1NpK2/3p1b2/q2r4 w - - 0 1,2,Edward Nathan Frankenstein
c82f72a3,8/K1p1Q3/6p1/3NRp2/3kpp2/Np3n1R/1PPp4/3B2b1 w - - 0 1,2,Александр Николаевич Панкратьев
2ff702a5,1B2N1K1/3B4/5pQ1/3kb1n1/1RpP4/n2r4/4N3/2R5 w - - 0 1,2,Pietro Luciano Placanico
6f11a9f0,8/2R5/8/PN3RB1/kp2N3/3P4/8/1K6 w - - 0 1,2,Павел Александрович Мурашёв
aea04d67,3R4/1N6/4k1K1/1r4p1/3p1b2/B4N2/8/3B3Q w - - 0 1,2,Іван Дмитрович Борисенко
2ff1fcc7,1K1R1B2/1n1N1p2/5r2/3pp1Qn/3kP3/1PpN1p2/2P3pq/4R1b1 w - - 0 1,2,Николай Дмитриевич Надеждин
7776e190,3Q4/8/4p3/2N1P3/2kp4/P1N5/3B4/2KR4 w - - 0 1,2,Umut Sayman
2f28a89a,1Q4bb/3pBP2/2pN4/1PP2P2/3k1N2/qpR1R3/1P1nK2n/8 w - - 0 1,2,Vilmos Schneider
352e44c9,1n3N2/1pB2P2/pPk1B1R1/4p2r/P2p3r/KN2P1b1/2b2pq1/n1QR4 w - - 0 1,2,Gerald Frank Anderson
0de34170,1B2B3/p5p1/2P1N1K1/2PkN1p1/r3n1Q1/1P3P2/2R2p2/3nr2b w - - 0 1,2,Валерий Юрьевич Шаньшин
1c398ab1,1n6/2K2p2/p1pR4/B2Nk3/rpQ1B1Pp/b4pP1/3NPr2/4n2b w - - 0 1,2,László Apró
c8fb9e19,B1K5/B4Q2/4p1P1/8/1PpP2p1/3kp2b/2RP1n2/N5N1 w - - 0 1,2,Malcolm Sim
bdb825c7,B7/B2Pr1N1/2R5/qpNnk1b1/8/2p1p1P1/p7/3RQ2K w - - 0 1,2,Joseph Goldschmidt
e5d53b88,4K1k1/5RB1/8/3Q4/8/8/8/b7 w - - 0 1,2,Robert A. Lincoln
bd1fa3f2,5NR1/1q1p1p2/3P1k2/2N1nb2/2P1Q2n/2r4r/1BB3Rp/b6K w - - 0 1,2,Max Hugo Winkler
2f402450,4K3/3P4/p3BN2/Rb1rk1Pp/1Q1Np3/B2p2n1/3P1R2/8 w - - 0 1,2,Ralph Herbert Bridgewater
8b530c64,3R4/7b/3Pp3/pBpkP3/2n1nRN1/8/8/Q5K1 w - - 0 1,2,Вячеслав Карлович Пильченко
90db34e5,8/8/R1B5/Q7/3K2k1/8/6N1/8 w - - 0 1,2,А. П. Сидоренко
f77cef49,5B2/8/K7/8/kpp5/7R/8/1B6 w - - 0 1,2,Юрий Георгиевич Селявкин
77e5f778,2Q2N2/3p4/3k4/3p4/8/8/3K4/4R3 w - - 0 1,2,Николай Чистяков
479f63f2,k1K5/5p2/1P1Pp3/1p1q4/8/1p6/p7/Q6B w - - 0 1,2,Ladislav sr. Salai
c0f197fa,8/3n3N/4Nq2/2n1pk2/5p2/5Q2/B7/5KR1 w - - 0 1,2,Youness Ben Jelloun
71fc6068,5Nkq/4B3/6KQ/8/8/8/8/8 w - - 0 1,2,Олег Павлович Сакс
cf227f07,5K2/b1Q5/4pR2/3b2p1/1BPk1p2/1P1p4/3N1P2/4r3 w - - 0 1,2,D. Harry Rosenkilde
ca85ef4a,8/1r1nN3/5q2/4b3/1PNkP1Q1/3P4/2K1n3/7b w - - 0 1,2,James Pierce
9fa34cf0,6Q1/8/8/5N2/5k2/5PN1/5P2/3K4 w - - 0 1,2,Вячеслав Карлович Пильченко
c370b81e,1R6/2N5/2B5/2n5/2bk2N1/2n2P2/2P5/B6K w - - 0 1,2,Ladislav jr. Salai
2425f0ee,8/P7/1Kn1R2R/2NkP3/N1p5/4Bn2/1b1PP3/3Q1B2 w - - 0 1,2,Giwi Mosiaschwili
2527819f,5N2/8/2B5/2P1k1nn/6P1/1Kp1B3/Q7/8 w - - 0 1,2,Arthur P. Silvera
7c1fd462,2N1k3/6p1/8/2pK4/2p5/1pR5/n2R2P1/3N4 w - - 0 1,2,Jacques Rotenberg
992d05e0,4R3/5p2/5k1K/r6p/8/1p3N2/8/1Q6 w - - 0 1,2,Gheorghe Nicolaescu
562ba941,8/1pP2K2/4B3/1P1Rp1PN/2PBk3/2pp2r1/1P2P3/r2RN3 w - - 0 1,2,Zoltán Labai
6f41f477,7k/4p2P/3p2P1/5P1N/5K2/4B3/8/8 w - - 0 1,2,
de188121,8/5K2/8/7k/6pB/8/5Q2/5r1R w - - 0 1,2,Werner Speckmann
1c48858c,8/8/8/2Q5/B2pk3/2P3K1/8/8 w - - 0 1,2,Суюнбек Исмаилович Болотбеков
f9ed6d4d,6q1/2b1Qn2/2r2Pp1/B1Np1R2/2Bk4/1p2n1N1/1r4p1/2Rb2K1 w - - 0 1,2,Petrus Overkamp
9e4bf79f,4K3/2p5/R1nPp2R/2p1k1p1/r7/1nPQP1NN/B2q3B/8 w - - 0 1,2,Alexandre Dobordschginidse
c95a4e88,2N1K3/1p2p3/3B4/n2kNP2/4p3/1P2P3/b7/5B2 w - - 0 1,2,Émile Léonard Pradignat
ea8169ff,5Q1K/3rn3/1BbPpnp1/4kNNp/8/1B1P2P1/qb3P2/8 w - - 0 1,2,Juraj Brabec
c9ebb96d,8/8/8/5R2/2N5/4K3/6N1/3k4 w - - 0 1,2,William Edward Lester
103f82a9,K4RQ1/1Np4p/8/1B2p2p/3Pk3/8/1nn3bp/B2N2q1 w - - 0 1,2,Alexander Pituk
3045b633,7q/3N1B1p/6PR/4QNkn/R7/8/7b/3K4 w - - 0 1,2,Gustaaf Josephus Nietvelt
4be4aefd,4br2/1B1p2B1/3p3r/4p2p/1Ppk1P2/3N2R1/2R2Nn1/1Kb5 w - - 0 1,2,Joseph A. Wilhelm
efa9a0b2,6k1/6P1/3P2RK/7P/8/8/8/8 w - - 0 1,2,Ernő Szentgyörgyi
0e9b1c4c,1K6/1Q3n2/2R5/4k3/2n2N2/6P1/2B5/8 w - - 0 1,2,William Johnstone McArthur
f3e7e3e3,B2B2q1/3p4/1p2n1R1/Npkp1N1Q/4n2R/P1p1p3/8/K6b w - - 0 1,2,Leopold Mieczysław Szwedowski
8bfecc86,8/8/4p1R1/R1nb1k1P/1b1P4/3pPN2/3N2K1/5Q2 w - - 0 1,2,John Michael Rice
629aabab,5KN1/8/5Nk1/6pn/8/4n2Q/8/8 w - - 0 1,2,Otto Bernard Wurzburg
f1a360af,n7/8/3R1p2/rk6/pPp2N1Q/b7/1pN1b3/1K6 w - - 0 1,2,Леонід Аврамович Любашевський
28cd61ae,n5B1/2BK2n1/1pPN4/q3k3/1Q1NpRp1/b4pPb/4P3/3r4 w - - 0 1,2,Jacobus Haring
9c8bcc0f,8/8/5pK1/p4R2/Nb2B3/4P3/1N1rk1p1/2Q1n1Bb w - - 0 1,2,Bertil Ernst Elmgren
d81cc215,1BN1B1q1/6np/1R6/1p1kP2r/1P1p1R1b/N3pK2/4P2Q/8 w - - 0 1,2,Róbert Pikler
9704d741,B2Q4/1r2pP1K/2k3p1/1N1p4/3B4/2N4b/qn5b/8 w - - 0 1,2,Norris Easter
d2d7a3ed,KN6/1RNp4/p2pr3/1p1p2bR/1PkP4/P1P2P2/2BP4/8 w - - 0 1,2,Stefano Mariani
16cac764,1r4bn/3R1nK1/B3p1Q1/R4r2/q1pNk1N1/p3B1P1/3bP3/8 w - - 0 1,2,Живота Танић
72c1c66d,2n4K/2R1p3/2n1Np2/2PkBP2/2p1p1N1/b7/3P4/3Q3b w - - 0 1,2,Виктор Иванович Чепижный
f4dd2429,5Q1K/8/4p3/pp2k2N/1r6/Bn1PbB2/2N1P3/2nr4 w - - 0 1,2,Михаил Васильевич Кройтор
f642b529,5R1N/3p2r1/4p3/3RPp2/4NkPP/3p3B/5PQ1/1b3nK1 w - - 0 1,2,Mario Righi
d4204dfc,4Q2B/n4p2/1R2bq2/3k1p1R/1Pp4N/2p1PPb1/2K2pBr/8 w - - 0 1,2,Павел П. Кондратьев
e7430427,8/6p1/1N2p1P1/1nK5/1rp5/1Bk1NQ1R/P4q2/2BRb3 w - - 0 1,2,Hans Johner
8489db74,8/4N3/3P4/K5B1/QP1kbrR1/2p1Np2/2R2p2/5B2 w - - 0 1,2,Charles Sumner Jacobs
5e3d5dea,3R2bK/6B1/N7/5N1p/P1krrR1P/pp4Q1/1b1pP3/1q5B w - - 0 1,2,Barry Jack da Costa Andrade
4aabd6cb,8/3p4/1Q6/3k2K1/8/4P1B1/8/3B4 w - - 0 1,2,Robert A. Lincoln
c82dce62,1nR5/b2pp3/6bR/1pNk4/1P1p2p1/1p4B1/4Q3/5K2 w - - 0 1,2,Herbert Siegfried Oskar Ahues
3d28943c,2Q5/K4p2/8/1PB5/B3Pr2/2k5/3RR1pq/6b1 w - - 0 1,2,Cyril Henry Stanley Kipping
194b93e0,2R5/qP1N3K/2NkB3/ppp2Pp1/8/4b3/3Bp3/3R4 w - - 0 1,2,Philip Barron
32ddcd6a,1b6/Ppp4n/1Q2N3/3pk3/5R2/7P/4K3/8 w - - 0 1,2,Klaus Peter Hoffmann
e1733ec2,8/Pp1bR3/1pk1p3/1N1qRN2/B2pQ3/1p1K1p2/1P3B2/8 w - - 0 1,2,Ferenc Böhm
9df12595,4KNn1/n7/4Nk2/2p2pbp/2Pp1p2/2B2P1q/3P4/r7 w - - 0 1,2,Josef Drnek
3ce92ab8,8/1PN1k2P/4B3/4B3/8/8/8/3K4 w - - 0 1,2,Талип Хасанович Амиров
2287e77a,3B3b/2p2r2/2p3p1/P1k1N3/1pPR4/1B3r2/4N2Q/K1R5 w - - 0 1,2,Miklós Schoblocher
60d7bc2d,5b2/8/2R5/1pnp3R/1P1kN1n1/K4p2/1PQ3b1/2B5 w - - 0 1,2,Александр Фёдорович Феоктистов
38214f5a,8/3p4/Q2p4/1RrpRB2/3k2K1/1P6/1P6/8 w - - 0 1,2,Sámuel Gold
72d1bc17,2QK2b1/1p6/1p6/3k4/1PNp4/3pbP2/q2n1NR1/7B w - - 0 1,2,Василь Васильович Дячук
8d9be9a1,2B5/6p1/4Q1Kb/1p1q2p1/PPkpRpR1/5PP1/N1P5/8 w - - 0 1,2,Gerald P. Bowell
dfe15a74,1Q6/5pp1/8/5kNR/3K4/8/8/8 w - - 0 1,2,Emilio Battaglia
46917d47,6K1/8/7B/1pN4B/6Qp/4NP2/4kqnR/R3bbn1 w - - 0 1,2,Comins Mansfield
35df7fe3,6R1/3nR3/Q7/3rprp1/3p1k1b/q3pn1B/3B1NPp/5N1K w - - 0 1,2,Ján Kovalič
9986d200,6B1/7N/5Pkp/1r5p/r5pP/3RN3/1pR4b/1Q5K w - - 0 1,2,Jerzy Konikowski
6215a262,1N5K/4ppQ1/1PB2n2/b1k2Np1/1R4P1/1Pn5/2P5/2B5 w - - 0 1,2,Pedro Riera y Riqué
56ced747,K7/3Q2b1/5p2/6P1/R2BN2k/6pN/5nR1/3B4 w - - 0 1,2,John Michael Rice
3bad1173,KB6/p3p2n/2R1Nb1R/1P1k2pQ/r2P4/7p/2P2N2/4n2b w - - 0 1,2,Віктор Олександрович Мельниченко
136561f9,8/8/8/3Q3P/5R1B/KR2p1q1/3P1N2/3Bk3 w - - 0 1,2,Лев Ильич Лошинский
538ec972,B3K3/3p1p2/1Qnk4/2pPp1NR/b1r5/3q4/3N4/3R4 w - - 0 1,2,Константин Григорьевич Гаврилов
3c4f93ed,8/5n2/7B/4kP2/8/Q7/7K/1B6 w - - 0 1,2,Nikolaj Zujev
98f12b19,1N3B2/P1p1r2r/3n4/P1kb2R1/Kp6/1pb1P3/1NqP4/2R2Q2 w - - 0 1,2,Åke Hesselgren
995388a8,B7/6r1/1Q1PPB1N/5b2/4PkpR/5P1R/7K/2b5 w - - 0 1,2,Marco Guida
6c6353c9,8/NKn3p1/2PB2P1/2P2p2/1PpkqN1Q/1prbR3/1Pn1PP1p/2R4B w - - 0 1,2,Otto Nerong
893d8377,K6B/7B/2Qp4/2p1n1p1/3Rn2r/2k1Nb1R/PbNp4/8 w - - 0 1,2,Antonio Piatesi
817179d2,2q2n2/2p1QRN1/2B1b3/p3r1p1/p2P1R1B/4k3/2Ppp3/KN2b2n w - - 0 1,2,Henry E. Funk
184fc72b,2R2qn1/3pp3/2B5/1P2P3/Pp4p1/1Nk1rn1R/KNp5/Q5Br w - - 0 1,2,Georg Fröhlich
fc7dacc0,8/8/Bp2qBN1/4Pk1p/3RN1R1/r2bPp1n/pPQ5/K3b3 w - - 0 1,2,Василь Васильович Дячук
5c10af9f,7k/5r1p/5P1N/7K/8/8/8/B7 w - - 0 1,2,Александр Григорьевич Андреев
10ae6b84,1N3k2/4RP1K/4R3/4n3/8/8/8/8 w - - 0 1,2,Tibor Schönberger
d0032a98,K5Q1/1p6/bB3RN1/8/3nk2r/R7/3p4/1N1qr3 w - - 0 1,2,David J. Shire
e3efc7db,2Qbq3/RNn5/1p1B4/1kNP4/8/P4n2/4b2p/1BR4K w - - 0 1,2,Erwin Groß
cfc72ce7,b7/7K/3nNp1N/p3kP2/r7/p3P1n1/B1Q5/4R3 w - - 0 1,2,David jr. Booth
28c4fa0b,8/2rp4/6p1/bQRpp1R1/3kp2N/2N5/2n1KP2/1B6 w - - 0 1,2,Иван Иванович Стороженко
67485eb9,5n2/2Qb2RB/1p3r2/B3P3/3k4/2NN1P2/2P2P2/1Kn5 w - - 0 1,2,Ļevs Ulanovs
0291e88e,1B6/5B2/1p1p1p2/1K2k3/1Rn2bR1/pN1p2N1/6n1/4r2Q w - - 0 1,2,
ad5faa0f,4K3/pN1Qp1P1/2p2p1b/1b1NP3/1R1pk1P1/1B1p3R/4P2B/q1r2r2 w - - 0 1,2,Michael Keller
f07afcca,1K6/N2p2R1/1nbk1B2/2p2P2/2p1p1P1/2Nq4/r6b/2QR4 w - - 0 1,2,Израиль Давидович Каценеленбоген
ff0e1971,B2n4/1r5p/N2p3R/3k1p2/P7/Kn3P2/2N1Q3/8 w - - 0 1,2,Martin F. Lindeberg
46c78f8f,8/4p3/2K1RP2/2Np4/3k4/1PpNp3/p3pp2/4QBB1 w - - 0 1,2,Dragutin Bišćan
38d4a4cb,3B1b2/4q2Q/6Rn/5k1p/3K4/2PNPP2/2R5/1B1N3b w - - 0 1,2,Oskar Wilhelm Brenander
2c9b051e,2B5/1R6/8/8/5p1p/Q4N1r/6kp/4K2b w - - 0 1,2,Karel Peter Traxler
26147c2d,3K4/3Np3/2R2Pb1/1P1k1B2/1P1q1n2/1P3P2/1QNrn3/2b5 w - - 0 1,2,Pedro Fastosky
df9468bb,R7/6Pq/8/5p2/6rr/2NNp3/B1p4p/k1K2n1b w - - 0 1,2,Máximo Borges Minhava
1a952c75,8/8/8/4p1P1/2p1P1PP/6RP/2Pk1N1Q/6RK w - - 0 1,2,Николай Александрович Быков
c7f69fac,8/8/N3K2B/8/3Pk1pQ/NnP2b2/3Pr1P1/5B2 w - - 0 1,2,
ff31ddc1,2R5/8/8/8/5K2/3p4/3kP3/2N4R w - - 0 1,2,Марк Рейтман
c1864b9c,6r1/7p/2pN1P2/2KQPbp1/1N1P1kpP/2pp1p2/5P2/4r3 w - - 0 1,2,Lajos Riczu
a478d51e,2qb2N1/K1pNB3/BPk1Pp2/Rp1pPP2/bp6/7Q/6P1/8 w - - 0 1,2,Salman Cavadzadə
adca9344,K1BQ4/3pp3/p4r1B/r1n2k1P/ppNnR3/q4b2/3N1R2/8 w - - 0 1,2,Otto Oppenheimer
088b1d03,3K1R2/4NN2/3P2r1/4B3/2p1k3/n1Q5/2n1B3/5r2 w - - 0 1,2,Vojtech Katreniak
b1093a70,1R2B1Q1/5r2/N2k4/5P2/5P2/6N1/8/6K1 w - - 0 1,2,Adolf Leonard Ahlbom
cd3e8cce,2N1R2K/n7/R2P1P2/3kbn1N/BPp3Q1/B3P2p/6qp/8 w - - 0 1,2,Alexander Pituk
10fba1cc,5n2/4N3/1n1p1p2/Q1qbk3/3NB3/2R2PK1/1B6/3R4 w - - 0 1,2,Matthieu Leschemelle
cd5e6c70,1N5r/P2p4/2n1n1B1/1Rpk1N2/2pP2P1/4R1P1/8/1KQ5 w - - 0 1,2,Николай Иванович Бельчиков
03f20f2b,8/4Q3/B1p5/3k4/8/8/4N1K1/8 w - - 0 1,2,Іван Григорович Осауленко
0ec121f4,8/8/8/B3N3/5n1b/3p1p2/1K1pPR2/R2NkBn1 w - - 0 1,2,Вячеслав Карлович Пильченко
feb9be4a,2n5/8/1n4Q1/2Bkp1Pp/1Pp4R/K7/B7/8 w - - 0 1,2,József Bajtay
b624ac61,4B2b/3K4/3N1p1R/3p2k1/7r/3pRbp1/3Bp3/Q7 w - - 0 1,2,Godfrey F. Heathcote
2b074ca3,1KBk4/8/2bN3n/4R3/8/8/8/8 w - - 0 1,2,Max Otto
df7fe127,4n3/7b/2KpNn2/Q3Bp1R/2Npk1p1/4b3/R7/5B2 w - - 0 1,2,Alessandro Fasano
5e4eb147,8/KQ4p1/p7/R1P5/3kp1N1/2p1pR1r/2PpqP2/7b w - - 0 1,2,Johann Bernhard Michael Schneider
bd9255ca,8/1N2p3/R1R1K3/1p4p1/PkP5/6Q1/1P6/1n6 w - - 0 1,2,Halvar Hermanson
c8f4cd1a,4B3/8/3Q2N1/6p1/R3b1k1/6N1/8/6K1 w - - 0 1,2,Nicolae Popa
3f07a20f,7R/8/8/8/6Rp/7p/5K2/7k w - - 0 1,2,Миливој С. Нешић
01b78fe1,b2R3B/3np2B/5n2/KQ2Pr2/1p2k3/5Rp1/2N1p1p1/b7 w - - 0 1,2,Jan Hartong
1f9c8eeb,8/3p4/B1pBk1K1/6pp/6r1/1N1Rb3/8/7Q w - - 0 1,2,Philippe Robert
5bafd433,2b5/5Qp1/3pPnN1/2BkN3/8/PK6/1P2P3/1BR5 w - - 0 1,2,Johannes Jacob Rietveld
fdc7a9ca,Q1B1R3/2N5/K2n2P1/2R1N2r/5kpB/3p1p2/5P2/1b2r3 w - - 0 1,2,Vincenzo Tinebra
e33dd4af,2R1Q3/1pn1B3/nrrP3K/2kN4/1p1N4/1p1PP3/8/7B w - - 0 1,2,Arnoldo Ellerman
061fafd3,K2k4/3P1n2/3R4/8/8/8/8/1Q2B3 w - - 0 1,2,Oskar Blumenthal
2a45d41b,KB6/8/8/5N2/8/5Qpk/5b2/8 w - - 0 1,2,Анатолий Васильевич Слесаренко
edc02479,8/7R/3pkp1B/4p3/1K6/5Q2/8/8 w - - 0 1,2,Владимир Владимирович Кожакин
6aa9086b,b1Rr4/bnqpN2p/B7/1r2p1QK/1pk5/nNp5/2P5/8 w - - 0 1,2,Geert Smit
ac62d8b4,8/K1p5/B4NR1/1PkP3r/5B2/P1P1P3/bN6/2r5 w - - 0 1,2,Ісаак Ілліч Кавнатський
21aed85a,B4B2/rr2p2K/1p4p1/nN1k1nR1/3N1P2/1bQP4/8/8 w - - 0 1,2,László Schór
c4b394f6,3R3B/2p5/2pb1N2/Q1R1N3/2Pk4/3P4/P4P1K/8 w - - 0 1,2,Frank Richter
54d7b8cb,4R2K/B3bp2/1R3npN/p7/3P2r1/r1n1k1P1/q1b3PP/1N1Q1B2 w - - 0 1,2,Лев И. Соколов-Барданов
64b5f5b3,8/3p4/1Q1P2p1/3kpbR1/6p1/6K1/P3NN2/5B2 w - - 0 1,2,Gustav A. Barth
816bbd2a,1Q6/8/3K4/pP2N3/1k1N4/r1p5/P7/8 w - - 0 1,2,Ján Valuška
268cab03,Q7/8/1K6/4p3/2pk4/5R2/8/8 w - - 0 1,2,Edward Samuell
e2120084,8/1b6/2p4r/1B6/8/K3p1Bp/1NR1rpRN/nQb1k3 w - - 0 1,2,Thomas Maeder
7c1f3f5b,1n6/4R1pK/5pN1/1BPk2Np/1R5q/r2b1P2/8/1n1Q2B1 w - - 0 1,2,Lars Aksglæde Larsen
5f2de643,6B1/1Q6/8/3n4/8/K1P1p3/1Bb1N3/1k6 w - - 0 1,2,Cornelis Groeneveld
d33fbe0c,8/7N/4n1N1/4bp2/2K1k3/R2nB3/1p3PP1/8 w - - 0 1,2,Николай Николаевич Акимов
fd17a130,8/8/3K1p2/8/3k2b1/2R1R2N/8/8 w - - 0 1,2,Robert A. Lincoln
4b047c07,3b4/3R1p2/1pB1P3/2RKP2r/b5Q1/Np1kB3/1P1n1P2/1n6 w - - 0 1,2,Ewgenij E. Leunas
aa735ba1,r7/1N1p4/n3nr1Q/6q1/P1k1Bpp1/bR6/P7/1K1RB3 w - - 0 1,2,Villy Charles Esbjørn Nielsen
fab1d531,r3k2r/4b2n/1RP3PN/Bqp1Qp2/2p5/8/3R1K2/8 w - - 0 1,2,Федір Михайлович Капустін
d3741f06,8/R3P3/2pP4/1pPk2K1/1B6/5N2/5P2/2N2B2 w - - 0 1,2,Laimons Mangaļis
ca3103d3,4b2K/1r5p/2B2Q2/R2p3r/n1kBN3/1pp5/1RN1Pp1b/q4n2 w - - 0 1,2,Francesco Simoni
3e569367,8/8/1N6/5p2/R2BkN1R/3n2K1/rQn3P1/1B3r2 w - - 0 1,2,Santi Pirrone
383742d2,6Q1/B3p3/2B5/2qppp2/n2Pk2K/R6p/4PR2/1b1n1r2 w - - 0 1,2,Allard Pieter Eerkes
aaa71e01,1BB2K2/1b1PNnN1/6pp/R3n3/r3QpkP/7R/1b2P1P1/1q6 w - - 0 1,2,József Szöghy
95806758,6b1/3Q1Bn1/2P1Pb2/rp2NRpP/1p1pk2p/3p2R1/5PPK/2B2N2 w - - 0 1,2,Waldemar Mażul
3312e87f,8/1b1p1Bn1/3b2K1/R1p1k1p1/2R5/1r2p3/4QN2/6r1 w - - 0 1,2,Hrvoje Bartolović
8f6e5120,7B/1pN3n1/q1p1PRpb/2P1kPP1/1p6/p1R1P1N1/Q3P3/7K w - - 0 1,2,Олег Iгорович Ковбаса
68f58dea,8/2pN2b1/Kp6/2p5/Npk1n1nQ/1p3B1q/8/3RR3 w - - 0 1,2,Сергей Иванович Пименов
ae62da34,Q5b1/7r/6rp/3R2nR/1N1PkP2/1K5p/8/2BB4 w - - 0 1,2,Herbert Grasemann
165ef142,BN2b1Q1/3P4/P2np3/P1k2NBR/K1Pn4/8/8/2R5 w - - 0 1,2,Marcel Segers
897ed3a0,3nK2R/5p2/7R/1Pk5/P3QPp1/4qrN1/B2BN3/4b3 w - - 0 1,2,Дмитрий Витальевич Жилко
2bc07c61,4n3/B7/6pK/R6N/3Nk3/1B1pP2P/5br1/4RQr1 w - - 0 1,2,Ernst Bachl
e060e139,B1R5/N4p2/pp1K4/1b4N1/1ppk4/2rr1p2/R2Q1Pnn/B7 w - - 0 1,2,Robert Hoe Seymour
5b92aa36,Rb1Q4/p1P2Bp1/1P1P4/4K3/4P3/3N4/8/kr5R w - - 0 1,2,Willem Hoek
6af354cb,8/6Q1/8/8/k2K4/8/8/8 w - - 0 1,2,Tivadar Kardos
036c4ffd,b5N1/5Q2/R1nk3K/2N5/1b6/Bn2P3/3P4/3R4 w - - 0 1,2,José Tolosa y Carreras
c3ac05db,7K/6N1/5pk1/8/8/4QP2/8/8 w - - 0 1,2,Юрий Александрович Жарков
af84866a,8/N3Q3/8/1K1kp3/BPR2p2/NP3P1b/1n2p3/Br6 w - - 0 1,2,Ján Golha
27d16cf2,8/8/n4N2/4p3/6N1/1QPk2Kn/3p4/3B4 w - - 0 1,2,Vladimirs Romanovskis
228b53d7,8/2p1q3/B5Qr/B3R3/3p4/p2PNp2/1P2k3/KR1N1b1n w - - 0 1,2,David Hjelle
c71e2496,8/1p2p3/3p4/1K1k3n/7R/4Rr2/3b2Q1/5nBb w - - 0 1,2,Евгений Павлович Сорокин
2c47e65d,1n1B4/7q/3kp3/R1NpN3/5P2/K1P2Q2/8/8 w - - 0 1,2,William Kurtz Wimsatt
38189aa4,8/p2N4/Q3R3/8/3k4/7N/8/2K5 w - - 0 1,2,Heinz Brixi
90f71f80,B7/R7/1RK5/4k3/6P1/8/6Q1/8 w - - 0 1,2,Валерій Володимирович Копил
5fc5ab69,8/2p2b2/4p3/K4N1r/2QNk3/1p1RPp1p/2p4B/8 w - - 0 1,2,Antonio Bottacchi
bd018d4d,8/1q4b1/8/1p6/n2kP1QR/1pR5/1Pb2P1B/K3N1n1 w - - 0 1,2,José Antonio López Parcerisa
e5fcf7fe,8/2P5/3p1R2/2nNk1p1/6P1/1p1PKP2/1P3N2/Q6B w - - 0 1,2,Анатолій Лазарєвич Саркіц
a8b1dc7d,1B4Qn/p2Np2K/1R2P3/1B1k1N1p/1b1P1P2/rb1n4/4R3/7q w - - 0 1,2,Byron Zappas
164c88fd,8/1B2b2K/1NR5/3Rr1p1/3rk3/4p3/6P1/1b3Q2 w - - 0 1,2,Geoffrey R. Foster
e5ff0c70,2N1K3/2p2p2/5pPB/2k5/2P5/P2pp3/6n1/8 w - - 0 1,2,Brian David Stephenson
b7744b3a,1B6/4Q1R1/2p1bp2/2K2k2/5p2/2N5/4P1np/7B w - - 0 1,2,Chithathur Gopalan Sathya Narayanan
3d0c3cd5,2B5/8/4p1p1/2p1k1P1/R1PR2K1/B7/2P5/8 w - - 0 1,2,Nicolo Sardotsch
31510271,Q1Nb4/p3pR2/3pp3/2B1kppb/1N3p2/1K4P1/2B2R2/4n3 w - - 0 1,2,Wacław Hebelt
37cb3766,6nB/2RK4/5pp1/1p2k1p1/1P2n1P1/2p1PQ2/2P5/8 w - - 0 1,2,Edward Millins
a3118234,5r2/b1pB4/K1p5/1N2k1Pb/3Rp1p1/P1PP2P1/6q1/2BNR1Q1 w - - 0 1,2,Abdelaziz Onkoud
18ef6ecb,2b4b/3p1K2/RN1kP3/4Rp1n/1prp2N1/1qp2B2/7Q/8 w - - 0 1,2,Godfrey F. Heathcote
12bc723f,b7/6p1/1p6/N5Q1/3kp3/4R3/4K3/8 w - - 0 1,2,Štefan Vincze
2a9bb9a0,8/4pN2/Q4b1R/4pk2/2P2P2/2pR2P1/2K4N/1B6 w - - 0 1,2,Karol Mlynka
db78d10e,6Bn/3p1q2/p2P4/P1pk4/3N1Q2/BP2R1p1/3pP1P1/3RbK2 w - - 0 1,2,Edward W. Beal
99027697,4R3/5pp1/2N2kbp/KQ6/1P2p3/2b3R1/pB3r2/q7 w - - 0 1,2,Duncan Pirnie
e77a0829,5QR1/2P5/K1p5/2B5/k2n1p2/4P3/3N4/8 w - - 0 1,2,Григорий Александрович Промышлянский
6d200fce,8/4K3/8/7n/8/4N3/1R2P2R/4k3 w - - 0 1,2,Jan Robert Mortensen
5bfd2788,2K5/4p2Q/5k2/7R/6P1/7N/8/8 w - - 0 1,2,Євгеній Михайлович Богданов
9a6b4937,6b1/3n2B1/4P3/1r5k/1p3p1p/3Q1P1N/7K/3B2n1 w - - 0 1,2,Willy Paul May
5ad5a840,5N2/7p/1P2P3/2QpkpnN/1P6/1p5B/1Kb1PPr1/B7 w - - 0 1,2,K. Sujitno
2682693c,3Q4/b7/1B1pR2N/2npP2p/3kP3/KPR3n1/1p2rp2/1N3B2 w - - 0 1,2,Johannes van Dijk
55c32334,4R3/1B1pKp1p/1Np4P/pn2k3/p5RN/P3P3/8/4Bn2 w - - 0 1,2,Carl Bilfinger
dee9787b,7B/1B6/5Q2/b5P1/1p2N1p1/1pp1kbp1/1N1n2P1/4K3 w - - 0 1,2,Виктор Юрьевич Лукьянов
c6480194,2N1R1Bn/2p2n2/2N3p1/1P1kP1P1/1K2p3/4P3/8/8 w - - 0 1,2,Allard Pieter Eerkes
d9715ed5,6Q1/2b3p1/Rq3k1p/4nnrP/3R1P2/5p1B/1B3Np1/6K1 w - - 0 1,2,Robert Rupp
c174a311,4Q1N1/pqp1p2r/1pn1k2r/1N1R2R1/B7/2p5/8/K5b1 w - - 0 1,2,Hubert Gockel
2d760868,4r3/6p1/2p5/2R5/4k3/1NP1N1K1/2P2P2/2b5 w - - 0 1,2,Ralf Aschemann
063cb51a,1KBnb3/R1P1PN2/1pk1N3/1p1p1P1n/3R2pq/2r3bp/4Q3/8 w - - 0 1,2,Tibor Ébend
71a9419a,8/8/3K4/8/5N2/6kB/4QNP1/8 w - - 0 1,2,Євген Сергійович Орлов
fcab604f,4n3/2N4B/R3n3/2r1k3/8/7b/5R1K/3QN3 w - - 0 1,2,Emil Luukkonen
f8ba62f9,3N4/8/3B4/2pkpN1Q/8/8/P2K2P1/8 w - - 0 1,2,William E. Arnold
132c7209,8/1N1n4/3K4/2pn4/2R5/2pk4/Q3N3/2B5 w - - 0 1,2,Tivadar Kardos
8292bd58,7R/qP6/8/P7/4P3/5N1K/6PB/5B1k w - - 0 1,2,Милан Велимировић
48ebf3cf,5NK1/1bp5/3p4/pBPkpp2/pP1P4/2P2P2/8/7Q w - - 0 1,2,Alex Casa
8eec63df,5n2/4N3/3ppp1B/R1bbkrpR/4p3/4PpPQ/5P2/6K1 w - - 0 1,2,Lennox F. Beach
b81d5d13,8/8/8/8/B2K4/2Q5/1p6/1k6 w - - 0 1,2,Butwillo
f6d79dc7,8/1b6/3N4/8/3N1p2/2PkPRn1/3B4/K3Qn1r w - - 0 1,2,Hans Franz Lange
1ed56fa3,4B1b1/8/1K1p4/pR6/P4p2/1p5q/k2P2R1/2Q1N3 w - - 0 1,2,Николай П. Малафиенко
9d3fed5f,3Bn2K/2Pp4/3Nk1P1/R3P2R/p2P4/Qb2n3/7b/7r w - - 0 1,2,Cornelis Groeneveld
d20ee29c,N7/8/PP6/kN1Q1R2/1p4R1/p7/3p3K/8 w - - 0 1,2,Виктор Иванович Чепижный
0833bcae,3q4/2pr4/5r1Q/PPB1b1nB/KNk5/1N4R1/1P4bR/8 w - - 0 1,2,Евгений Александрович Петров
00b06973,1B2NN1K/5B1p/2p5/5R1P/np1k3r/4R3/1b1nPP2/3rQ3 w - - 0 1,2,Josif Michailowitsch Kricheli
b29bd18f,8/8/6K1/4N1p1/7p/7k/5Q2/8 w - - 0 1,2,Robert A. Lincoln
d69bba5f,1rR4q/nn1N2Bp/2b5/2P1p1bQ/2k2r2/1R1pp3/K1N5/7B w - - 0 1,2,Wacław Grzankowski
25efa055,2N5/2R1Kp1n/3p2p1/1r1k4/1ppB1QN1/4pb2/3n1r2/4q3 w - - 0 1,2,Johann Christoffel van Gool
642b5a36,6B1/2K1kP1R/8/5p2/4bP1N/4R3/4P3/8 w - - 0 1,2,Lajos Szász
3023d368,K3B1bB/5p2/4p3/p3Nk2/3p2R1/5p1P/8/q7 w - - 0 1,2,Herbert Siegfried Oskar Ahues
195fb267,3R4/Pp6/qK6/rp6/1R2p3/k3p2P/PQ2N3/BBN5 w - - 0 1,2,Uri Avner
0de5a671,8/3K4/5BQp/8/4Bk2/4p3/4P3/4br2 w - - 0 1,2,Hrvoje Bartolović
a9e567ed,6n1/P2P1P2/2pb1pq1/R1Bk1B1R/3Pp3/1K2p3/8/8 w - - 0 1,2,Jean Roche
8fe944c1,8/R3P3/K2p4/3k4/8/2Q5/8/1B6 w - - 0 1,2,Josef Kupper
e41ae88b,1N6/1nBP3r/4P3/P1kP1p1p/Pn1R3K/5N2/4Q3/1r3b2 w - - 0 1,2,Ján Valuška
c4d02707,4Q3/3p4/3Pb3/2p2N2/8/p1r2p1N/R1P1kP1p/2KR3n w - - 0 1,2,Pieter ten Cate
30f1deca,8/1N1p4/K1PR4/1p3PRB/n2Pkq2/2Q5/N1PB4/2n5 w - - 0 1,2,Bas den Toom
c30e0e09,B7/2Q2nB1/R2q1r2/2p1k3/R1p4N/7N/4K3/8 w - - 0 1,2,Christopher Richard Benson Sumner
a4a0f782,7Q/2p5/p1p1K3/rkBnn1R1/p3Bp2/P7/2R5/3Nr3 w - - 0 1,2,Touw Hian Bwee
141f224e,8/8/8/8/2K4p/R4B1p/1B3k1N/8 w - - 0 1,2,Lajos Riczu
eea24a5a,R7/3pN2P/K2k4/8/4R3/8/8/8 w - - 0 1,2,Willem Hoek
f75bc808,1Q1Nn3/p7/8/K1kb3R/1p1nq3/1R1p4/BP1b4/2N3B1 w - - 0 1,2,Hermann Axt
8455ecfc,5n2/2Q1p3/1p6/1R6/p2k2Kp/8/2B2P2/8 w - - 0 1,2,Frank Healey
dcdedb8c,4NN2/4p3/4B3/3pkp2/K3p2P/4Q3/2P5/8 w - - 0 1,2,Jozef Taraba
9f24ad23,K4B2/3R4/2P4Q/3PN3/3kq1P1/1P6/1P3N2/5n2 w - - 0 1,2,Róbert Kintzig
7da1ca5e,4nQ2/K1N2bq1/4R3/1Bpp4/1b1k1p2/pr6/2RP1N2/2r3B1 w - - 0 1,2,Suaminatha Subrahmanyam
8bc559f0,3B1N2/3p3Q/2p2rp1/6k1/rR1n1N2/7B/q1b1PR2/b1n2K2 w - - 0 1,2,Francis J. C. de Blasio
e701d8c2,4R1B1/q7/2Q1n2p/3pb3/N3kpP1/2pnpN1R/P1P5/K7 w - - 0 1,2,Константин Григорьевич Гаврилов
dcaf6242,Q3N3/K1p3Pb/5p2/R7/4Pk2/4N2p/1B2PPq1/6RB w - - 0 1,2,László Apró
1ed06501,Q6b/1B4B1/3pN3/KN1q1R1P/R1b1k3/2n1r2n/2P5/8 w - - 0 1,2,Семён Семёнович Левман
adae1e86,4q2B/R5Qn/4k3/b7/3R4/p2B1n1b/K7/8 w - - 0 1,2,Emil Hoffmann
0e26f0d1,3b4/2B4r/2B5/8/3P1R1N/R5Pk/4P3/5b1K w - - 0 1,2,Kabe Moen
92dd40fd,8/8/2pN4/2B5/5r2/1p1k2N1/1K1p3p/2n4Q w - - 0 1,2,George Frederick Harold Packer
2146bca0,4n3/1p2K3/1P6/4kp2/1N2p3/8/3Q4/8 w - - 0 1,2,Adolph L. Decker
a58da195,3K4/8/4k2N/R1P2RpP/1P1p1p2/3P4/r3rN1Q/8 w - - 0 1,2,Elihu S. Maguire
e88f19ae,8/6q1/4pN2/4k2P/1B2P3/3KQ3/3P1P2/8 w - - 0 1,2,Robert Braune
ea34b6e1,8/8/4p1b1/8/3Bn3/2p1QRq1/K3PrN1/5kbB w - - 0 1,2,Jacob E. Funk
65e6ad6b,4n3/4p3/4p3/RpB1kP1b/1PPpr1pQ/p1P3PN/8/1BKN1R2 w - - 0 1,2,Zoltán Labai
483f7081,2R5/1k6/R7/1K6/8/8/8/8 w - - 0 1,2,Jan Kubečka
733f1860,8/7n/K4p1R/1N3kp1/3p1rNp/3q3Q/8/1B2R1B1 w - - 0 1,2,Edgar Dinwiddie Holladay
4c0d9e18,2B2q2/8/3P1RP1/4k3/2P5/2pP3n/2K5/2B3Q1 w - - 0 1,2,Lambertus Adrianus Kuijers
66b9b2c2,q2b2r1/3p1N1R/1n1Q2p1/4B3/1R2r1k1/2p2N2/4B3/3n2K1 w - - 0 1,2,John James O'Keefe
b5981188,2Q5/5n2/B7/8/4NNr1/4pp2/P3qB2/R1K2k2 w - - 0 1,2,Pieter ten Cate
3cc65cd1,1B3Q1K/pb1P1B2/6p1/3PP3/2Npk2N/3R2R1/1P1ppp2/2br1r2 w - - 0 1,2,Miroslav Brada
c1cd4215,Q4n2/2p5/6pr/2PPkBP1/Rn3N2/2PP1Prq/4N2B/1K2R3 w - - 0 1,2,David Hjelle
d7461c31,8/Rnp3B1/K7/pPkp1Q2/2N2bR1/P4pr1/4nN2/5B2 w - - 0 1,2,Julius Buchwald
ed2e3cea,3K4/7B/2Qpb3/1Np1r3/RB4p1/R2Pk1p1/3pppPN/5r2 w - - 0 1,2,Israel Abraham Schiffmann
3ad8f6e1,8/Q5p1/R3pN2/4k3/6P1/6N1/8/1K6 w - - 0 1,2,Charles Alexander Gilberg
37dba480,2RN4/3N3K/6Bb/B2pP3/2Pk1n2/1rrn3R/8/3Q4 w - - 0 1,2,Johannes van Dijk
bf81342a,b7/B3Q1r1/7b/pp1P1P2/n1k3rR/R7/2N1P1Bp/7K w - - 0 1,2,Béla Bakay
0e767fc6,2n5/4p3/3P2P1/r2N3Q/2r1kN2/2p4K/3nP3/6B1 w - - 0 1,2,Євгеній Михайлович Богданов
164c47ff,1b2R3/6R1/7p/7p/3NPkP1/5N2/5P2/1b1Bn2K w - - 0 1,2,Ottavio Stocchi
f27a3c60,KN6/1p3N1p/prP2B2/1pkp1p1r/3R4/2p5/B6n/4R1b1 w - - 0 1,2,Марсил Халикович Гафаров
deb182c7,8/8/1p6/n2Qp3/B1Rn1B2/bq6/8/3k1K2 w - - 0 1,2,Miroslav Havel
b3076a66,3br3/5bQN/2PB2p1/1B1P2P1/2N1k3/3R1R2/4n3/K4n2 w - - 0 1,2,Karl Lorenz Jesper Jespersen
bca284d3,8/2N5/8/2n3N1/3kBB2/1Pn5/2K5/8 w - - 0 1,2,Никтополион Павлович Кащеев
26fd69ba,8/8/1p6/1K6/8/pk2N3/3Q4/n7 w - - 0 1,2,Miklós S. Locker
604292d7,8/3p2p1/3B2B1/1p1Pr1p1/1Rn2kPb/3pN1pQ/3P1n2/4KRN1 w - - 0 1,2,Marian Wróbel
5c8ac74b,6K1/8/5Npk/7P/8/4P3/1Q6/8 w - - 0 1,2,Александр Григорьевич Андреев
7fa16fa3,1Q2b3/1n6/3n2p1/2p1k1B1/2B3pN/3PP3/1p3P2/1K6 w - - 0 1,2,Edith Elina Helen Baird
9bab6e81,6r1/5N2/3NnQ2/8/1p2pp2/1P1k2p1/R7/Kn1BR3 w - - 0 1,2,David J. Shire
a83e3343,5k2/8/3K3P/2pQ4/2P5/8/8/8 w - - 0 1,2,Albert Zickermann
977d6c7c,3R3b/q2b4/2r2p2/2P5/p5Qp/2p4K/2pkP3/2N2RBN w - - 0 1,2,Живко Јаневски
5881b30d,4N3/4p3/B7/3k2K1/3N4/8/8/5Q2 w - - 0 1,2,Henri Commandeur
dd00b935,8/p2n1rB1/BQbKR2q/2N1n1p1/1Ppk2pN/1P1pRr2/3P3b/8 w - - 0 1,2,Михаил Михайлович Барулин
84219fa3,2b5/K1n3Rr/pn3B1p/1p1pN2P/2pN2pR/5pk1/3Q4/6qB w - - 0 1,2,Johann Christoffel van Gool
570827e7,2r5/3pN3/3r1p1n/Rq2kP2/1BQ5/2KPP3/1N4bn/7B w - - 0 1,2,Albert Volkmann
e5afd489,5n2/3p3p/3Rp1pR/8/2p1BkN1/2p2N1K/2P1Q1n1/8 w - - 0 1,2,Albert Servais
1be742f7,8/1P5P/3n1n1N/3PkP2/r2rPp2/3P2P1/BN6/Q2KR1B1 w - - 0 1,2,Pietro Faletto
8a85ea4e,4Q3/1R6/2N5/3kP2B/8/8/2K5/8 w - - 0 1,2,Сергей М. Ковалёв
0513bdd0,2B5/1p6/1BnKN1p1/1R4P1/4k1rp/RN2Pp2/n1Ppb3/3r3Q w - - 0 1,2,Yves Cheylan
1565531c,7Q/B7/6nq/6p1/r2pp2p/1PNkN3/pP6/R3K3 w - - 0 1,2,Василь Васильович Дячук
b3188447,1r3b2/1n5K/4p3/pB3Q2/pk1P3R/p3N3/P2P4/3b4 w - - 0 1,2,Bertram George Fegan
42aff8ae,b1r2r2/BB1P3p/2q1N2K/7p/2R5/3RPk1N/1Q2p1pP/4b1n1 w - - 0 1,2,Viktor Führer
86acb26d,2bR1B2/1ppq4/1p3Q1b/NRnkPN2/4pnK1/1p6/4p3/8 w - - 0 1,2,Cecil Henry Douglas Clark
7a673f09,B7/1R3p2/8/8/2p2R2/n6p/1QKn2kB/1b3N1b w - - 0 1,2,Karl Werner Kettner
4dd5c986,8/8/8/8/7p/4pK1P/4p2k/4Q3 w - - 0 1,2,Ernő Szentgyörgyi
52585b8b,8/4p1n1/R4n1r/K1N1kp2/4b2N/2P1r1P1/B7/2Q1R1b1 w - - 0 1,2,Jens Peter Marinus Ottesen Pedersen
5350e86a,QB6/7B/1rp1K1pr/4N1p1/R1p1k1P1/2Pp4/q2P2P1/1N3R2 w - - 0 1,2,Іван Іванович Сорока
912921f4,3r4/3R2B1/2Bq4/b1Nbnpr1/p2k1p1N/5Rp1/6K1/2Q5 w - - 0 1,2,Arnoldo Ellerman
c229da28,3qn2Q/N3R3/2PkN2B/8/2K2b2/6n1/8/8 w - - 0 1,2,Augustus H. Gansser
94b8619b,1Q3B2/5N2/8/1PN3P1/1p1kP2p/1p5K/1R4P1/8 w - - 0 1,2,Henry A. Wood
de43f806,8/b1P5/qnN4K/p2P3Q/2k3p1/1R6/P7/1n4B1 w - - 0 1,2,Юрий Николаевич Вахлаков
b45ec5f4,2K5/6Q1/1B5R/3kN1bR/P5P1/1n1p4/B2P4/8 w - - 0 1,2,Henry John Clinton Andrews
2e068461,2rNr1B1/7b/4n3/1R3nRq/3kNbp1/2pP3p/2P5/1K2Q3 w - - 0 1,2,Giorgio Mirri
befa1ecb,8/8/5K2/8/4p1k1/5p2/4P2Q/3B4 w - - 0 1,2,Геннадий Иванович Кукин
2e538819,5rq1/1Q1Pr3/B7/3p1R2/2PpkB1N/6P1/2P5/1K6 w - - 0 1,2,Павел Александрович Мурашёв
945a6a3d,1B1RK3/1p5Q/1pp3n1/5p2/4kPP1/3N1q2/2PpnP2/3Nb2B w - - 0 1,2,Robert Tony Lewis
c91ea73d,6R1/2B1pr1b/2P5/6N1/4P2N/4kp1B/2P3P1/1K1Q2b1 w - - 0 1,2,Павел Александрович Мурашёв
065b9f77,8/K1Bp3r/1Pb1r2R/RN1k4/1P2pp2/P7/1b2Q3/8 w - - 0 1,2,Cyril Henry Stanley Kipping
fa29a1b9,2n5/p2Qp2P/p1p1Br1p/B1pbkP1N/2Rnp2N/3PR3/8/7K w - - 0 1,2,
97fea56b,6b1/8/8/1K1p1p2/8/NNkPb1BQ/1pPp4/qr1BR3 w - - 0 1,2,Paul Wenman
c0608c8b,bR6/1B1N1p2/2pQ1K2/1rB1p3/PNkbp3/2p1R3/Pn2P3/8 w - - 0 1,2,Giwi Mosiaschwili
15dd9917,8/n1Rp3b/1Nr4N/r2P2Qn/4k3/2P1p1P1/4P2K/8 w - - 0 1,2,Herbert Siegfried Oskar Ahues
ad127c27,8/3Rn3/3PrpN1/RB1k4/KP1n4/3Qp3/8/8 w - - 0 1,2,Comins Mansfield
e3259205,3N4/3N4/K7/2pk4/2p4R/3P2BB/7Q/br2rbn1 w - - 0 1,2,Геннадий Матвеевич Святов
b21f90b7,n1R5/2bB4/3nNp2/4pR2/PNkp1P2/P7/1Qp1P3/1bK5 w - - 0 1,2,Walther Martinus Johannes Jørgensen
b7514728,3r4/1p6/4R3/N1Nkp3/6B1/B3K3/2b1n3/2R3n1 w - - 0 1,2,Петро Андрійович Новіцький
0b63d108,6b1/5n1p/3p3P/2P1P3/p2PkpB1/PQR1p2N/4N3/1K6 w - - 0 1,2,Михаил Александрович Павлов
3f8840f4,8/1pQ2r1B/1Pp3r1/1PPpb3/3k2n1/BR1P4/1KP4p/4R1N1 w - - 0 1,2,Роман Федорович Залокоцький
ba466da6,3BK3/7p/6Np/6bk/4Qp2/7P/8/8 w - - 0 1,2,Јоза Туцаков
8cdcf7ac,4n2B/K2P1PrN/2P2n2/1N2kp2/2Q5/8/8/8 w - - 0 1,2,Oskar Wielgos
fd552f21,8/2B5/3N4/3ppp2/1Q5P/4k3/4P3/2KB4 w - - 0 1,2,Herman Leonard Jonsson
037056ae,3B4/3K4/2p1p3/1p1B1p2/2PkP3/2ppp3/2PNP3/3Q4 w - - 0 1,2,Mato Haralović
cbe37587,1b5n/1Q6/2q4n/R2r2p1/P3kP1R/4pN1B/N2rPPK1/B7 w - - 0 1,2,John Michael Rice
66b4ccb8,8/8/8/2K5/2Q5/pP6/kr6/7R w - - 0 1,2,Владимир Антонович Бабичев
ec667128,2qN3n/8/3R1pr1/1pP1k2b/3p2p1/3Bp1PP/4KN1B/2Q2R2 w - - 0 1,2,W. H. Gundry
50b22e55,r7/1p1R3r/4B2p/4N1pQ/R2Bkp1n/8/4p2P/1K2nb2 w - - 0 1,2,Kristian Nielsen
28c125b4,8/8/4pp2/2K1k3/8/5Q2/8/8 w - - 0 1,2,Otto Link
b0af6fe6,6RQ/n3p3/3pP3/1Bpk1p1K/1p4P1/1P2R3/2NP4/2n5 w - - 0 1,2,Владимир Пантелеевич Клипачёв
6d1f95b1,6nn/pp1R3N/4k2p/1P1RNp2/2K3p1/4p2r/B2PQ2b/8 w - - 0 1,2,Arthur M. Sparke
1af28da5,8/3QB3/1p1Pp3/b1Pp4/pk3p2/3R4/2R5/3NK2B w - - 0 1,2,Анатолий Николаевич Скрипник
f662f00e,K4R1N/1pP5/7R/1N1pk3/p1qnp3/2B1P2b/4p3/b5n1 w - - 0 1,2,Василь Васильович Дячук
4246d369,8/b2pK2B/p4N1p/1brpk1p1/1B3RR1/2r1n3/Qp1n4/4N1q1 w - - 0 1,2,Arthur James Mosely
028f3a3e,1r6/7B/1r2bB1K/8/1R1p1p2/1n1nk2N/2P3Q1/N7 w - - 0 1,2,Edmond Barthélemy
29d48eef,8/5K2/8/3Bkp2/1P1R4/1P4p1/4PP2/6Q1 w - - 0 1,2,Николай Александрович Извольский
2a15b9bc,1Q6/1N6/q1ppP3/Rr4P1/2PkP3/P3p1P1/1bKN4/3R1BB1 w - - 0 1,2,В. Зуев
4077828b,2K5/1Np1p3/2p5/3pkp2/2rN3Q/8/8/2B5 w - - 0 1,2,Владимир Н. Забунов
4ab0e322,1nn1R3/1B3q2/2Np4/1P1k1rbQ/1Pp5/2P5/b2N3B/2KR4 w - - 0 1,2,Eliahu Shahaf
a3482dfd,3R1R2/1p6/6p1/2pPk1Pb/1N2pN2/3n4/8/1K1Q2B1 w - - 0 1,2,Василь Васильович Дячук
b459445b,1n5n/8/1p1p4/R1pPN3/7P/N3KQPr/p1P4p/k6B w - - 0 1,2,Jozef Vilem
849d2d77,2B2RN1/P6n/3ppp2/4pPB1/1Pp1k1p1/6P1/2p3K1/4NQ2 w - - 0 1,2,Aaron Hirschenson
e6e6e75e,3Q4/5P1R/4k3/1P2p3/4p3/4K3/8/8 w - - 0 1,2,Adrianus Cornelis van Engelen
f74d681a,6K1/2p2Q2/4N2R/1ppkN2p/8/2p1p3/b6B/2n5 w - - 0 1,2,Михаил Иванович Шаблинский
603812b5,8/1N2p2B/1R2p3/N5P1/2Pk4/K1b3P1/5P2/B7 w - - 0 1,2,Georg Ernst
433fcabb,3R4/8/8/5ppB/p1PN2r1/2RN4/p1P2Bp1/Qb1k2K1 w - - 0 1,2,Michael Schreckenbach
e5bc9cfa,r1B1R1K1/qp2p1P1/2pP4/3P4/2P1k2B/bPpN1p2/2Nrp3/3R3Q w - - 0 1,2,Hendrik Prins
94049f4b,8/1NBn1pR1/7p/1p3n1P/1Nk2p1p/P2RpP1Q/4P1K1/4B3 w - - 0 1,2,János Kiss
a81d2ffc,1K1B4/1b1B3N/8/6R1/3Qq2k/5rpN/5r1P/8 w - - 0 1,2,Guglielmo Mai
d6090e33,5N1K/3b1p2/1p1P1k2/6RP/4p1r1/3NBqpB/4P3/1n1Q1R2 w - - 0 1,2,Cornelis Groeneveld
cf3dd154,5n1q/6p1/R6p/K1p2k1b/4N3/1pBP1p1N/8/Q5R1 w - - 0 1,2,Gerold Schaffner
a2b2fc8f,1nB5/3n1K2/2N1rPR1/2Q1PkP1/3pR3/5P2/1b6/8 w - - 0 1,2,Karl Hasenzahl
c1f589ec,2Q1b3/3q3p/3P2p1/2P1k1P1/r2R1N1N/p2P4/B2KP3/6B1 w - - 0 1,2,Василь Юрійович Марковцій
d8d74ca2,2R4Q/4n3/N3rp2/3q4/1b1k1B2/2N1R3/1P3P2/4KB2 w - - 0 1,2,Horacio Luis Musante
0888bb49,3n4/4N3/1p1p2p1/pNbPk1Pb/K2p1p2/7Q/p1B4P/B7 w - - 0 1,2,Georges Renaud
a4b46e61,6B1/1NpP4/1Q3p2/3pk1nR/n4p1N/2rP4/8/B4K2 w - - 0 1,2,Ottavio Stocchi
f68e72e3,2B2K2/8/1p6/2ppkNB1/3Rp2p/8/2Q5/6b1 w - - 0 1,2,Laurent Bouchez
918220ed,2b5/1N3r2/4p2R/r4k1B/1bQPRp1B/p5p1/2KN4/8 w - - 0 1,2,Carl Becker
47dba43a,8/5N2/4p3/2K5/4k3/7R/3B2Rn/3b3Q w - - 0 1,2,Samuel Loyd
9074ec4c,8/8/1N5Q/2kP4/8/1P1K4/8/8 w - - 0 1,2,Денис Сорокин
6999962e,5Qn1/1pB1p3/1p3b2/8/R7/3B1k2/3KR1p1/7n w - - 0 1,2,Александр Павлович Гуляев
36ba6ec5,1R2K3/3P1P1R/2n1k1n1/4P3/4Q3/4N2b/q6r/3B4 w - - 0 1,2,János Gallai
d693228d,4R3/7B/8/3p4/3k4/1K1N4/5P2/8 w - - 0 1,2,
1ffcec84,7Q/7K/8/3N4/6pb/7k/2R5/8 w - - 0 1,2,Виктор Иванович Чепижный
c50a6414,B7/1R1N1p2/2b2p2/3kBP2/Rb1p4/N1n5/6K1/4Q3 w - - 0 1,2,James Rayner
12c95ba5,4r2n/1P2P3/1KN3pR/2PkPQP1/1pp5/3n1R1N/8/b3qB2 w - - 0 1,2,Miguel Uris Escolano
f55cbcd3,5Q2/2pk4/5K2/5N2/2B5/8/8/8 w - - 0 1,2,Мыхалко Глушек
204b0060,8/3n1pP1/2R5/NP1k1nN1/4R3/7K/P2P2P1/1B5Q w - - 0 1,2,Nils Gustav Helmer Jönsson
261328c4,7k/1R6/8/6N1/7K/8/6Q1/bb6 w - - 0 1,2,János Kiss
bea49e63,8/1K2p3/2Qppr2/R1P1N3/3k1r2/3P4/3P3p/8 w - - 0 1,2,Johan Scheel
26adb3dd,3R2B1/2Qpk3/2b4r/K1N1r1P1/3N4/B3R2q/7b/8 w - - 0 1,2,Павел Ефимович Неунывако
f386164c,4q3/6n1/1P1NP3/Qb1p1PPP/1P1k2BR/K1p4R/3NP2B/2n5 w - - 0 1,2,Gerhard Maleika
c27ca82f,2K1R3/2p4b/4B3/3pq1p1/Q2Nk3/5RB1/1N1Pp3/3r2b1 w - - 0 1,2,Norman Alasdair Macleod
d4023d2a,3Q4/1K2P1n1/4P1N1/3p1P1r/Rb1Pk1BP/r1p5/2P1N1P1/2B5 w - - 0 1,2,Shlomo Seider
b227cdc5,4R3/2pK2n1/5p2/1p1Q1p2/2p1NkBP/r1p5/2pr2R1/b1B2Nn1 w - - 0 1,2,Leopold Mieczysław Szwedowski
636f4881,3r4/2Q1p3/pp4n1/1p1P4/1P1k4/2NBRPK1/2pb2N1/4n3 w - - 0 1,2,Юрий Акимович Сушков
f26e845c,4r3/5Q2/3N2R1/2p5/1q3B1b/1p3kp1/2PnN1pp/1b1BKnr1 w - - 0 1,2,Adolf Herrmann Rudolf Ferdinand Kraemer
b296a3bb,8/1n6/2R1p3/4B3/2P1RP2/pNNk1p2/Q1p2Pn1/K7 w - - 0 1,2,Володимир Володимирович Солдатов
85674717,8/8/8/1p2K3/1Q3NNk/5P2/8/8 w - - 0 1,2,Анатолий Яковлевич Агарков
fc6b6d01,4B2q/Pn1RP3/1pkP4/1p1r4/b3nN2/b2N3p/5B1K/6RQ w - - 0 1,2,Алексей Фёдорович Миронов
4d196adb,1Q3n2/Kp1np3/1P2kPP1/N2r1pbN/3p4/4q1B1/B7/4R3 w - - 0 1,2,L. J. Webster
1afc1623,n7/pN4pr/Nk3pQ1/R2B3P/3b4/2p5/1q5B/1R5K w - - 0 1,2,George Burt Spencer
93de47fc,3r4/4p1Qn/4p3/qPRbN3/P4k1K/R1b3N1/1B1P4/8 w - - 0 1,2,György Páros
ff4897e6,7K/5Q2/3k1n2/1Q6/8/8/8/8 w - - 0 1,2,Frédéric Lazard
8ea2bda0,8/1N3B2/6Kp/4k3/4pR1N/1R6/5rp1/6Q1 w - - 0 1,2,Václav Tuzar
f70d6df0,B2R4/8/1r1BKQ2/4n3/p2kq3/2R5/1P6/2N3b1 w - - 0 1,2,
d50ebbd1,8/8/p2pp1P1/R1bnkp2/7Q/3R1K2/3P4/8 w - - 0 1,2,Percy E. Healey
9e3a71d7,3B1n1q/3br3/8/Q3Pp1R/pN3k1P/r3N2K/3P2Bn/4R3 w - - 0 1,2,Иван Афанасьевич Суворов
5211bbdb,8/1K2n3/3R2N1/1Nk5/3p3Q/P7/P3n3/5B2 w - - 0 1,2,Lajos Gärtner
aefaf226,n2NN1n1/8/2P5/1Kpk2pr/3r4/1P3PB1/3Q3R/8 w - - 0 1,2,Henry D'Oyly Bernard
3df29961,8/8/2pb4/R1r4R/1B1k1N2/1P2NK2/8/8 w - - 0 1,2,Stelian Lambă
e55c9863,2bK4/1pp1B3/2N1R1N1/3k4/r6R/1P5B/1b1P4/qn6 w - - 0 1,2,Валерий Геннадьевич Смирнов
45c2d9de,5bB1/4N3/3p1k1p/8/6PN/2K1Q3/8/8 w - - 0 1,2,Percival Guy Laugharne Fothergill
5d8817a1,5kr1/6pQ/4K3/8/8/8/8/8 w - - 0 1,2,Ernő Szentgyörgyi
14aa10c7,2B5/8/5p2/1NNpk3/3n2p1/3pn1r1/5R2/1K1QRb2 w - - 0 1,2,Глеб Николаевич Заходякин
49e7bfc6,8/2Q5/k7/8/K1P2r1B/3B4/8/8 w - - 0 1,2,Rauf Gadschiaga Aliovsadzade
2075744b,2B5/8/2bp1pP1/B1N1k1p1/1pP5/2pKP1p1/8/7Q w - - 0 1,2,Anders Emil Wester
51697a6d,BKn5/2Qp4/1p2p3/1R1P1P1r/1Npk1bR1/2p1pbN1/2Pn4/8 w - - 0 1,2,Efrén Petite
265d1a0d,5N2/q2p1RP1/b1p2Rpb/3pk3/2r3r1/2PP1P2/4NB2/3KQ3 w - - 0 1,2,Alex Boudantzev
5624f5d1,8/7b/8/3r2R1/5B1k/8/4B2K/8 w - - 0 1,2,Ernest Ackerman
28278034,2Q5/1p1p4/1p6/nN1k1K2/3P4/1p6/1P6/8 w - - 0 1,2,Микола Володимирович Кулігін
6083119b,1K2n3/1B4n1/4R1P1/1P3k1b/Q1N3pB/6P1/2P5/8 w - - 0 1,2,Johann Nepomuk Berger
d135dc79,8/2B5/5p1K/8/6kp/1Q6/8/8 w - - 0 1,2,Виктор Николаевич Жук
a7f9bb35,5b2/1K3N2/1Pp5/2knB1Q1/1pP5/1P6/2n1N3/8 w - - 0 1,2,Валентин Викторович Лидер
414f94c6,4B1K1/6P1/8/8/8/1p6/1Pp4k/n1N4N w - - 0 1,2,Norbert Kovács
d2cedbe8,b2r4/1Q1p4/1pq1PB2/p5Rp/r3k3/3p1pPB/1P1K4/4N3 w - - 0 1,2,Jacobus Haring
81361d50,3N4/r2p1R2/p1P1P1p1/4k1PP/2K1Pp2/Bp1p4/p2P2P1/rb2Q3 w - - 0 1,2,Zdeněk Modlitba
065b5e60,5Q2/8/2P1k3/RB1p1p2/4P1p1/1Kb5/4N2q/4R3 w - - 0 1,2,Lajos Riczu
35af9d7e,8/Kp5N/1Qp4N/1p1p4/1R2qk2/6p1/3P1bB1/5R2 w - - 0 1,2,Ottavio Stocchi
ceff52f4,8/8/7B/6p1/5p2/2K5/2B5/2k5 w - - 0 1,2,Ernő Szentgyörgyi
8bb3bf98,R2q4/4pp2/Rb6/4B3/Q1p1p1N1/8/3PB3/5K1k w - - 0 1,2,Alberto Armeni
4264a4f1,8/7R/3P4/4NkP1/R7/5N2/3K3P/7Q w - - 0 1,2,William Finlayson
3a77d145,2bb4/RpnkqRN1/p2P4/2P2r1r/4Q2p/3p1N1B/3P1K2/8 w - - 0 1,2,Ulrich Schirdewan
8945ee68,bq4B1/2n1rN2/pRNB4/4Q3/2k1K3/1pp5/2n4b/8 w - - 0 1,2,Hermann Albrecht
3b0ef7a1,6n1/2R2pR1/2p1kr2/2P2NPQ/p1NK1p2/1B1p2p1/8/8 w - - 0 1,2,Marco Guida
ccd8c239,7R/8/4p3/5p2/6nK/R2QnkBB/8/7b w - - 0 1,2,Євгеній Михайлович Богданов
586b51e9,8/2p5/2P5/pp6/p3Q3/k1b1N3/8/NK2n3 w - - 0 1,2,Albert M. Burmeister
8c5fe8b6,5Bq1/3pr1p1/KR1n1N2/2kr2R1/8/4PN2/B1b5/1nQ5 w - - 0 1,2,Sven Ture Ceder
e6d0d771,3K1R2/1R6/4k3/8/8/8/8/8 w - - 0 1,2,Tivadar Kardos
5cf48977,8/K3B3/5R2/3Nk2p/b2N1n1r/1p3Q1r/1P5P/8 w - - 0 1,2,Josua Nield
34444e2b,K7/5N2/2RN3p/3p4/2pkP1p1/R2n3Q/b2P2r1/4n1bB w - - 0 1,2,Павел Г. Кузнецов
5eaa859e,8/1P1Bk3/K1P4N/4B3/8/8/8/8 w - - 0 1,2,Вячеслав Павлович Антипов
b9f4d9cb,r3R3/q7/p3B1pQ/3pBp2/4k1p1/2P2N2/1N1Pnp2/Kb6 w - - 0 1,2,Arnoldo Ellerman
f0fbea60,B2K2n1/1N6/p1PNp3/P2kP2R/1Q3R2/1P6/3r1n2/2r5 w - - 0 1,2,Christian Styger
a80b7402,4RK2/2p3B1/3p3p/1P1k1Np1/N3n2r/2pP1qrQ/b2p1n2/1R5B w - - 0 1,2,Itzhak Neumann
de72c83c,8/1Q1pppK1/4bRp1/2PNk1N1/3r2P1/2nRp1P1/1B1b4/8 w - - 0 1,2,József P. Honti
deb00e9f,8/7p/q2R1p1n/n1B1kp1b/1N2B2N/2pP1P2/4K3/2Q5 w - - 0 1,2,Cyril Henry Stanley Kipping
1a3a2ea8,5N2/2Qp2BN/K1P1P3/2k5/1p6/1P6/3P4/8 w - - 0 1,2,Frederick E. Gamage
f912f46b,7K/3PP3/4r1p1/2P1k1Pb/Rb2P1nR/4Bp2/1pr1N3/1Q2N2B w - - 0 1,2,Edgar Dinwiddie Holladay
a7091edc,8/np1N1p2/5p2/Q2B1kpK/6R1/1p6/pr2p3/qbb5 w - - 0 1,2,Andreas Schönholzer
0ec44c98,8/2p5/2K5/8/1k2p3/4Q3/1N6/8 w - - 0 1,2,Werner Speckmann
7a1b5260,3NrB2/4npK1/2PR4/1R1P1P2/n2k1P1N/1Ppr4/2b1PP2/6QB w - - 0 1,2,Роман Федорович Залокоцький
40e51c48,4q3/6N1/4n2Q/5br1/p2p1k1P/5P1B/K1PnR2P/b3N1Br w - - 0 1,2,David Hjelle
e805f972,5n2/8/1pNp2p1/2kB2Q1/1nPp1N1B/4p3/2p4K/8 w - - 0 1,2,Vito Rallo
c6ab092e,KnQ5/4Pr1B/NpPppb2/3k3N/3P2R1/1P6/2n1R2B/1b6 w - - 0 1,2,Hans Peter Rehm
cdd5c88e,7K/1B1Q4/2R5/1n3N2/4b2p/R2N1kpP/4ppn1/4r3 w - - 0 1,2,Comins Mansfield
d06e5cf0,B1K5/4pp2/3k3n/5p2/6PN/4Q3/5p1b/8 w - - 0 1,2,Сергей Геннадьевич Бурмистров
c1570483,1B2r2b/2r2R2/n2k2p1/1nR1q3/1P6/2N2N2/B6Q/K7 w - - 0 1,2,Ратислав Кржељ
48fd99f3,8/3K4/8/3kN3/3b4/2P2P2/7Q/8 w - - 0 1,2,Лев Николаевич Гугель
c2cb0119,q4R2/n3P3/3N4/2PNkB1R/3rb2K/8/1B3P2/Q7 w - - 0 1,2,Alberto Mari
ed408e3c,3K4/8/1p1kN3/8/2b1Q3/8/2N2B1b/8 w - - 0 1,2,Eduards Dimants
87adde99,6r1/B2PR2p/3QpP2/2p1N2N/4k1nK/Rb2P2B/6P1/1n6 w - - 0 1,2,Сергей Михайлович Солохин
a6831e52,3k4/7R/3N4/3p4/K2P4/6P1/3bp3/2B3Q1 w - - 0 1,2,Napoleon Marache
7e3b70d3,3R2B1/3n2R1/N3pn2/4P3/4k1N1/1p4PP/1B3P2/2QK4 w - - 0 1,2,Pieter A. Bakker
fe704587,8/5K1B/2pN2R1/2Pkp3/8/1Pn1Pp2/Q4P2/2R1q3 w - - 0 1,2,Александар Поповски
d64f1a42,1K6/QPNNb3/p6R/2p3P1/3kpPn1/1P1p4/1P1B4/8 w - - 0 1,2,İslam Kazımov
d35ec6cb,6b1/7p/3Nppk1/5r1N/4Q1B1/2p1B1R1/2K5/4b3 w - - 0 1,2,Johannes van Dijk
8e9b0c28,7B/5p2/p7/1B1k1K2/1P2p1Q1/2R5/q1PP4/b2R2nb w - - 0 1,2,Ferdinand Guntersweiler
f2b62663,7B/6R1/8/5k2/8/7P/5K2/3Q4 w - - 0 1,2,Lajos Riczu
df044d70,3RRr2/r1pN3Q/3q1P2/n1P1P3/1KPkB3/4p3/1p2P2p/4n3 w - - 0 1,2,Arsen Dobrila
b4049110,K2B4/1pNPrpR1/5N2/RB3k2/8/6P1/4rP2/3Qn3 w - - 0 1,2,Vincent Lanius Eaton
d2b4dc49,8/rp3pB1/PQ6/2K3p1/2p1k3/4PR1P/1N1p4/1n1B4 w - - 0 1,2,Анатолій Григорович Василенко
97bc3b6a,br3b2/3R3N/1r6/2p1pp2/N3k3/R3p1Pn/B5P1/BnK5 w - - 0 1,2,Imants Ķīsis
642f8c63,3K4/p3R3/5k2/r2p4/r3nB1N/2N1R3/8/8 w - - 0 1,2,Ottavio Stocchi
ae99d340,2R1B3/8/KBPN2n1/1p1kNP2/nQ4P1/5P2/1b2r2q/1r3b2 w - - 0 1,2,Gunnar Rehn
4b63c577,n5nQ/1K1NP1r1/2R1p2b/3kp1p1/4R1p1/6N1/8/8 w - - 0 1,2,Alain Campbell White
231127f2,8/6q1/2b1p1N1/R7/1r1k1nQ1/1B1Pr1N1/1P2PBn1/2KR2b1 w - - 0 1,2,Denis M. Saunders
86b8fdba,B3K3/8/8/2B1p1Qp/n3r3/1Rb2k2/2r2p1R/2N3n1 w - - 0 1,2,Huibrecht van Beek
d7d6d99d,8/2n1b1r1/2Q4R/1bP1k2N/3nN1P1/2Pp4/1p5r/1K3R1B w - - 0 1,2,Ferenc Istokovics
a25b8f31,2r1r1q1/2np1bn1/8/1p3pB1/1Q4N1/3kp3/3p4/R2B2K1 w - - 0 1,2,Геннадий Михайлович Агеев
e576b2b3,2Q5/8/2Rbr2p/3k2nR/7N/2P5/7B/KB6 w - - 0 1,2,Svante Sandin
e6b36c36,8/1Q2K3/8/P7/3k4/8/7R/1N3B2 w - - 0 1,2,Marián Krbúšik
cbf2df4e,1BR2bB1/4p3/K3pq2/1Ppk1nNR/1ppNbp2/2Pn4/6p1/3Q4 w - - 0 1,2,Giwi Mosiaschwili
43f6d331,1B6/3n3B/n4r2/1Q1pp3/1b1k1P1N/rp1Ppbq1/pPP1p3/K1N5 w - - 0 1,2,Horst Deichelbohrer
612a7aa7,5K2/7p/NB1Rpp2/1R3p2/r2pk2N/p5P1/b1PPP3/8 w - - 0 1,2,Michael Keller
627657a6,8/8/B5R1/3qB1nK/6Q1/8/8/R2b3k w - - 0 1,2,Arthur Christopher Reeves
feede162,3rnr2/1B2B1N1/8/4k3/R2p1p1R/8/1n3Q2/3bNK2 w - - 0 1,2,Bruno Preziosi
fe28d57e,6b1/1r6/4P2p/5PP1/p3NR2/3p2KR/3p4/8 w - - 0 1,2,Johannes Jacob Burbach
6336669a,2K4R/8/8/8/8/2Q3PN/R1q4k/4nBNr w - - 0 1,2,Imre Regős
b2034052,1B3R2/2p1K1p1/5p1b/RB1N1k1P/4p1p1/2P3P1/3r4/2Q5 w - - 0 1,2,Jacobus Haring
53b85143,n4b2/1p6/p4N2/Q3Bp1K/2k4p/p1N2R2/PPb1q2r/5B2 w - - 0 1,2,Arnoldo Ellerman
48637360,8/8/8/8/3Q4/7K/N1pp4/3k4 w - - 0 1,2,Kārlis Bētiņš
6e2aa4ed,1B4b1/8/1p6/1Qn5/N1PkPN2/1r1P4/B1R2P2/4R2K w - - 0 1,2,Анатолий Васильевич Слесаренко
c1c0c1a4,Kb4R1/p3r3/3nr3/2nQ2P1/Rq3kPN/3b1P2/4pPB1/2N1B3 w - - 0 1,2,Hans Selb
4cae2b5c,5RK1/3R3N/2N2b2/5kP1/r3n3/8/4Q3/3B4 w - - 0 1,2,Александр Николаевич Шпаковский
1ef34bcd,1b6/3Np1n1/8/1p2p3/4k2N/1Q1nP3/3P4/6K1 w - - 0 1,2,William Geary
47c6d4c2,1r3bB1/1p1R1K2/3P2p1/N2k2Pb/N2pnP2/3p4/4pPQ1/8 w - - 0 1,2,Pieter Feenstra Kuiper
8c92a02a,4RR2/1nPp2PB/K3NBrr/1Qb1nkpN/3ppp2/7P/8/8 w - - 0 1,2,Michael Lipton
a04c3005,n3BB2/1b4p1/r3k3/p2p2P1/6R1/2Q2pN1/2n5/7K w - - 0 1,2,Евгений Николаевич Пермяков
f2d49eb0,3B4/1p6/bPQ1P3/kBPpK3/pp1N4/8/8/8 w - - 0 1,2,Андрей Николаевич Журавлёв
10091ca0,8/8/3R1r2/4p3/2K1k3/6Q1/8/6B1 w - - 0 1,2,Владимир Владимирович Кожакин
05b19978,8/1pPr2N1/1p2R3/1Bnk2r1/1P2p1p1/1p2P1B1/1PRn2K1/8 w - - 0 1,2,Григорий Александрович Промышлянский
93122389,8/b1r2P2/3QP1Kn/6Pp/4kN2/4B3/b1PP2R1/1N1q2nB w - - 0 1,2,Лев А. Брауде
0a030cd7,8/8/4K3/B2p3Q/8/3k4/3N1P2/8 w - - 0 1,2,Arturo Pereira da Silva
f66159b7,6K1/5B2/1p2nk1p/1r3p2/1B3P1P/2R5/8/8 w - - 0 1,2,Rudolf Ryf
f9980931,8/3kN3/4N3/6Q1/1R4K1/8/8/8 w - - 0 1,2,Іван Олександрович Брюханов
f1c1984a,1b4r1/3p1R2/5Qp1/2pRP3/Kp2kP2/1BP5/6P1/1b1N1n2 w - - 0 1,2,Андрей Николаевич Дикусаров
cf31b2c2,1b2Q1K1/3p1p2/5kp1/rRr5/3N4/1pNb4/2B3R1/Bq6 w - - 0 1,2,Josef Wiesel
447eae81,7K/2n2B2/3N2pk/4R3/8/8/8/8 w - - 0 1,2,Константин Григорьевич Гаврилов
330ea788,2N3n1/3R1p2/8/rPk3r1/p4R2/3B4/2pN4/1bK2Qbn w - - 0 1,2,Gerhard Heidrich
2fe71350,2b5/Kp1p4/1Ppp4/NPkN1p2/5P2/1R1RP3/2P5/8 w - - 0 1,2,Flórián János Kovács
27182c7a,K3n3/1Q1R4/8/8/P1k5/n3B1p1/1P2P1P1/4b3 w - - 0 1,2,Jan van den Strydom
fa911d30,1bB2R2/BN1n2p1/3p1P2/2p1k1p1/1Np3QP/1P4P1/4r3/1Kn1R3 w - - 0 1,2,Юрий Георгиевич Фокин
5759cd7d,6q1/2B1Rn1b/R2pP2n/1ppk1p2/1p3P2/3P4/4N3/Q2K1B2 w - - 0 1,2,Frank W. Martindale
204bce9b,8/1Rp5/K3P3/2B2Q2/n1kP4/P3r3/P3PN2/1N2bB2 w - - 0 1,2,Fadil Abdurahmanović
6652ca64,1n1Q2KB/8/N3k1p1/6r1/b2pPb2/8/8/8 w - - 0 1,2,Juan Carlos Morra
68da2655,K7/5Rn1/R4b2/3P1kqP/5P2/2B4P/8/6Q1 w - - 0 1,2,Donald Lebeck
d6cae55b,2N5/1NBp4/3p4/3kp1K1/P1pP4/2p5/2P1Q3/8 w - - 0 1,2,Dominik Šimora
4372fe52,8/8/1N5p/7K/8/2pk4/5Q2/2B5 w - - 0 1,2,Александр Николаевич Панкратьев
627cac47,4N3/1n1nR1N1/2r5/1Q6/3k3p/2p3pK/2P5/8 w - - 0 1,2,Thomas Rayner Dawson
2d641904,8/4p3/4B2B/4k2K/3N4/3R4/5N2/8 w - - 0 1,2,Andrés Clemente Vázquez Hernández
5568506b,R7/8/bp1B4/1PrB4/p1r5/k1P5/1p1N3p/bQ5K w - - 0 1,2,Palmer Gunkel Keeney
32109661,8/B2P4/rr1Q3K/p1NP4/RnNk1nPR/bPpp1B2/3P4/8 w - - 0 1,2,John Michael Rice
59062a0a,4b3/4p1BK/4k1p1/3Rp1bp/5q2/2N1p3/B2N4/3Q1R2 w - - 0 1,2,Ronald Turnbull
acc7b5a8,4K3/8/4k3/3pPp2/8/1n1N3n/3N4/3B4 w - - 0 1,2,Zalmen Kornin
bff13edd,br5n/2pN1B2/2pk1K1B/2N2p2/2R2p2/7Q/4R2b/3r4 w - - 0 1,2,Анатолій Семенович Безгодков
8d7946c0,KN6/1P3p2/1p4br/pkp1n3/p1N4R/P5q1/Q7/3r4 w - - 0 1,2,Wilhelm Krämer
e71a0fed,6n1/8/6p1/n2rp3/1Q1qk1N1/4N1P1/2P1R3/B4RKb w - - 0 1,2,Gerhard Paul Latzel
94f77b8d,8/1p1p4/1B4Q1/3k4/5K2/1P6/8/8 w - - 0 1,2,Владимир Трофимович Свергунов
0ed4a260,4Q3/b2KNR2/5P2/3pk3/1p5r/2n2pP1/1BnN1P2/1B1b3R w - - 0 1,2,Erio Salardini
31d59a7a,1nN5/B3R3/B1pP4/2rk3K/q2P1b1R/1Pp2p2/5Nbp/3Q4 w - - 0 1,2,Araz Alməmmədov
bf7cdfd4,6B1/8/2qR1R1P/3Npp2/2pbk3/4P3/2P5/2Q1K1N1 w - - 0 1,2,Antonio Piatesi
539ae047,8/1k6/2NQ4/8/2K5/1N6/8/8 w - - 0 1,2,Николай В. Чебанов
78323c31,6B1/8/NP1P1P1K/4k3/1P4P1/5Pp1/1N1P2P1/8 w - - 0 1,2,Percy Clark Bowater
7aa5e844,1N6/1B3Qpq/3p2n1/2p1k1P1/1p1R4/8/2nK2b1/8 w - - 0 1,2,Sámuel Gold
2ab3b99a,5q2/BQpr2N1/4Pb2/R1p1p3/P2k1p2/K1RN3b/3P2r1/7B w - - 0 1,2,Giwi Mosiaschwili
600a456b,q1b5/5N2/p2PPb1n/3k1p2/P2P4/PR4N1/4Q3/B6K w - - 0 1,2,Einar Vilhelm Larsson Letzén
3d897603,8/8/4pp2/7p/5k1p/2PpN3/3N3P/5KQ1 w - - 0 1,2,Otto Fuß
b765903a,r7/2P5/1ppQ3N/p2PR2p/2BP1p1r/4Pk1p/5P1b/5R1K w - - 0 1,2,Живко Јаневски
6777c5b8,3q4/3p4/3P4/1R2p1p1/3Bk1K1/p2N4/Nn1PB2p/8 w - - 0 1,2,Stanislav Schullery
9d9f8f4c,K2B4/1B1p4/3k4/5PN1/P1p5/2P1r3/2Q5/8 w - - 0 1,2,Jan Kotrč
71954f18,5Q2/5Pp1/bn4Kp/1n1Pk3/1P6/1P1Rb2p/6B1/4N3 w - - 0 1,2,Henk L. Schuld
d495d8d0,5b2/3r1p2/R4ppn/1R1pNkN1/1q2p3/4P2K/4P1QB/1r6 w - - 0 1,2,Віктор Миколайович Сізоненко
693df80d,3N4/1p4p1/b5Rp/2k1P2K/Pnp1RN2/Q2p4/3P4/8 w - - 0 1,2,Marian Wróbel
e14fff91,b2N4/B3r3/B5p1/P1R1p1Pp/1P1k2pP/R4nN1/1n1P2Q1/6bK w - - 0 1,2,Carl Emil Richard Lindquist
7e90eeea,8/8/3N4/8/4Q2P/3K2k1/8/3B4 w - - 0 1,2,Никтополион Павлович Кащеев
edc8e328,8/4Q1pK/B1p5/3pn1rp/2rk1B2/2N2R2/6N1/8 w - - 0 1,2,Walter Stooss
13190705,8/3R4/B3p3/6K1/6p1/7k/4R3/8 w - - 0 1,2,Jesse Paul Taylor
96121c33,nb6/7N/R3b1B1/Q1Npk3/4p1p1/1R1p1p2/K4B2/8 w - - 0 1,2,Дмитрий Николаевич Банный
4ec55026,8/p7/pb3Q2/P3r1N1/1P2Pn2/1K1k4/2Np4/3B2B1 w - - 0 1,2,Alexander Henry Robbins
7c2d8329,6Q1/4p1p1/1K1PNP2/1Rp1kq1R/2P1N3/3ppP2/1r2r1P1/B7 w - - 0 1,2,Baldur J. L. Kozdon
d0f12cee,K5n1/P1B5/2k1P3/RNpN3Q/pp1p4/b1n5/2R5/2rr4 w - - 0 1,2,Сергей Федяков
8dcfe194,4b3/4B1n1/8/r3k2n/1R3NB1/2p1P3/3P3K/4R3 w - - 0 1,2,Евгений Иванович Куббель
dc091aa0,k7/4bpp1/1Q6/5P2/4K1B1/3p4/1n6/2n5 w - - 0 1,2,Михаил Николов Попов
7e0d1541,8/8/8/8/8/3PP3/2B1k3/2K3Q1 w - - 0 1,2,Tibor Schönberger
bf375f0d,3R4/5K2/1p6/2n1pNp1/B1k2r1R/Q7/N1p3r1/4bbB1 w - - 0 1,2,Marcel Segers
8b6d059c,8/8/5p2/2K1pk2/5PR1/5Q2/8/8 w - - 0 1,2,Валерій Федотович Кошеленко
d23fa15b,Kb6/5Qq1/NPkPP1b1/5r2/2P1p3/p7/2B5/1R1R4 w - - 0 1,2,Leo Erland Valve
a63b7a0d,2B5/8/2K5/3Pkp2/4P2Q/3R4/b1p2P2/2n5 w - - 0 1,2,Andrejs Strebkovs
62084717,K7/3R1p2/2p5/1P5Q/4k3/1nP2r2/b5N1/8 w - - 0 1,2,Victor Cuciuc
ea79848f,7K/p7/8/1P3PRB/2NPNk2/1pQ2P2/p4rn1/8 w - - 0 1,2,Руслан Альбертович Сурков
1bc85d27,8/8/5N2/8/6R1/3K1k1b/6RB/8 w - - 0 1,2,Стеван Митриновић
e4597ce6,2K5/2BrN2p/1b1r1n2/3nk3/4qN2/1RP1R3/8/7b w - - 0 1,2,Menachem Witztum
fa49a8f0,5n2/4pp2/2B1k3/2B3Q1/8/2K5/8/8 w - - 0 1,2,Hannes Baumann
b2e376f3,4B3/1P3r2/KbN3r1/3P2n1/k3b2R/p1B4q/N1P2PPn/3Q4 w - - 0 1,2,João Batista Santiago
d3f5038d,8/2R5/8/3k4/8/4K3/8/5Q2 w - - 0 1,2,Eugene Albert Dugas
dd6b0b9f,3K4/6pN/6P1/4k3/4P2B/1Q6/1P6/8 w - - 0 1,2,Stanislav Hudák
7ca6a720,4K3/8/8/1p1p4/1B4Q1/1B1kb2R/3N4/4r3 w - - 0 1,2,Alexander Goldstein
1d79ec2a,2Br4/1p4pq/bPQ5/b5Pn/6R1/Np1k2rn/1P2R1P1/3K3N w - - 0 1,2,George T. Robertson
0bbe6d59,5n2/B1nqp3/2r4r/2bkPbNp/1pN1p3/1B6/3PR3/6QK w - - 0 1,2,José Paluzíe y Lucena
1b591129,Q1N1b1BB/3P4/R2bpPp1/3rkr2/5p1b/3PP1P1/8/2N1R1K1 w - - 0 1,2,Juan Zaldo Zapirain
1987f492,1RBR4/4r2p/N1k2p2/1p1n1N1K/2P2bp1/1r2pqPp/2n5/6Q1 w - - 0 1,2,Cornelis Groeneveld
c8967b98,5b2/1r1p4/1P2pp2/2k5/P1pR1P2/K2p4/bQ4B1/8 w - - 0 1,2,Luigi Mussini
1f992a1f,3N4/8/1p1p4/2bkp1p1/5rr1/1PP1pp2/B2N4/BK1R3Q w - - 0 1,2,David Hjelle
7655ffda,5K1k/6rr/7N/8/3R4/8/8/6Q1 w - - 0 1,2,Charles Wermelinger
e872f27d,1N6/1Rpp3q/4P3/2kr2Np/3r1Q1K/1P6/4P3/6B1 w - - 0 1,2,Johannes van Dijk
274451f6,rrn5/kp1P4/8/1PP5/N7/2P5/1K2R3/5Q2 w - - 0 1,2,Олексій Іванович Борисенко
73b3dd69,q6b/3N1PN1/3P1p1B/p4n2/p3k3/K1PR4/3p4/1Q3B1b w - - 0 1,2,Halvar Hermanson
c6b0cff2,B7/8/8/3R4/4R3/8/6nb/5K1k w - - 0 1,2,György Bakcsi
dc2b2955,1r2R3/8/Q2pB3/1r1p3K/n2P1p2/2p2p1n/2P1kpP1/2R2N2 w - - 0 1,2,John Michael Rice
850015dc,8/1R6/5P2/3n4/2N3PK/2P2k1N/Q1P2p2/5B2 w - - 0 1,2,Karl Alfred Stål
3e399d00,2b3q1/2r1p2N/N3B3/1R1Pn1p1/r3k1P1/2P1p1Bp/2P1Q3/3R3K w - - 0 1,2,Ionel Razu
d7a1af81,2B1Q3/8/4Kp2/7P/5k2/2Pp1p2/4P3/4B3 w - - 0 1,2,Francis P. Wenman
51b47613,1n6/2bB2K1/r4RN1/3k4/pQ6/3p2B1/8/4r3 w - - 0 1,2,Gilbert S. Dobbs
249e51e9,1b5Q/8/8/5P2/8/7K/8/5Rqk w - - 0 1,2,Charles Henry Wheeler
56ba944d,1B1n1b2/p3p3/2prp3/p2NkpP1/1n1rbN1K/3p1p2/1Q6/4R3 w - - 0 1,2,Govert Aliander Croes
b988be6f,7n/7R/Rp1q1kp1/4p1N1/7P/4B2B/3n1K2/8 w - - 0 1,2,Александр Былевский
21d9b610,8/p7/P3p3/1B1pPp2/1Pp2P2/N1pk1K2/3r4/BR1R4 w - - 0 1,2,Béla Schwarcz
71386773,3RK1QB/8/3b4/2rpNP2/N2kB3/Rn1p1P2/5P2/8 w - - 0 1,2,Gérard Doukhan
a9cdb5bd,B7/1R6/8/8/4R3/8/1K4k1/5N2 w - - 0 1,2,Hubert Gockel
5de65a46,B6Q/1N5P/1pr1rp2/2p4R/2p1kp2/2P1pN2/2PR2K1/4B3 w - - 0 1,2,Theodore Morris Brown
c4486668,8/1p2N3/1p2p3/1B4p1/1P2k1N1/4P2Q/4p1p1/4KbR1 w - - 0 1,2,Otto Bernard Wurzburg
dca6f59e,1N1K4/1p2pP2/3k1p2/1r1rNR2/2R1QBP1/4b3/8/8 w - - 0 1,2,Sándor Székely
2927530d,8/1b2K2p/8/3Nk3/2Qp4/5P1N/r1q5/1B6 w - - 0 1,2,Валентин Н. Овчинников
88c552f4,6r1/B2P4/2p3p1/qpQ2p2/2P1k2p/4N1bK/1nnpB3/4NR2 w - - 0 1,2,Giwi Mosiaschwili
a2d3f024,8/1Q6/KN2PR2/1pP1knP1/1Rn1pp2/1BP2P2/8/2Brr3 w - - 0 1,2,S. Ferenc Herpai
489b5e77,3Q4/7K/3P4/7k/5Rp1/2pp4/8/4bqN1 w - - 0 1,2,Wilhelm Karl Heinrich Maßmann
017d264b,8/2N2pp1/Q7/5kp1/R7/2K5/7B/8 w - - 0 1,2,Halvar Hermanson
d84c54f9,2R5/3p4/4p3/3bk1BQ/8/6N1/3N4/4K3 w - - 0 1,2,Walter Freiherr von Holzhausen
ab561f66,8/8/2p5/2Q5/2N5/2kp4/1N6/1K6 w - - 0 1,2,Peter Kniest
2ac6468b,5Q2/2n1r3/5B2/K1N5/3N4/k4PbR/B2R4/r7 w - - 0 1,2,Alberto Mari
4af83a63,8/6p1/4p3/p6b/k1KN1pq1/3p4/2N5/3B2nr w - - 0 1,2,G. Sprague
8abb98b0,8/3p4/8/4pB2/K4kq1/Q4NNR/3b1Pn1/5RB1 w - - 0 1,2,Tomás Salamanca
93e534e1,Q7/1R3p2/bp1K4/NN3R2/pk3B2/p3pp2/2P1p3/5B2 w - - 0 1,2,David Hjelle
8ae333bf,2nK1n1B/2RBp3/q2p4/RpbkNPp1/4p3/1P6/2P1N3/8 w - - 0 1,2,Zoltán sr. Vicén
134472ef,Q7/2N1p3/1R2Pnp1/4kNB1/1P2P3/2nBR3/2p3K1/8 w - - 0 1,2,Андрей Яковлевич Лобусов
73df1bf4,7B/1n1R4/1Kp1Nr2/4k1p1/Q2Np2R/1pr4B/8/1b4b1 w - - 0 1,2,Н. Е. Иванов
91747499,2b1B3/1pPr4/1P2kP1n/4B1p1/3p2Pb/3R1QP1/1KP2P2/4R3 w - - 0 1,2,Johannes van Dijk
3ec8f806,3R3Q/3r1r2/3P1P2/5K2/1Ppkpp2/4N3/2PB4/3R4 w - - 0 1,2,Pieter ten Cate
9a2c7eae,1bn1Rr2/r2p1k1P/1pp4K/6B1/3P4/2Q5/2p1B3/2nbR3 w - - 0 1,2,Frank Janet
48a71da7,B7/2p2pq1/K3n3/2k5/1pNR3r/1n2B3/R4N1Q/b2r4 w - - 0 1,2,Herbert Zaubitzer
d6e824e1,1B1R4/7r/pp1rN3/3kbpN1/Q4Pp1/1p2p3/b2n2Kn/3R3B w - - 0 1,2,Валерій Володимирович Копил
dc8783c8,7Q/8/8/8/8/7p/3KNp1r/5k2 w - - 0 1,2,Владимир В. Никитин
4ffcd4ce,K1Q2n1r/1pPp3R/1pp1NpB1/5n1p/2Ppk2b/3b1pB1/5P2/8 w - - 0 1,2,John Michael Rice
78fc71bc,B3Q3/5p2/1N3P1n/R1pNP2K/1b2kp2/8/b2nP3/3R2B1 w - - 0 1,2,Estanislao Puig Ambrós
ab118637,K7/5NQn/p1k2N2/BR3p2/2B5/2RP2b1/6b1/rq6 w - - 0 1,2,John Wilhelm Haglund
71f391f5,7B/1P3kP1/Q5N1/7B/7K/8/8/8 w - - 0 1,2,Werner Speckmann
b5e440b8,2b5/6Q1/1B3p2/4k3/2B5/4K3/8/8 w - - 0 1,2,Pál Siklósi
7e274083,4K3/1B6/3pkpPN/p3pp2/8/R5QP/b2rN3/3R4 w - - 0 1,2,Александр И. Велидов
9958036b,3qn2B/3p2nN/3Pp2N/1Q5p/2P1k3/4P3/1b2K3/6RR w - - 0 1,2,Johann Mockel
d666a9c4,5nn1/2p1r3/2KP3B/3R3B/3pk1N1/1PP1pN1R/p2Ppp1P/1qQ4b w - - 0 1,2,Павел Александрович Мурашёв
ccca6534,1bnN4/8/K7/1p2k3/1B2P2Q/pN1p2p1/4nP2/6r1 w - - 0 1,2,Antonín Klír
9f9d066f,8/5Q1p/N4b1p/2prpp2/2RnkpPP/3rpN2/1n1R1BK1/1B6 w - - 0 1,2,Abdelaziz Onkoud
d7072461,B1Rq4/1Rb4b/p5r1/p1knB1Q1/r1n5/PPN1P1Pp/1p1P1N1K/8 w - - 0 1,2,György Páros
b56f791d,3R4/2pNp1B1/KR3r2/p6r/3k4/p7/BnQ1PP1b/2N2b2 w - - 0 1,2,Евгений Иванович Умнов
13f9eab6,r3b1N1/3p4/p2krR2/p2N4/7Q/4pB1p/2R4b/4K3 w - - 0 1,2,Ralf Chris Handloser
c6819233,4N1b1/K1p5/1P3R1p/pR4q1/N3k1p1/r3P3/3PQ1P1/B7 w - - 0 1,2,Antons Gajevskis
2ee982f2,5Q2/4p2N/2P4R/1KnPk1N1/8/B2np3/4P3/3R3B w - - 0 1,2,Jacques Savournin
18b336bb,KQ4bq/R1p1n2r/2kp4/P1p5/Pn1pR3/5N2/7p/1r5B w - - 0 1,2,Alexander Pituk
1eae7a17,K6Q/8/6B1/2pkB3/8/8/4P3/8 w - - 0 1,2,Юрий Васильевич Гаглов
8758d8a9,b3R3/8/1K2P1n1/3RPN1q/2p1kp1P/1BPpN2P/Q5PB/3r4 w - - 0 1,2,Дмитрий Николаевич Банный
f2a37cff,8/3B4/5K2/7p/5p1k/6p1/8/4B3 w - - 0 1,2,Сергей Владимирович Радченко
fbf431b0,8/1Pk5/2p2K2/2N5/8/8/3B4/6Q1 w - - 0 1,2,Otto Busack
c94b93a3,2Q1K3/2N1p3/4R2B/p1r2k2/n7/2P4P/n7/1b6 w - - 0 1,2,Edith Elina Helen Baird
7957f47b,7Q/8/4K3/1Ppp1p2/4k1n1/3p1p1N/4PB2/8 w - - 0 1,2,Peter Hähnel
05fde76d,3Br3/6p1/1n3Np1/3pkrNR/pQ3RB1/P1K5/6n1/8 w - - 0 1,2,D. Lamouroux
72debd61,8/4K3/5p2/1Np1k3/3R3N/4br2/1Q6/2n2B2 w - - 0 1,2,Émile Léonard Pradignat
7d63eb94,2k5/2P4p/6RK/8/2Q5/8/8/8 w - - 0 1,2,Александр Ильич Сыгуров
d96ee7b8,5nRr/K5P1/4p1k1/4B2r/7R/4Q3/8/8 w - - 0 1,2,Filip Jakob Petersen
25c43c46,1B2n3/r1p4p/R2r1p1N/1p2kP1p/n4N2/3pPB2/3K4/1Q6 w - - 0 1,2,János Koch
303794f6,K3Bb2/3p4/7n/R5N1/1p2N1kp/5b1p/2Q3pB/8 w - - 0 1,2,H. J. Tucker
0fd27d64,8/3p4/5B2/3k4/4N1P1/8/2Q1K3/8 w - - 0 1,2,Charles Ephrem St. Maurice
61f26df3,8/4p3/5p2/5k1K/4pP2/1B1P2P1/8/R7 w - - 0 1,2,Alex Casa
465ed779,r3k3/b7/2p1K3/8/8/8/7B/7Q w - - 0 1,2,Геннадий Петрович Игнатенко
d57f7705,8/1bbR3K/q2n4/5B1p/7B/1Q2N3/3pk1P1/6RN w - - 0 1,2,Friedrich Beck
1a80c90c,n4R2/2p4r/K1Q5/5Bb1/3PNk2/3pnpR1/3Pq2p/7N w - - 0 1,2,Валерий Юрьевич Шаньшин
f38ac518,8/2K5/8/2pN2Pp/2b4k/2rQR1nN/5n1R/4B3 w - - 0 1,2,Aaron Hirschenson
0f4808d1,B1n1QB2/2RP3p/3p1p2/1p2N2p/3kPN2/1P5R/r3P2K/1b6 w - - 0 1,2,Alessandro Fasano
9ff37fcf,3n4/p2qr1N1/2pNR3/2Pk2n1/1P5b/2BB2pp/4b3/K7 w - - 0 1,2,Géza Erdős
5ae0b09c,4nQ1B/2p5/4N1p1/q1p3K1/2p2pN1/3k1Pp1/2Rb4/3B1n2 w - - 0 1,2,Dieter Müller
3bee13fd,1N1R4/2n4p/1R6/4k3/5N2/4pRPn/b1B2b2/7K w - - 0 1,2,Efrén Petite
3c1ba3cd,1N6/4p3/b1R1N1p1/r2k1pK1/2nP1B2/3P4/6P1/1Q6 w - - 0 1,2,Роман Федорович Залокоцький
82e781a4,8/1k3B2/1P6/K7/8/8/8/5Q2 w - - 0 1,2,Валерий Альбертович Сурков
e4703022,3B4/N7/nR6/2pPk2B/2RNnp1b/K2Q1p1r/8/8 w - - 0 1,2,Iuri Schost
59badcc4,B2b2Q1/3P4/p1K5/3R1p2/2P1k3/4N1P1/r1P5/4R1Bb w - - 0 1,2,Марјан Ковачевић
d0ed4aee,5r2/1pNN3B/1p2R3/1P2pb2/3k2p1/3n1p2/1pQB4/2n2Kb1 w - - 0 1,2,E. Stephenson
d85c6660,8/4p3/b1pN4/p1r5/R1qk1P2/2p3Q1/2p1PRB1/2n2KB1 w - - 0 1,2,Giorgio Guidelli
a0a3e729,5nQ1/6Rp/8/7k/8/8/7p/1K5n w - - 0 1,2,János Hódy
b450a720,8/8/8/5Q1P/2p2N2/2pRPN2/2Kb1pp1/5kr1 w - - 0 1,2,Alonzo Townsend
ab262080,8/6B1/8/5k1K/1q3N2/8/6B1/2Q5 w - - 0 1,2,Kurt Laue
27f3fb5a,8/2p5/3r4/NRnB1pp1/1p1k1r2/4NPQ1/1P2R1K1/1b4B1 w - - 0 1,2,Thomas Sexton
a08e605d,1nbN4/B7/p7/kp1p4/n2R4/Rp6/1P6/K7 w - - 0 1,2,Louis William Cafferata
540927d4,8/8/6KQ/8/1N6/8/1p1P4/1k4B1 w - - 0 1,2,Johan Hilding Laurentius Fröberg
88e645c2,1n6/6Q1/5R2/6pp/6k1/8/7K/8 w - - 0 1,2,Александр Григорьевич Андреев
222c4e1c,5N2/1p2Bp2/1K3p2/2pknQ2/5P2/1PPp1b2/3N4/7r w - - 0 1,2,Федір Михайлович Капустін
6b5e3f74,1BQ5/1p2K3/q1p3p1/3k2pR/2p4b/rn3n2/2PNN3/4Rr1B w - - 0 1,2,Зиновий Маркович Бирнов
073412f5,8/8/3pKp2/1N2p2N/4k3/3rBr2/8/4Q3 w - - 0 1,2,Joseph Ney Babson
00305fd5,8/3p2n1/1Rpp4/3k4/8/5K2/3N1Q1B/4R3 w - - 0 1,2,Peter Rolf Orlik
d694a2b8,3b1R2/8/2p1P1N1/2Pk1P2/R2n2Np/B2p3p/2P2Kn1/7B w - - 0 1,2,Evgeni Bourd
1d992fdc,k7/p1K5/2p5/1P6/8/8/6b1/6Q1 w - - 0 1,2,İlham Əliyev
3c3ff3b3,8/1p6/1N4P1/bpk1B2Q/1N6/3P2p1/P5K1/8 w - - 0 1,2,Ludwig Fechter
b3644976,8/2pB4/8/2Pk2K1/3BRP2/3n2pR/3NN3/1n6 w - - 0 1,2,Edith Elina Helen Baird
e4e0e7ff,8/2N5/1N3p2/8/1K2k3/6Q1/8/8 w - - 0 1,2,Будимир Марјановић
97262656,5Q2/8/8/1p6/k1P1R3/8/2K5/8 w - - 0 1,2,Kənan Vəlixanov
8e8b73b9,4R3/B1rrb3/1R1P4/p7/P1nk1Pp1/1KNNpn2/2PpP1Qp/7B w - - 0 1,2,Gerhard Maleika
829d73ff,8/8/3P1B2/1BNPpK2/1Ppp4/k7/NR4Q1/b7 w - - 0 1,2,Jaques Fulpius
e35cdb14,3Q4/2Rn4/1n6/1p2N3/3k1B2/8/2K2P2/7B w - - 0 1,2,Jorma Paavilainen
d8a4d9fb,2N5/2pPr1p1/4p1K1/1Qp1knR1/1b5p/1BPPB1n1/3p3q/8 w - - 0 1,2,Visvaldis M. Veders
8dd7e2b6,1B1K4/2n5/2N1k3/4NpP1/1PP2p2/3B1p2/5P1P/3R4 w - - 0 1,2,Efrén Petite
8ae4f11d,2K1Q3/1pP1ppN1/4np2/RN3P2/3Pk3/1B1p4/3Bn1P1/5R2 w - - 0 1,2,Arthur Robert Gooderson
406b3f0c,Q7/3n1p2/p1R2P2/PPp2P2/2kpNp2/K2p1B2/3R4/8 w - - 0 1,2,Jacobus Haring
d4165174,1n1N4/b1BP1p2/1p1R1Pb1/1K2kp1p/4pR1n/3P2P1/3rQ3/4N3 w - - 0 1,2,Василь Юрійович Марковцій
ea8eed9d,8/8/bP1rP1BK/6Q1/n3N3/1p1krNR1/2p1pB2/2b5 w - - 0 1,2,Johann H. Maas
07598cc8,3N3q/pp2QppP/3p4/p2p3R/N1Pkn2R/Pnrb4/B1PP4/7K w - - 0 1,2,Jan van Woerden
cf1c20bd,4K1R1/4Q3/5P2/2n2k1N/2P5/3p4/5p1B/b7 w - - 0 1,2,Александр Фёдорович Малышев
778a09d3,8/2p5/2P1p2K/4R1P1/R1Nbbk2/3Pr2p/4P2P/4B3 w - - 0 1,2,Дмитрий Васильевич Кларк
b533a14c,8/5P2/1K6/8/kP6/p7/P2PP3/8 w - - 0 1,2,Friedrich Theodor Steudel
e3499e88,B7/1Q5N/K5b1/3npp1n/R2pkPr1/1R4b1/2p1Pr2/2qN2B1 w - - 0 1,2,Erich Ernst
5670b9c2,2K5/2N5/p1Q1p3/4k1n1/2b2R2/r1r3P1/p7/B7 w - - 0 1,2,Herbert Siegfried Oskar Ahues
4b4a72c0,8/r1pQ4/3pR3/1Nk5/3R1rp1/N4pP1/5K2/8 w - - 0 1,2,Johan August Ros
bc5b22f0,2KB4/pBP2pr1/Rr2kn1R/4n1b1/3pP1p1/1b5N/2N3QB/3q4 w - - 0 1,2,Edgar Dinwiddie Holladay
5b716561,8/B1NR1NQ1/q1nppr2/1prB3K/Rp1k4/1P1p1Pb1/3P4/8 w - - 0 1,2,Josef Fischl
57e3897e,6Q1/P6P/r1p5/P2N2Pr/8/7P/N1pkBP2/2b2K2 w - - 0 1,2,Karol Mlynka
433022f6,3r4/1qb4b/2N1p3/nr6/7Q/2Bk2pN/1pR1R3/1K6 w - - 0 1,2,Микола Іванович Мироненко
cd1bc98b,1b6/Q1N5/K1R2B1n/4NR2/4krp1/3ppp2/B7/8 w - - 0 1,2,Ottavio Stocchi
f27aac0f,8/K7/8/7Q/3kbB2/1P6/P7/8 w - - 0 1,2,Валентин Анатольевич Симонов
7b99df38,2B5/8/3P4/1p1p4/n1k1N3/p1PpBp2/P2Q2n1/1K1N4 w - - 0 1,2,Francisco Miro
3ce66327,3N4/1p1R1R1p/7K/4k3/3pnp2/8/3PN1Q1/1B2n1rb w - - 0 1,2,Дмитрий Егорович Пихуров
d77a3849,B5r1/p4N2/P1p3bR/2Nk1P2/1Pp3r1/2P3b1/Kn3p2/4R3 w - - 0 1,2,Almon Ferdinand Rockwell
69f61349,8/8/1B2p3/1P2P2K/Ppk3NR/1p5R/1Pp1qp1N/2nb1Q1B w - - 0 1,2,Милан Радоје Вукчевић
e749515c,5rB1/2q5/2p1QP2/2n5/2pkP1R1/1P1N1P2/3R3K/3N4 w - - 0 1,2,Andrej Ančin
2787f769,B2N4/7p/4PP1K/4kp2/8/4N2P/1RR2P2/7Q w - - 0 1,2,Сергей Воронов
05099d35,2Q5/1p6/1P1Pp3/2PRPp2/2kN1K2/P1PN2pR/8/2B5 w - - 0 1,2,Emil Klemanič
67e58597,1K1k4/2pppB2/8/8/8/8/Q7/8 w - - 0 1,2,Сергій Олександрович Шедей
d83c5095,8/8/1Qp1p3/2K1P2R/3N1P2/2p1kP2/p1p1P2P/B1N2R2 w - - 0 1,2,Stefan Dittrich
5d196c81,8/3pN3/2b5/K1k1BQ1n/2p5/6p1/1P1P4/8 w - - 0 1,2,Петро Андрійович Новіцький
ff1accd1,B5K1/1nnpP3/3Bk3/3R2P1/8/1Q6/R3P1p1/8 w - - 0 1,2,Анатолий Васильевич Слесаренко
05856d16,8/1K6/8/bkPp4/1pRB4/4P3/2Q5/3B1b2 w - - 0 1,2,Robert A. Lincoln
4cb32297,2R2b2/2n1p3/2NpP1p1/1Prk1P2/KBpN2p1/1P3P1r/b1P1B3/n2QR3 w - - 0 1,2,Charles Dember Rudd
01802270,2R5/B6B/K1NpP1b1/P1NPR2Q/2k4P/P7/PpqP4/1n6 w - - 0 1,2,Hartmut Laue
096c8cb3,8/8/Q6P/2P2K1R/3kN3/P4P2/6P1/2B4N w - - 0 1,2,Jozef Pinter
e303be73,4b1B1/4p3/1Kp1Qb2/Bp2N1p1/3k4/2R1pPp1/7n/3r1n2 w - - 0 1,2,Emilian Dobrescu
f79fb9ec,8/8/8/7P/5R2/8/6PP/5K1k w - - 0 1,2,Николай Абрамович Жарков
18a1fdf5,3N4/8/8/R7/4k3/2P5/5Q2/7K w - - 0 1,2,Peter August d’Orville
092bf558,3Q4/4RP1B/3p4/1pNknNp1/1Pnp2P1/3p2K1/3P4/2R5 w - - 0 1,2,Vladimír Pribylinec
9cb49c48,2q1k1K1/2p3Q1/4p3/5P2/8/8/8/8 w - - 0 1,2,Николай С. Зиновьев
e6d22d20,3B2B1/3p4/1N4KR/3Pk3/7P/1N3R2/6P1/8 w - - 0 1,2,Федір Михайлович Капустін
c585c140,K3N1nb/1pp4r/4p3/3kn3/Q2ppP2/BP6/6R1/2r1R2B w - - 0 1,2,Álvaro Pereira
c8e7d1b6,8/p1Rp1n2/7Q/1p1k2p1/5bN1/2P5/K2nR2B/1B3r2 w - - 0 1,2,Colin Peter Sydenham
f74c1515,6B1/2B2N2/3p3K/R1nk4/5n1R/P1Q5/5P2/4N3 w - - 0 1,2,Thomas Denton Clarke
a5b82a5c,2R5/Kp6/p4p2/N7/r2kPQPq/1rRN4/B2p1b2/3bB3 w - - 0 1,2,Юрий Григорьевич Горбатенко
3080822c,6R1/2Rpk3/Q7/3Kbb2/4p3/8/8/8 w - - 0 1,2,Vidadi Zamanov
5c8a04ba,8/4B3/3p1R2/2p3p1/2NrkbN1/1Q4P1/RP4Kn/8 w - - 0 1,2,Thomas B. Rowland
4a198470,2b2R2/B1N3pK/5b2/2R2n2/5k2/5B2/3P2P1/4Q3 w - - 0 1,2,Willy Schafft
cb96971c,8/8/2Nb4/3N4/8/1K1kBB2/8/8 w - - 0 1,2,Pál Sonnenfeld
d25d06f2,8/2K5/8/3pk3/1P2pNPB/4Q3/8/8 w - - 0 1,2,Valentí Marín i Llovet
7948fdfd,8/2pk4/2N5/4PK2/1Q6/8/8/3B4 w - - 0 1,2,Роман Федорович Залокоцький
4ee8d8b2,3N4/3p2K1/2p3B1/2P1k3/1q6/2PRNRP1/4b3/8 w - - 0 1,2,Ernesto Ferrón de la Fuente
c5468e74,7Q/8/8/8/8/4KRP1/6k1/8 w - - 0 1,2,Василий Иванович Черных
7c724c3b,2r1nr1b/8/3B4/1R1p4/RPNk4/5p1K/B2P1N2/8 w - - 0 1,2,Rodolfo Prete
1e871188,8/3N4/2pbp3/3k1p2/6pQ/1p1K3P/8/8 w - - 0 1,2,Čestmír Bára
498a8959,3R4/2NK3p/4p2r/8/1npkB3/Q3R3/5b2/6B1 w - - 0 1,2,Charles Edwin Dennis
51aa9393,4r3/1pQ4B/pPP1p3/K1k5/P1PN1R2/7r/1Nn3b1/2R3bq w - - 0 1,2,László Apró
01e8c6d2,8/4Q3/6B1/5p1p/6k1/8/5K2/5N2 w - - 0 1,2,Микола Васильович Чернявський
e7a07b3d,4Q3/B4Kpp/3bB3/R1nPk3/6RN/1p6/3n1P2/8 w - - 0 1,2,Juan Carlos Morra
49203d9c,8/1R3P2/2P1K3/3N4/3k4/3P4/3B4/8 w - - 0 1,2,Григорий Александрович Промышлянский
0c96b16a,8/4R3/1K1k4/8/5rNQ/8/B7/8 w - - 0 1,2,Дмитрий Григорьевич Касеко
9fd21fba,B3R1b1/3Q4/1R2r1n1/3NbPp1/K1N1kr2/2pp4/3P2P1/1n4B1 w - - 0 1,2,Wieland Bruch
38e638ce,3Q3B/5R2/R1qN2p1/1P1k2N1/1P5K/8/8/8 w - - 0 1,2,Bo Waldemar Lindgren
23868e3a,2Nn4/1rPr4/3B1p2/1p1k1P2/3N1Q2/3P4/4K3/7b w - - 0 1,2,Thomas Salthouse
0cf7a6f5,2rb4/1pqR4/1NP1p2K/3Bk1pN/1B1p2P1/r7/1n1Qb3/R1n5 w - - 0 1,2,Robert Winslow Clark
c7407342,2k1K3/1RPrp3/8/5Q2/8/8/8/8 w - - 0 1,2,Александр Григорьевич Андреев
71ff8498,8/Pk2P3/1P6/1K6/8/8/8/8 w - - 0 1,2,Julius Buchwald
340e8108,7b/2p2N2/8/1N4B1/4k1P1/1B3RRr/r3P1np/1b5K w - - 0 1,2,Robert A. Lincoln
0078d2a8,6N1/6k1/7N/3Q4/5K2/8/8/8 w - - 0 1,2,Erich Ernest Zepler
60e5103b,4r3/1pB2p2/5QN1/1n4P1/2B1k1r1/3R2P1/p1Np1K2/3b1n2 w - - 0 1,2,Hrvoje Bartolović
d0758e22,R6B/2PP1nn1/4kN2/8/K4P2/Q7/2B5/8 w - - 0 1,2,Андрей Николаевич Дикусаров
4949822f,5R2/8/3K4/8/8/6k1/8/3Q2N1 w - - 0 1,2,Michael McDowell
d0c78501,4R1K1/1p6/3P1kpp/3p3n/4p1P1/4QP2/1b3BN1/1b6 w - - 0 1,2,Станислав Алексеевич Ильясов
b51f2092,3K4/p5P1/2ppP3/2pk1p2/P1N1pP2/b1PpR1N1/6Q1/8 w - - 0 1,2,Henryk Grudziński
a7892788,qn3NBb/2Bp3K/p4k1p/R2nRN2/2p2p1P/8/8/2Q4b w - - 0 1,2,Марјан Ковачевић
696305f1,6B1/8/2n2K2/3N4/1B1Nk3/2Pp1b2/5p2/6b1 w - - 0 1,2,Vincente Maria Norberto Portilla
4c5ed576,4b3/3PkpP1/7P/BQpr1p2/2Kp1N2/3P4/8/8 w - - 0 1,2,Лазарь Борисович Залкинд
069ce3da,7Q/4p3/5q2/2B1k2N/5N2/3P3B/8/6K1 w - - 0 1,2,Виктор Фёдорович Волчек
5d75ef16,1Q6/8/8/5p1n/6k1/5N2/5K2/8 w - - 0 1,2,Ján Janočko
fb671e19,7R/6pN/4K1Rb/3B3N/4Q1P1/6Pk/5P1P/5b2 w - - 0 1,2,Barry Peter Barnes
83b46f8b,8/1R6/7K/Q1p5/8/3k4/2pP2p1/2rr1bN1 w - - 0 1,2,Jaroslav Krupička
f6064906,8/1PNBp3/Q6K/n3N3/4kp2/1p3p1P/1B2pPrp/4n3 w - - 0 1,2,Max Grünfeld
392cc15d,1K6/8/8/2N5/1brN4/pB3Q2/1Rqp4/2k5 w - - 0 1,2,Jacob Elson
7fd26aad,b7/p2R3p/3P2pr/R2PkPP1/K6p/2N2Qp1/4Nnn1/1B6 w - - 0 1,2,David J. Shire
fc1e7f23,8/3N4/8/3N4/2npn3/3k4/3b2p1/2RQ1bK1 w - - 0 1,2,Karl Flatt
94fe7287,K1R4B/b2p2NB/3pp3/3k4/4n2q/5p2/4N3/Q1R5 w - - 0 1,2,Tibor Érsek
1e03bead,4Q3/8/4b3/4k3/1K2N1pP/8/2N1P3/2B4B w - - 0 1,2,Dumitru C. Ivana
e346b9b6,8/8/8/2prN3/2P1k1K1/2Q5/8/8 w - - 0 1,2,Hugo Knuppert
1681ad54,8/3p4/4n1R1/3k4/1K6/2Q2P2/8/8 w - - 0 1,2,Александр Григорьевич Андреев
caab967d,6B1/3nKp2/5Pb1/3p1kpp/3Pp3/6QP/5p1B/5r2 w - - 0 1,2,John Stewart
b219b88a,3r4/1p3p2/Q1R3n1/2pkn1N1/2Np2p1/p2p1p2/K7/8 w - - 0 1,2,Валерий Анатольевич Евдокимов
788e75ff,8/6R1/3n2K1/6R1/2N2k2/1b1Q4/1Nq5/7B w - - 0 1,2,Валентин Федорович Руденко
6f0d82af,2Q5/2br2Np/b3P3/1nR1R3/1P1k1P2/p2p3q/K2P2n1/3N3B w - - 0 1,2,Neculai Chivu
5de9bca6,6r1/7Q/8/3p2N1/1P1k1q2/3B4/p3P3/Kb1N4 w - - 0 1,2,
ba262bed,4Nn2/4KP2/6p1/3Pkp1b/R4p2/8/1N1R2n1/7Q w - - 0 1,2,Herbert Siegfried Oskar Ahues
995c1e86,3Q4/8/8/4B3/N7/1K6/1P6/k1b5 w - - 0 1,2,Василь Юрійович Марковцій
a0bf79d9,8/3n4/R1b1BP2/R1b1kP2/4Np2/2Np1p2/8/BK4Q1 w - - 0 1,2,Вячеслав Карлович Пильченко
3cdc56e7,8/4P1Q1/3k4/8/3K4/8/8/8 w - - 0 1,2,Zelikas Kolodnas
5bbe8219,q5N1/3bR3/1nr4p/bQ1Pp3/3pk1B1/r2p1R2/4P2K/BN6 w - - 0 1,2,Herbert Siegfried Oskar Ahues
9403e3e3,B1n5/n1Nb2p1/Q4b1q/P1k3r1/1p3R2/6Pp/1pr1pP1K/8 w - - 0 1,2,Emil sr. Mächler
d48ed3bb,K7/8/3p1Q2/2B4B/4kb2/6p1/1N4R1/8 w - - 0 1,2,Alain Campbell White
d6a801ab,b3Q3/1B3p2/P2Bqp2/3N2rR/1N2k1P1/2pR1p2/K1PP4/8 w - - 0 1,2,Marco Guida
c08a09fb,1R6/KP6/5N2/6N1/7q/5R1p/7k/4BQ2 w - - 0 1,2,Donald Lebeck
77b24953,1q1R1b2/5N1K/3P1P1p/3kNB1Q/np2pP2/1P2B3/2r5/1nR5 w - - 0 1,2,Herbert Siegfried Oskar Ahues
83592349,4n3/Qp5R/2pp4/1N1kp1N1/2p5/4B3/4PP2/RK1n2b1 w - - 0 1,2,Карл Артур Леонид Иванович Куббель
a1dd17b1,B7/4rpN1/8/Q3P1RP/1RN2kpn/K4p2/5P2/8 w - - 0 1,2,Willem Nanning
496a7b4e,3K4/8/1p1kp3/1n4P1/4P3/1N6/4R3/2Q5 w - - 0 1,2,Julius Adam Kaiser
b95df5fe,5B2/4n1K1/1P1PB3/RP2kP1Q/2R1P3/6P1/8/8 w - - 0 1,2,K. R. Chandrasekaran
0380241e,8/8/8/1B6/1B6/2K2n2/3R1p2/4k3 w - - 0 1,2,Анатолий Яковлевич Кириченко
754b88c6,5r2/3B4/8/pNNk4/K4bRr/5P2/1BR5/8 w - - 0 1,2,Barry Peter Barnes
3f9f92bb,3B3r/qp2R2p/2ppNp2/Rp1k1N1b/2rb1Q1K/6p1/B7/3n4 w - - 0 1,2,Pierre Monréal
d49e4288,4K3/2ppP2p/3k3P/2p4R/8/8/2P5/2Q5 w - - 0 1,2,Zdeněk Závodný
d024b83e,K7/2N1Rp2/2n5/1p4bR/1Bkp2p1/p4r2/P1N1PnB1/3Q4 w - - 0 1,2,Otto Frederick Jentz
2503bb55,8/K3R3/3N4/2pN1p2/1pPk4/3nn2q/1P2Q3/8 w - - 0 1,2,Paul Vătărescu
ae3d348f,8/B4prq/8/KP4p1/1RN1k3/3nP1nR/5QPb/1B1b4 w - - 0 1,2,Arnoldo Ellerman
cd0c993d,2Q5/8/3p1pN1/1pbp4/1p1kp3/1p4p1/1P1NK1B1/8 w - - 0 1,2,Крикор Хайрабедян
9a8ba33b,b3Q3/pNprP3/p1k1p3/K1PNP3/1R3P2/8/B7/8 w - - 0 1,2,Ottavio Stocchi
d1477b06,2K5/8/3k4/pPpppPB1/P6p/7P/8/3Q4 w - - 0 1,2,Niculae Ionescu
200e9eb1,3bn1B1/8/8/4k1p1/RB2N1P1/6R1/2b1NP2/3nK2Q w - - 0 1,2,Роман Федорович Залокоцький
c8dfebfa,8/2r3p1/2p1p1K1/1np1kp2/r3N3/8/4Q1b1/2BRR3 w - - 0 1,2,Kenneth Holmes Braithwaite
c3189249,8/2K5/8/8/1kPQ4/1P6/B7/8 w - - 0 1,2,Алёна Владимировна Кожакина
7bd0f779,2b2K2/2p1BQ2/8/R1r3PN/2R3Pk/b4pp1/5rP1/3B4 w - - 0 1,2,Kenneth Samuel Howard
75fe0f0f,7K/8/5p1k/5P2/5PB1/6PN/7P/8 w - - 0 1,2,Juraj Lörinc
6c365ed5,bBR4K/1N1Q4/1p2p3/rp1B4/r2k3p/5R2/6N1/b5q1 w - - 0 1,2,Johannes Jacob Rietveld
792edd58,8/8/3p1K2/1P1R4/pp1N2R1/qBk1P3/rnp5/n1Q1N3 w - - 0 1,2,Ivan Garaj
fab6b612,8/4BRp1/1q1pp3/3pk1K1/3r4/R3NP1B/4n3/Q1b4n w - - 0 1,2,Александр Николаевич Панкратьев
b16c6c07,8/2p4Q/1p1k2K1/NR6/Bn1bpN2/8/8/8 w - - 0 1,2,Владимир Александрович Голубенко
f1bac130,B7/b7/2N5/PNkq3R/b7/3P4/nQ6/6K1 w - - 0 1,2,John F. Tracy
d061ba9b,b1B5/Nr5p/kp5K/PNp5/2R4p/7p/7p/7Q w - - 0 1,2,Josef Šutara
9f9c66c3,8/3p4/p2Pp1p1/Q5Pp/3N1kpP/3P4/4B3/3NK1R1 w - - 0 1,2,Виталий Иванович Пименов
c434d640,3B4/1Q6/6p1/7k/8/6PN/8/7K w - - 0 1,2,Валерий Иванович Коренев
b4509cc5,8/4P1KB/1N3R2/P1p1k3/q2p3B/1n6/1P1rNbP1/2Q5 w - - 0 1,2,František Kubát
3426d9a3,2n3r1/3B1p2/K1R5/3k3P/1PN4R/p1p2P1n/3PNb2/2q1r3 w - - 0 1,2,Tibor Érsek
f11b237b,5Q1B/5Pq1/4p3/1pR3p1/1P1k2K1/2N5/1pPbn3/8 w - - 0 1,2,Thorleif Cammillo Henriksen
e4f7f259,KR6/5p2/N1k5/3R4/1b4p1/2q5/2r3B1/n1Q5 w - - 0 1,2,Степан Павлович Цырулик
cb2ded63,5b1Q/4p3/4b1R1/1BBk1N2/1Pn3P1/1n1p1PK1/8/8 w - - 0 1,2,Rudolf Lokaj
49f5c44d,1K6/6Q1/1RB1p3/pN2p2p/2k1n3/1NP5/4Pb2/qR5b w - - 0 1,2,Rainer Paslack
03b89b2d,Q1KR2B1/8/p7/2P5/r2N3r/3k4/N3RP1n/5n2 w - - 0 1,2,Karl Junker
0f723bcb,b7/1B3P2/1pr4p/rR1nN1p1/4k1P1/4pNQ1/4P2K/8 w - - 0 1,2,Jorge Marcelo Kapros
b2c9d8ed,K1NR4/1pk2N2/1p5r/1P1pP3/p2p2b1/7r/2B5/2R5 w - - 0 1,2,David Hjelle
3af54221,8/5B2/2p5/8/4k3/2P5/1Q4NP/3K4 w - - 0 1,2,Zdeněk Libiš
fc32b31c,4n3/1pb5/b3Q1PK/B6p/p2p1k2/rr6/4nPR1/2NB2N1 w - - 0 1,2,Alberto Armeni
2b0f2c9e,8/5Npb/K1p5/2k2n2/R4N2/1nP5/3B4/1rR5 w - - 0 1,2,Ullrich Friedberg
8d396d48,5NR1/6b1/5B2/R2bpk2/4N2r/3Q3p/4P2K/8 w - - 0 1,2,Назир Мансуров
98f57ffa,1B6/p1np1p2/B1p1b3/2pk4/1RNp2p1/2PQ4/2KN1pq1/8 w - - 0 1,2,Charles Ouellet
ca51ab9a,1KbQR1Rq/6np/1BNP4/3pbpn1/5k2/2N4B/4P2P/3r4 w - - 0 1,2,Alfred Olaf Karlstrøm
3a943caf,qQ2B3/1bp5/6r1/p7/Pk2N2R/2R1p3/1P6/1N4bK w - - 0 1,2,Александр Иванович Козлов
7ee7751e,1b6/4N1K1/p7/3Bn3/p1Nk4/Q1pbR3/2R2P2/8 w - - 0 1,2,Efrén Petite
b66e4c91,1B6/R1Pk4/8/2KN4/8/8/8/8 w - - 0 1,2,Gyula Beck
1272f24a,b7/r3P3/prk5/Bp3N2/1Q2R3/8/4K1R1/7B w - - 0 1,2,Martin Wolfgang Hoffmann
0fa56964,q6B/1r6/2NN3p/4R1n1/1Pb4r/2kp4/p4RQ1/K2B4 w - - 0 1,2,Efrén Petite
55263b1c,1br5/1QN4p/7p/p2n4/3Pk1N1/8/qpn5/3R1R1K w - - 0 1,2,Пётр Борисович Забирохин
e054268b,7Q/b4K2/3P1R1p/3k1p1r/1P1N2N1/1n1P4/4B3/q7 w - - 0 1,2,André Caresmel
19adf419,3R4/1n2KN2/3p4/3kp1R1/Q3NP2/2p1rn1b/8/2b3B1 w - - 0 1,2,Cornelis Goldschmeding
6efc24be,2N5/3N1n1B/n1p1p3/1b1k2b1/3p2p1/3p3p/2R1PQ2/K2R4 w - - 0 1,2,F. L. Baxter
6ef8aafe,2n2Kb1/p6P/3pN2R/QP1kP2R/N1p5/3B4/2P4b/1q1n4 w - - 0 1,2,Семён Семёнович Левман
d57d1b82,4r2B/bbR1n3/Nr3p2/1p4N1/2p5/p1k2p1R/Pp6/1n1Q3K w - - 0 1,2,Ervin Goldschmiedt
0d60dea8,8/1pK1N3/5Pp1/2k2pQ1/rN4R1/P1BB3r/1R2n3/8 w - - 0 1,2,Марјан Ковачевић
bc49f549,1B1KB3/r5p1/r3kNp1/4P1R1/p7/3QR3/q1p5/8 w - - 0 1,2,Rudolf A. Pieprzyk
55b5e6b3,1K6/2PNP3/3k2B1/8/8/8/8/1Q6 w - - 0 1,2,Walter Wohlers
25a18271,4n3/5K2/3p1p2/1R6/4k3/4N3/n2Q2P1/8 w - - 0 1,2,Николай Иванович Максимов
b0e42f7c,8/8/6R1/5p2/8/8/R5N1/1Q1K3k w - - 0 1,2,Gerhard Kaiser
8737952b,3r4/7n/r2RP3/2ppp2p/2BkP3/PpN1N1Q1/1P5B/6K1 w - - 0 1,2,Cornelis Goldschmeding
80ed7dd4,8/3p1N2/2r4p/1P1k4/4R3/B1p1KN2/6B1/8 w - - 0 1,2,Яков Вульфович Россомахо
b3576af6,8/2rp1Q2/1PP1P2K/RP2k3/6b1/B2PN3/2Nn4/8 w - - 0 1,2,Julio Peris Pardo
4185d99a,7K/5p1Q/3B2r1/1N5p/4k2P/2R1P2B/8/3NR3 w - - 0 1,2,Hans Frieder Haefele
12c7cd68,8/r1p1Q2P/3r1N1K/2k3NR/pR2B3/P3b1q1/8/6B1 w - - 0 1,2,Александр Андрианович Батурин
2f75bc01,6QB/5P2/4N1nq/3P1k1p/K1N3rP/p1p2P1B/4nR1b/4rbR1 w - - 0 1,2,Marcel Segers
dd49bab8,4R2B/6n1/2R2r2/N2p1p2/KPPk1P1b/p3r1N1/3P4/1B4n1 w - - 0 1,2,Юрий Николаевич Вахлаков
0dcdf2a7,2q2n2/2p1Q1p1/1p2n3/2bB1b1R/pP1kpP2/K2pN3/3P4/8 w - - 0 1,2,William Shelley Branch
57fe62a8,8/3Q4/8/8/3K4/5p2/4k3/2R5 w - - 0 1,2,Павел Петрович Рожков
43bf079f,8/8/3p4/NK1N4/3kp3/8/3P4/7Q w - - 0 1,2,Qərib Hüseynov
b2d3bb84,5nN1/8/6R1/2Q1pk1p/7b/2KP2p1/6N1/8 w - - 0 1,2,Николай Семёнович Терещенко
c33efd7d,7b/1qn1p2K/1Pp3p1/4k3/1R2N2R/2P1N1PB/Q4p2/4n3 w - - 0 1,2,Karl Heinz Siehndel
5f1faa5b,3bKn1B/8/2Bpk1rP/R6N/1r4N1/3qP2Q/8/1b3R2 w - - 0 1,2,Wieland Bruch
cb87f8a5,8/8/8/7p/5K2/7k/2Q4p/3B3n w - - 0 1,2,Ján Valuška
591ffbd9,8/3r1r2/1R6/3k1pQ1/1PN3R1/1P2PK2/4n3/2n3bB w - - 0 1,2,Frederick Forrest Lawrie Alexander
47201bd4,8/b1r5/4N1B1/3p3n/2bp4/2B2R2/3rk1K1/3N2Rn w - - 0 1,2,T. C. Evans
1d0b2aff,8/r1p4p/2P1k3/1N5Q/2RpqpRB/pK1p1p2/4N3/8 w - - 0 1,2,Alex Casa
b3f454ee,8/8/2N5/2NK2B1/2B5/2p4r/1rkP4/n3Q1b1 w - - 0 1,2,Николай Михайлович Герасименко
c78e8016,8/R2Pk2P/8/4N3/3P3K/8/8/8 w - - 0 1,2,Stefan Klebes
3e7ada18,3Rr3/Q2N4/1Pp4B/2p1PB2/P2k4/2pN4/KP5q/3R2b1 w - - 0 1,2,Berthold Weiß
fc1e2cbc,5N2/2p4b/p1k3qR/PRp1PN2/4K2p/4B1b1/8/5B1Q w - - 0 1,2,Петко Андонов Петков
92f0fcd3,3K4/8/3pRpP1/4Pk1N/2N1n1R1/3Q4/Bb3rPB/4r3 w - - 0 1,2,Wieland Bruch
5c510fde,3B2q1/8/rn1p1n2/N1p1kB2/2p3pN/2P5/1R4b1/4KRQ1 w - - 0 1,2,Dumitru Răducănescu
e544a437,3Q3b/3pPN1b/rp4nB/4P3/1p2kNP1/pP4R1/2n1B3/3R3K w - - 0 1,2,Jacques Weber
26c98e55,2nr4/5QN1/B6b/2pPP2p/2pPkPNn/8/1p2K1P1/6B1 w - - 0 1,2,Zoltán Labai
00d01c00,1B6/8/4K3/p1pN1P2/R5p1/4Nk1p/R7/5B1n w - - 0 1,2,Donald A. Smedley
893a67aa,1b3RnN/4p2p/2P3p1/3Bk3/Q1P2pP1/5P2/b2R4/K7 w - - 0 1,2,Henry Bristow
29f96148,8/3N1pQ1/1n3N2/2Pp2Rp/1r1k3K/Bp2p3/1Pb1B3/2R5 w - - 0 1,2,Alfred Ernst Sutter
974a86cc,4b3/1n2np2/2p1kP2/2p3P1/2P3P1/1p5p/1K5B/1B1R4 w - - 0 1,2,Федір Михайлович Капустін
c47da32a,3R4/5p2/4k1P1/N5Q1/8/8/8/5K2 w - - 0 1,2,Євгеній Михайлович Богданов
5eee0a70,8/4N1r1/8/q5P1/pPR1N2k/2Q2B1p/K1p4P/2b3r1 w - - 0 1,2,Рафаэль Моисеевич Кофман
df941ef0,2K2n2/7p/4N3/p3P2Q/1RN1kpp1/1R5b/qP2p3/8 w - - 0 1,2,Eugène Ferber
7920b086,K7/8/3pPp2/3N4/kBBbn3/3N4/8/8 w - - 0 1,2,Robert Tony Lewis
b944cb35,6rk/5pp1/4bB2/q3N1PK/7R/8/2Q5/8 w - - 0 1,2,John Odin Howard Taylor
4c4e6a82,3bb3/P3p2B/N3Qp2/1k1p1r2/8/5P2/RN1K4/R7 w - - 0 1,2,Валентин Викторович Лидер
3a80ea77,4K3/kBpN4/Pb6/7Q/p7/B7/8/8 w - - 0 1,2,Сергій Іванович Ткаченко
41c2f121,3B1K2/2p5/n1P1P3/r1N1RP2/1p1k4/1Bp1R3/2n5/4r3 w - - 0 1,2,Allard Pieter Eerkes
f075f407,5r2/2QRb3/1p1n4/1P2P2B/4p1b1/2BkP3/2R3NK/N2r3n w - - 0 1,2,Abdelaziz Onkoud
2affc927,2K5/2R2n2/2p5/1pPk4/1P1p1P2/3B4/8/8 w - - 0 1,2,Theophilus Augustus Thompson
2fe9e4a9,6n1/1P1R1N2/p1B1k3/q1p2R2/1PP1p1PK/1Q6/8/2b4b w - - 0 1,2,Francisc Szalai
be58d46d,3B4/4pN2/7Q/5k2/1N6/7K/8/8 w - - 0 1,2,Талип Хасанович Амиров
bfe6e47e,2n3B1/1pKPPr2/1P5Q/1pk3PR/1R6/1Pb5/1p1B1N2/1N6 w - - 0 1,2,Manuel López
93e1087d,4KR2/1P1pN3/3P4/1N2kPB1/3rq1p1/3Qp3/2PPnn2/1b1r3B w - - 0 1,2,Rainer Paslack
317d9738,8/2Bp4/1qBn1n2/P1N1p1R1/R1pk4/p2N3K/3P3b/7Q w - - 0 1,2,Mirko Degenkolbe
809ea6e0,8/5K1p/7k/1R6/4pP1P/4Nqp1/4B3/5Q1b w - - 0 1,2,Hermann Schulz
269eca20,5Q2/4bP2/3Pr1p1/2Bpk3/6P1/2P1N2N/5R2/5K1B w - - 0 1,2,Rainer Paslack
da5392f5,8/5R1b/7k/b7/3q1NKN/4Q3/8/2B5 w - - 0 1,2,Марк Иванович Адабашев
a0f25996,8/6p1/1P1P2p1/1KN1k1N1/4P3/7P/3P4/4B3 w - - 0 1,2,James Money-Kyrle Lupton
a1cd0423,2q5/4Np2/3b4/1npRp3/4k1B1/5R1r/3KN1P1/8 w - - 0 1,2,Андрей Степанович Былевский
d6923f62,1K6/8/5Pn1/4k3/8/3Q4/B5N1/8 w - - 0 1,2,Fritz Hoffmann
68fd7f05,2N1Rr1n/2p4b/2p1Pp1Q/2Rq1k2/K2B4/1pPP1p1P/7n/1B6 w - - 0 1,2,Аркадий Маркович Плостак
b158f504,1B6/Qp3K2/1R2N3/3P4/6RN/2n1kbnp/2Pp1b2/3r4 w - - 0 1,2,Ottavio Stocchi
e70a8966,2n3NK/2rB2Q1/2pk4/3P4/4P3/2P5/4b3/4R1B1 w - - 0 1,2,Николай Христов Димитров
0fda522f,1b1R3B/5N1B/KQ1n2r1/3PrpRP/2p1k1p1/6P1/4P3/5N2 w - - 0 1,2,Emanuel Navon
b89408d8,1Q6/1n1r3B/q1b1R2P/1Pb3pK/2N3P1/5kP1/r1n2B1R/8 w - - 0 1,2,Árpád Jakab
9fa28d4a,7Q/6n1/7b/8/8/5K1R/3P4/6k1 w - - 0 1,2,Zoltán Zilahi
f42402c2,8/3pK3/7B/6r1/1p3k1N/rN6/4Q2P/8 w - - 0 1,2,William Timbrell Pierce
20a83acb,8/1P6/8/p7/8/k7/2K5/8 w - - 0 1,2,Rudolf Wastl
a0841570,2rn4/2n4Q/p3b3/3NrP1N/4k2b/3R2pp/K1B5/6Bq w - - 0 1,2,Comins Mansfield
aacff8e3,2n3q1/3p2B1/Kp3N2/1R2Q2B/2k1p2r/2p5/P2bP3/2n4b w - - 0 1,2,Johann Bernhard Michael Schneider
5cc6ec63,3r3b/1ppR4/1p1B2P1/4N3/Np1kP1K1/3B1ppp/2pQ3r/2n3qb w - - 0 1,2,Matti Arvo Myllyniemi
db2b9dd0,8/3bK3/3pR3/7Q/4Bpp1/n1P1k3/2q2R2/Nr4B1 w - - 0 1,2,Hubert Gockel
80312918,8/3R4/8/K1k1Nn2/8/2P5/8/B7 w - - 0 1,2,Владимир Иванович Желтоножко
4006674b,8/4bp2/2R1pP2/1N2k3/6KN/8/n5Q1/5R2 w - - 0 1,2,Mario Forti
47ac3b2f,1b6/p5Kn/P1Q5/3Pk1nN/4bR2/p7/B5p1/6B1 w - - 0 1,2,Ernest Bertrand
f69e0388,4K3/P2pppp1/2P2q2/RN1k4/R2N1P2/1PP3n1/n4B2/3Q4 w - - 0 1,2,Colin V. Vaughan
25e51067,Q5N1/4p3/3pN3/1ppPk3/2P3n1/3B2P1/2nK4/8 w - - 0 1,2,György Bakcsi
b0d13b3b,K1B5/b6r/7R/1Pnk3q/3NR1N1/B3p1P1/3nQ3/3r4 w - - 0 1,2,Борис Я. Коваленко
ed1d4bfa,K5Q1/2B5/4Pp2/1N3knP/R3N3/3p2p1/3Pb1Bb/4R3 w - - 0 1,2,George W. McAllister
9e00e01a,8/8/n4Np1/4Q2b/2p4r/1ppkN3/5B1P/R3K3 w - - 0 1,2,Віктор Олександрович Мельниченко
f7f2743e,8/N3BB1b/3rP2K/2Nkp3/8/2P5/6P1/5Q2 w - - 0 1,2,Béla Albert Sallay
0626c1bc,2k1b1Rr/p2N1n1r/4N3/1n1Qb3/KR6/2p5/8/8 w - - 0 1,2,Eric Manfred Hassberg
29212e33,1Q2n3/2rN4/8/p1b3n1/2Bk4/2pP4/N7/K3R3 w - - 0 1,2,István Persa
5fb83ccd,B7/2p5/2npR1b1/4p3/1PpkPp2/1P3RP1/Q1PP4/3K4 w - - 0 1,2,Michal Piasecký
7873d649,2rNNQn1/pB2p2b/8/2k5/1R1p4/Kp2r3/1P2p3/6b1 w - - 0 1,2,Joaquim Valladão Monteiro
fb59f73f,1n1RQ3/p1b1P2r/4k2p/4rn1N/1B3P1p/KN6/2B5/4R1q1 w - - 0 1,2,Г. П. Калугин
d92e7374,R1qk4/2ppppN1/6p1/R5p1/2KB2B1/8/5Q2/8 w - - 0 1,2,Бошко Милошески
5fb966b9,8/8/8/8/8/2p1K3/2p5/BkN4Q w - - 0 1,2,F. Aurél Tauber
31ad23b4,2bK1nB1/4P3/4qN1b/R1p5/p1k1pRr1/2P5/1nQ5/8 w - - 0 1,2,Johannes Jacob Rietveld
27bd47a0,2R1R3/8/r2kP3/2pnn3/2Qp2r1/b5BB/5N1p/7K w - - 0 1,2,Christopher John Allison
e679dd51,2K5/2RN3p/1Bp4r/1P1pp2B/QPkn2nR/7q/1PP2p1p/4bN2 w - - 0 1,2,Arnoldo Ellerman
dab72746,2Nn4/rb3pRr/p4kpP/3Q1Bp1/1N1n4/8/6KB/8 w - - 0 1,2,H. Beechey
651cc702,2r1NR2/1rnp1Bpq/bn4P1/3P1k2/3P4/3R1P2/4KP1N/1QB5 w - - 0 1,2,Imre Regős
57c322c5,8/6Q1/8/R4K2/1p6/1B1k4/8/5N2 w - - 0 1,2,Василий Григорьевич Матэуш
f4a2d34b,3nK3/1Q1N1p2/5P2/1pP5/1pk1pp2/rpn1q2R/BP1R4/N5B1 w - - 0 1,2,Max Schatz
13ff66f8,1Q5K/3b4/r4p2/PpRP3n/Np1k1N1B/1P2pP2/1r6/1B6 w - - 0 1,2,Cornelis Slagmolen
015fb118,1B6/1p6/1b6/5B2/2P5/3pPkp1/3PRP2/3QK2R w - - 0 1,2,Henry William Barry
6cb14d5a,b2K4/6p1/8/7Q/3P1k2/5r1p/4P1Pp/2NN4 w - - 0 1,2,Thomas Henry Billington
5129c442,5B2/1P1pn2p/5b1R/4k3/2R1PNBP/3K4/2P5/4Q3 w - - 0 1,2,Henry Maxwell Prideaux
bc26c263,7K/Q6p/n7/6R1/4Nk2/r3R2r/3N4/2BB4 w - - 0 1,2,Marcin Banaszek
47921519,r2b4/4B3/4P1R1/1nP1k1P1/R1b2NK1/4PnPN/2BpP2p/7Q w - - 0 1,2,Harry A. Boardman
141706b9,4R3/KB2p3/4b3/1NrpN1Q1/Rbr1kP1p/4p2q/1nP1P2B/8 w - - 0 1,2,Александр Николаевич Панкратьев
eadfc88c,6kr/7p/7Q/4KpN1/8/8/8/8 w - - 0 1,2,Werner Keym
92ee4249,nNqn3r/B2p3p/P2R3P/kN1B3R/P7/K7/3p4/3r4 w - - 0 1,2,Eugene Woodard
f30f6791,3b2B1/2p2R1K/2p1kNp1/2P1p1pb/3p2p1/3Q2P1/5P2/8 w - - 0 1,2,Izidor Gross
4376a415,2b3RK/7B/2N5/2NR4/4pk2/5p2/5B2/4r3 w - - 0 1,2,Abdelaziz Onkoud
1ae28c2e,3n4/5p2/2r1PPp1/1P1k4/2N1RP2/B2pP3/1n3N2/1K5Q w - - 0 1,2,Andreas Witt
e8129eca,3k2NR/2NP4/K1P5/8/8/8/7B/b3r3 w - - 0 1,2,Giuseppe Brogi
32cf09be,q1B5/p1p2N2/2P1N2p/KQ6/1p2k3/1p2p3/3bnnP1/1b1R1R2 w - - 0 1,2,Václav Přibyl
a52adaee,8/5P1K/7p/6BP/8/4Pp1k/4P3/8 w - - 0 1,2,Ján Dučák
7bd9bb0b,8/1Q6/8/2k1p3/3RPB2/1rp2K2/2p5/8 w - - 0 1,2,Jozef Kováčik
ebfb1fc1,5RK1/pk6/bP2R3/5p2/2N5/1n1p3p/Q5N1/5q1B w - - 0 1,2,Robert Bownas Wormald
b3b364b2,8/2Np1p1B/RpQPpPnB/1p2k3/1P6/1K6/4P3/8 w - - 0 1,2,Frideswide F. Rowland
9c3b9416,q1bn4/2BN1P1n/5P1R/1R1p1kp1/1p6/3N4/4Qp1p/5rbK w - - 0 1,2,Comins Mansfield
27f5c58b,2R1R3/B7/rq1Q3K/3bP3/1r1k4/2N5/1p1P4/5B2 w - - 0 1,2,Gerardus Hendrik Goethart
8b981636,K3RN2/8/7B/R2N1kP1/5r1b/7p/2n2rb1/2QB1nq1 w - - 0 1,2,Frederick E. Gamage
37923b2f,4K3/7B/8/N7/p7/B1pR3Q/1rk5/1r2b3 w - - 0 1,2,Jan Ingvar Hannelius
8f0401f9,8/2Q1p2K/1N3p1B/3P1P2/bP1kP3/1qp3R1/2pNP1pp/4n1b1 w - - 0 1,2,Zoltán Labai
0e9b6729,1Kn5/1p5N/1p5R/1p1k1b2/1P6/5n1p/8/B1RNQB2 w - - 0 1,2,Gerd Rinder
b0d22efc,bBQ5/8/p4K2/3ppN2/4k3/3p1p1N/r4p2/5n2 w - - 0 1,2,Юрий Михайлович Антонов
c47084eb,8/4p3/8/1N5Q/4k3/6R1/5K2/1n6 w - - 0 1,2,Владимир Павлович Шумарин
b1c37d70,K3R2Q/2p1pp2/p5p1/1P1pP2p/P1PPk3/1b3R2/2N1P1pr/5rb1 w - - 0 1,2,Herbert Moller
4a77aaf9,2q4B/4N3/2ppP3/1p1Pr1N1/1P1k2nR/1K1B2Rb/4Pn2/8 w - - 0 1,2,Pieter ten Cate
f6b3b7b4,5r1B/nP2N1R1/1P2b1R1/Q2pk3/8/1NP2PPp/1n6/K7 w - - 0 1,2,Живко Јаневски
26830a25,1r1q2b1/3p1PR1/5BK1/p1r1P3/Q1Np1pk1/6PR/1b2P1P1/8 w - - 0 1,2,Ernst Otto Martin
cf704e3b,1r6/1R3Q2/k1PN4/3n2Rq/3p4/1K1Nr3/4B3/4B3 w - - 0 1,2,Antonio Bottacchi
a0984d5d,K6B/1R6/1pQ1p3/1p1Pn1N1/1P1k2p1/1Pp2b2/2p1P3/1n1r1NbB w - - 0 1,2,Анатолий Васильевич Слесаренко
1f5da30d,1nRb1B2/qR4r1/4p3/pNN4r/Pk4PQ/1P1P4/3P4/1K2n3 w - - 0 1,2,Guido Cristoffanini
025634d4,8/rBp1KpQq/4b1p1/1r4p1/p2p3p/N2kN3/n2P3R/4R1B1 w - - 0 1,2,František Sabol
b1dc2c76,b3N1B1/P2N1n1r/1K1QR1r1/P1Bp2p1/P1k2b1R/2p5/2P5/8 w - - 0 1,2,T. Waterhouse
290fdecf,4N3/5np1/8/p2R1P2/B3k3/1Q4P1/1n3p2/5K2 w - - 0 1,2,Louis Henry Jokisch
dc5317db,K5b1/b1Q5/4p1B1/6pr/1PPk4/6r1/1P2RP2/5n2 w - - 0 1,2,Thomas Taverner
1c252858,q7/1P4P1/2pPR3/2N1Nk1p/8/6Qn/5p2/5R1K w - - 0 1,2,Robert Eugene Burger
4e963ab4,8/2p2P1K/3N3Q/N1Pk1pp1/3P1bR1/3pr3/b7/B3R3 w - - 0 1,2,Роман Федорович Залокоцький
20213909,7K/8/8/pNRP4/k3B1R1/1rpNp3/pPr5/n2Q4 w - - 0 1,2,Guido Cristoffanini
ca9d4e21,4R3/8/2Q5/3r4/3k4/5p2/4PK2/8 w - - 0 1,2,Robert Sachsel
1cb9a254,4K3/4NQ2/4N3/4kP2/8/8/8/8 w - - 0 1,2,Вячеслав Павлович Антипов
09090530,7K/6B1/4p1k1/4Q3/3N4/8/8/8 w - - 0 1,2,Arnaud de Savignac-Castelet
c0a55848,1K2R1n1/2B5/1pp1Nb2/3k1N2/1r1p1n2/8/2QR1q2/5B2 w - - 0 1,2,Валерій Олександрович Жебенєв
8cc8d6e3,5K2/5N1k/6b1/5n2/2Q1B3/8/8/8 w - - 0 1,2,Богдан Валерійович Жежерун
1ec25f35,4B3/1RN1P3/qr2p3/bb6/1k1P4/1P3N1Q/K2P3r/4B3 w - - 0 1,2,Otar Tabidse
a2581a64,8/8/8/8/N3B3/1R6/p3n3/2k1K3 w - - 0 1,2,Ingemar Lind
f8ca9602,1Q6/8/8/8/4K3/1p3B2/1B3p2/4k3 w - - 0 1,2,Николай Иванович Бельчиков
329171ec,1n6/B3P3/3K4/1p2p3/1Np1k2N/6Pb/2R2p2/2n2B2 w - - 0 1,2,Zoltán Labai
ef395f3f,k2K2R1/Pq6/1PB5/8/8/8/8/8 w - - 0 1,2,Krzysztof Drążkowski
eb94ef89,5bB1/3Rp1n1/2p1n1p1/3N1kPp/5P1p/Kp5P/6Q1/2B5 w - - 0 1,2,David W. A. Brotherton
6a116ee5,2K5/BN3Bp1/1rP1R3/5r1p/P1kbP3/1Rp4q/PP2P1n1/4NQb1 w - - 0 1,2,Роман Федорович Залокоцький
b9981b7d,3NK3/8/5P2/4k1BR/2rn3N/5P2/3R4/Q7 w - - 0 1,2,Ladislav Knotek
8d54af0d,3R1B2/3B4/2pn1r2/2N1k1Pp/3Rbn2/8/5Q1K/8 w - - 0 1,2,Adelchi Ricciardi
b49f6ef9,8/1p2N3/5pPK/2B1kb2/R5p1/3Pp3/B7/4N3 w - - 0 1,2,George Stillingfleet Johnson
65631c10,1nRQ3n/4p3/4kp1N/1N6/p1r1q3/KP1B4/1B6/8 w - - 0 1,2,Ovidiu Crăciun
58b73cf3,3Q3B/b1p5/1qp5/1r3N2/5knR/3RpPN1/2pP2Kn/8 w - - 0 1,2,Waldemar Tura
c087fe1a,4Q1bb/rn1p1p2/R1N5/1B1k4/6n1/B3pp2/K1N5/2R3q1 w - - 0 1,2,Сергей Петрович Крючков
5df44428,4R3/8/Q1n4K/1rpp2N1/b2k1Np1/4R2p/7B/5B1n w - - 0 1,2,José Godefroy Martin
372e5256,4R3/b2R2N1/r3p3/1P1Nk2K/6p1/1n1Q4/5P2/8 w - - 0 1,2,Rainer Paslack
a75d8d3c,Bb3B2/1b4P1/7N/QPN1k2K/3n3R/5p2/8/8 w - - 0 1,2,Борис Николаевич Назаров
a14f30e9,B2Q4/1r2n3/5b2/1N3P2/3Pk3/5R2/bK2P3/8 w - - 0 1,2,David Leo Brown
6f4a07fb,3Br1N1/5NnK/B1R5/5n1k/R6p/7P/8/bb6 w - - 0 1,2,Mike Prcic
64b6501f,8/2n1p1P1/2pNnp2/2Pkb2R/1P1pq2r/1P4rQ/1pP1NBB1/1K1R3b w - - 0 1,2,Miroslav Svítek
9d9b56a2,4r1r1/1P3Q2/B7/1K1R4/P6N/2B2Pp1/4p1R1/5k2 w - - 0 1,2,Владимир Ильич Тимонин
35ac8d85,8/4p3/1K6/4kbp1/3RN3/1B6/1Q2Nb2/8 w - - 0 1,2,József Németh
f40e34be,4R3/8/2P2pp1/1B3kp1/R4Pp1/KN4br/4P1n1/2n4b w - - 0 1,2,Mario Parrinello
c425cdea,5Q2/2pK2pb/1p2BP1q/B3k1pP/3b2PP/1p2P1NN/1rR4B/4R3 w - - 0 1,2,Никола Столев
25be8acf,8/Kn6/R7/1k1P4/1p6/1B6/R7/8 w - - 0 1,2,Мирослав Стошић
bc680cd8,BB6/rn1p4/1N1Pp1K1/pPpNkPn1/R6R/3pP3/3p4/5b2 w - - 0 1,2,Philippe Robert
b8d76953,2b2N2/Q1R4B/nrP1p2q/b3k2p/1pP1NR1B/1p2P1P1/1K6/8 w - - 0 1,2,Thomas A. Pringle
f4263251,4bK2/B3Q3/8/1pr2p2/R3Pk1N/q6R/4ppPN/1B6 w - - 0 1,2,Gerhard Maleika
45e3e2fb,8/3n4/4p3/4B2b/5p1N/1p1Pkp1K/1R1Rq2N/4QB2 w - - 0 1,2,Barry Peter Barnes
8ba9ac90,7Q/4RBn1/2Nr2p1/3pNkn1/6p1/3K1p1p/8/2B5 w - - 0 1,2,Juraj Brabec
6d6df69c,3RB3/1K6/p3Np2/8/1kN1Q3/2q5/P6p/4B1n1 w - - 0 1,2,György Bakcsi
4929916e,R5rk/6bq/8/5p2/8/1p2N1pR/1B4Q1/K7 w - - 0 1,2,Frederick William Andrew
309f5786,B7/3p4/3B1K2/1N1N4/2n1k3/4P2p/4P3/3n4 w - - 0 1,2,Rainer Paslack
126edc8a,8/8/8/8/1K2Q1B1/4N3/3pb3/4k3 w - - 0 1,2,Александр Дмитриевич Тюнин
34b1f9cd,8/3pP3/1p5R/2kb1NR1/7Q/4NB2/8/5K2 w - - 0 1,2,Erich Racz
33df14c0,8/8/5R1B/3k4/2r5/1K2Q3/B7/8 w - - 0 1,2,Robert A. Lincoln
598f81d3,1KNB4/1n5r/2kpBp2/5N2/4n2r/b1p5/6Q1/8 w - - 0 1,2,Stanley Sedgwick
dafbee53,8/5b2/8/8/5K1k/3B4/2Q2N2/7r w - - 0 1,2,Владимир Павлович Шумарин
5354a34e,3R4/6pB/4P1N1/3pK2Q/2P1PP2/P1pk4/2p5/2B5 w - - 0 1,2,Edward Boswell
4e1c201c,8/8/8/8/8/p2N4/8/rknQ3K w - - 0 1,2,Saturnin Limbach
92efc721,4KNkb/6P1/6R1/7B/8/8/8/8 w - - 0 1,2,Bedrich Formánek
2440f92e,3K1Bb1/N1p1Q3/p7/3k3p/r2P3r/1PPN1n2/5p2/3R4 w - - 0 1,2,David Hjelle
3bb41178,8/1p6/bP5R/5p2/1r3kNB/n2Q2pP/1N1p1pB1/4bK1n w - - 0 1,2,Julius Buchwald
72d7496c,8/1Q6/4p3/2p5/3k1N2/K7/7B/8 w - - 0 1,2,A. Gargiulo
d37445d9,6b1/5p2/1K1p1Qn1/3k1P2/8/1P2p1N1/n3N3/B2r4 w - - 0 1,2,Guy Wills Chandler
9fac1245,4Q3/1R6/3r2N1/2rk4/4R1P1/6p1/2PP2n1/6KB w - - 0 1,2,George Edward Carpenter
694ce98b,1R6/8/8/8/B2K4/8/kB5R/8 w - - 0 1,2,John O. Flagg
38817502,2k1K3/1ppN4/8/1R6/8/8/8/2Q5 w - - 0 1,2,Eligiusz Zimmer
d18464d9,2K1RN2/8/1pN2p2/1Qq2k2/4Rb1P/8/1n2B3/8 w - - 0 1,2,Giorgio Guidelli
5dc3aaff,b7/8/5Q2/B2pN3/1R1N3n/n1k5/4P3/2b4K w - - 0 1,2,Orest Jewetzky
c723b18b,1Q1R3K/5pBB/b4n2/2p2N1n/PNk5/b4R2/8/1r6 w - - 0 1,2,Ferenc Fleck
4d4ec0d6,1B4bK/8/1qnR4/3pk1p1/Q5P1/1B1P1n1R/1N2P1N1/8 w - - 0 1,2,Feliciano Mendes de Moraes Filho
f155889d,1qRN4/bbp5/4B3/KR1r4/N1kpn3/2pp4/8/4r3 w - - 0 1,2,Francisc Rduch
6dc7ab6e,1Q3r2/3R4/1b6/5N2/3p3r/5PN1/1B1kpPq1/KBR5 w - - 0 1,2,Миомир Недељковић
90a84ddb,bb5n/3P2NK/4p2R/5pkP/5pn1/6Q1/R6N/2Brr3 w - - 0 1,2,John Lindsay Beale
5da9dc6f,1K1R4/5p1q/3p3b/Nb1ppp2/nPPkN2B/1pp4R/1r1P4/7B w - - 0 1,2,Fabio Magini
c35d2e5d,nB2R3/1Bp1K3/4N3/2Pr2p1/4k1Pp/R4N2/3Pr1P1/5n1Q w - - 0 1,2,Ralf Chris Handloser
d7df39f9,8/8/8/8/2B5/Q1Pr4/PP1NPP2/k1n1K1R1 w - - 0 1,2,Johannes van Dijk
d36dbba2,5K2/7p/3pk2p/2p2R1P/B1p1PP2/2PbQ3/8/3R4 w - - 0 1,2,John Hugh Barrow
27c4e5bb,8/p7/3N2p1/BR6/3k4/R2P3r/5P2/2K2b2 w - - 0 1,2,Rauf Gadschiaga Aliovsadzade
00c89616,1b6/3n1p2/1P3p2/1KPkBB2/R1N5/1ppp2QN/1r4b1/2qr4 w - - 0 1,2,Yosi Retter
70aab1b2,8/4qNRK/N3k1p1/R6p/7B/3Q2p1/b7/4r3 w - - 0 1,2,Walter Hood Thompson
24f095a3,1B3Q2/r1n1n2r/1R1p4/2kN3p/1R2B3/2P1b2K/3qp3/8 w - - 0 1,2,János Kiss
6df2d06e,r3k2r/1R1npn1R/4Q3/4B3/8/p7/4K3/2b5 w - - 0 1,2,Michael Lipton
061d5667,n3NK1B/8/2p5/2rkP3/1P5p/1P1PpRnB/b3N1pQ/8 w - - 0 1,2,Павел Александрович Мурашёв
7c9ed9df,8/6p1/3pp3/8/1KPkBBP1/2Np1bR1/2p1rP2/4NQ1q w - - 0 1,2,Emanuel Navon
45440949,3KR1B1/2p1R1p1/2P5/4pN1N/1p2k1P1/1rPn4/2n1P3/8 w - - 0 1,2,Gheorghe Leu
fcb877e3,2R5/5K2/3p3B/Q2nP3/2Pk3N/p2N4/2P1P3/2R2B2 w - - 0 1,2,Yves Cheylan
7f420049,7b/2P3Qn/4Pr2/3R1P2/1pP1kp1N/2r1p2p/4p2K/B3N3 w - - 0 1,2,Валерий Афанасьевич Кириллов
1001f520,7Q/2r5/4p2B/3pNp2/q2pk3/pN3p2/1nP3r1/KB6 w - - 0 1,2,Alfred Pries
e0334e8d,8/8/7N/4nK2/6Pk/6Np/3Q2pb/8 w - - 0 1,2,Josef Volf
397f2785,5Q2/1p1N4/8/3q1P2/8/3k1ppK/1pR2B1p/nB3n1N w - - 0 1,2,Henry Cudmore
948dbfa0,4Q3/1N3n2/1b6/3knb1R/3p4/3BP3/3R4/K2N4 w - - 0 1,2,José Casimiro Vinagre
7f24410b,K3R3/8/3B4/R2B4/1n1kN1p1/7q/1p1p2n1/5Q2 w - - 0 1,2,Віктор Олександрович Мельниченко
8b9d1285,4n2q/1N4n1/2K1p3/R3BP1r/4k1r1/2Pp4/3P3b/3B1R2 w - - 0 1,2,Георги Александров Попов
dd5410e6,B4r2/3Nn3/p1pR2p1/4N3/K1p1k1pP/p2p2Q1/6P1/4r3 w - - 0 1,2,Halvar Hermanson
6aab09a5,rN1R4/8/1Rp4K/P1k1p3/7p/b6r/3NBPb1/4Q2n w - - 0 1,2,Валерий Николаевич Карпов
b5ce25ea,1q2n3/1Rp3pQ/r2P1P2/2R1NpP1/Bp2kP1n/2p5/r1P1NK2/8 w - - 0 1,2,Martin Wessels
68a4c517,KN2R3/P6Q/3k4/1r5p/1P3P1b/B4B1b/4N3/8 w - - 0 1,2,Милан Велимировић
23848bf1,1B1R1K2/r1rbN3/4kp2/b4q2/N2n1PB1/3R1P2/2P5/1Q6 w - - 0 1,2,Ismo Tompuri
cdb3d194,B4R2/BR3q2/8/2rPp3/2p1k1Pb/8/3QPp2/3K1N2 w - - 0 1,2,Ion Murăraşu
eb21c836,5NQ1/7B/KB6/R2P3r/2k5/P1n1n1R1/P1Pr2q1/1N6 w - - 0 1,2,Георгий С. Баев
916f300a,K1R2B1b/8/1N1Qp3/p2p1Pq1/3k2P1/r1p4R/b4N2/n3n3 w - - 0 1,2,Arnoldo Ellerman
5b9b6f0d,6B1/2B3R1/5k1n/5P1p/7P/2K2QP1/8/8 w - - 0 1,2,Friedrich Dubbe
1239dfd7,2N3Q1/3r4/r6R/RbNnkp2/1p1p4/5P2/1B3K2/8 w - - 0 1,2,Halvar Hermanson
68634246,2BK4/4B3/8/2Npk3/1r6/2qR1n1N/1Q6/8 w - - 0 1,2,Emil Palkoska
d86468cb,8/1prq1B2/1Kpp1B2/p1n1N1Rn/b3k3/4pR2/4P3/Q7 w - - 0 1,2,Михаил Александрович Павлов
33eba227,2B1n1b1/8/1pQ2Rpp/R1ppk3/8/2PK2P1/1N2P3/8 w - - 0 1,2,Michal Hlinka
8ca835f2,8/Ppk5/1N2P2n/K2PpnQ1/3P4/7B/8/8 w - - 0 1,2,Mihai Olariu
f67a74ee,8/8/1p6/pkp5/4Q2R/K7/8/8 w - - 0 1,2,Александр Григорьевич Андреев
794ea69c,2r3b1/QPp5/1p3b2/5N1n/1N2k1K1/2B5/3n1P2/8 w - - 0 1,2,Arturo Bussetta
45a99be7,8/4K3/4N3/3PkB2/2PpnpP1/4p3/3PRP2/8 w - - 0 1,2,Эдуард Николаевич Наговицын
1799c125,5R2/b5rp/1QP5/1rp1p2B/4kBP1/5NP1/8/3RN1K1 w - - 0 1,2,Олександр Вікторович Мочалкін
46c54591,3R3K/7N/5P1B/4PN1R/4kPBp/rr1nn2q/3QPP2/b6b w - - 0 1,2,Gerd Reichling
9850767b,r6k/1p3BpP/6Q1/pK5R/7N/1p6/bb6/8 w - - 0 1,2,Espen Backe
df306e58,5N2/3p4/2br1p1q/b1pk3n/p3R3/1r2nB2/Q1N1R3/2K5 w - - 0 1,2,Pieter ten Cate
762def49,3N4/3p4/K2Br3/1N1kPR2/1p2p3/1P1r1p2/3P1P2/7Q w - - 0 1,2,Edith Elina Helen Baird
dd9a5bd3,8/B7/1nPQN3/K3p3/p1p1k1Pp/P2n3P/3RPb2/3N1R2 w - - 0 1,2,José Gabriel Mariz Graça
1bc99759,8/5K2/6RQ/3p2B1/P1Pk4/1PN5/N7/8 w - - 0 1,2,Игорь Алексеевич Агапов
6497ddec,5k1r/2N1Np1p/4P2P/8/1Bp2K2/1qpP1Q2/3pP1Pp/r7 w - - 0 1,2,Pieter ten Cate
44b8d108,5R2/Q2p3b/N1r1B3/1pp3p1/4kB2/4P3/2K3P1/8 w - - 0 1,2,György Bakcsi
59012ba0,8/1K3B2/4N1R1/5k2/4NP2/3P1q1n/2n5/B3R3 w - - 0 1,2,Oskar Wielgos
b1c1bcdf,1n2KN2/3ppP1p/5k1P/Q1prp1RP/7B/6Pb/5Nqr/b7 w - - 0 1,2,Pieter ten Cate
f3836fee,b3B3/B7/4p2N/2n1P1pp/1RN1k1p1/2pq2P1/2Q1PK2/8 w - - 0 1,2,Imre Felkai
34cf9027,2QN3K/4PpBb/1Rr3k1/n6p/4N2p/6r1/4P1R1/1B4n1 w - - 0 1,2,Ralf Chris Handloser
4423a5af,R3n3/KQ3r2/2p1bB2/2Rn4/k7/6br/P1N2p2/8 w - - 0 1,2,Szaja Krelenbaum
03e3cf08,1b6/3QN3/3p4/5p2/4bkpK/3p1qn1/7R/B3N3 w - - 0 1,2,Sven Trommler
a887e4b3,8/3K4/3P4/4pnQ1/1B1kPnN1/1P3B2/8/4N3 w - - 0 1,2,Yosi Retter
2c50baa3,1KB5/1N6/2Np4/1Qnk4/4r3/3P4/8/8 w - - 0 1,2,Claude Goumondy
d346ed21,1n1B4/5K2/p3BRp1/1k3pR1/p2pN3/1p1N4/P1P5/1Q6 w - - 0 1,2,Miroslav Kasár
f70202cb,8/2pK4/2P5/1Q3Np1/1P1Pk1p1/2P1N1p1/5nP1/5R1n w - - 0 1,2,Николай Михайлович Суходолов
8325feba,7Q/4pN2/3PR3/6p1/5pk1/6pR/8/5NK1 w - - 0 1,2,Константин Жуковин
1e53285f,K7/1B1Q1P2/1Pn5/n6p/7B/Rq3N1p/4P1kp/3NR3 w - - 0 1,2,Erio Salardini
d3b2d1d4,6Qb/4pr2/2P5/2K1p2R/ppppkrnR/1q6/3PPP1B/8 w - - 0 1,2,Arnoldo Ellerman
b7bfdb44,5B2/n7/ppb1B3/q2p1Q2/2k1NN1R/p1p1P3/Kn6/2R5 w - - 0 1,2,Kabe Moen
1ecca7d4,6b1/P4N1B/1N6/3p1r2/4k3/4P2K/5P1p/5Qbr w - - 0 1,2,Edgar Dinwiddie Holladay
65e4a119,8/4Q3/8/K7/1N2p3/6n1/1R1b1R1N/3bk1B1 w - - 0 1,2,Василий Федорович (Москва) Рыбаков
038edd28,7N/8/4k3/1NR1p3/7Q/1K6/8/8 w - - 0 1,2,Владимир Владимирович Кожакин
60a3cb71,n1Q3n1/1K1p3q/1p4P1/3kNB1R/2N1p3/4B3/8/8 w - - 0 1,2,Юрий Михайлович Бережной
e08afc07,B7/7Q/8/7R/8/1K6/5p1b/6k1 w - - 0 1,2,Євгеній Михайлович Богданов
d3823506,8/1N1bN2Q/6r1/2pR1r2/1n2k1p1/1n1qB1K1/2B2P2/4R3 w - - 0 1,2,Virgilio Ernesto Rosado
bdf8bec5,3R1R2/2nbpq2/1Nr3rN/8/4n3/1QP1kP2/2p1Pp1B/2K2B2 w - - 0 1,2,Karl Wangeler
2553108e,6b1/K2N1p2/3p4/1B1k1P2/3pp3/8/N1n5/7Q w - - 0 1,2,Fritz Peipers
560c0c7e,2K5/2N5/8/p1kPp3/P1p1P3/2p5/2B5/2B5 w - - 0 1,2,Renato di Vincenzi
e30f9f89,5B2/8/2pNpk2/2P3p1/3pQ1p1/3K2P1/8/8 w - - 0 1,2,György Balló
956022e6,8/8/1q6/b2R3B/Q2NpN2/1n3n2/1K5r/3kB1R1 w - - 0 1,2,Almiro Elias Zarur
1efda6cb,n7/4K3/Np1p1Q2/bP1k2p1/3N2bR/1p4pq/1B3PP1/5B2 w - - 0 1,2,Живко Јаневски
8d68b35a,8/5K2/1Q5B/2P2B2/1P6/p5R1/1k6/7r w - - 0 1,2,Микола Олексійович Чіканов
689bdab6,3Nkr2/1p1p1p2/pB3p2/K4N2/1P6/1Qp5/2P5/8 w - - 0 1,2,Peter Hoffmann
906df513,1K6/7n/6b1/3Q1N1k/R6P/8/3n4/6R1 w - - 0 1,2,Nicolo Belli
4541995c,4Q2K/q1p4p/1r1Bp3/1b1kpN2/2R1R2r/5N2/8/8 w - - 0 1,2,Олександр Петрович Скриннік
a8b29882,qn6/6p1/p2B2Q1/r2k1pRr/6N1/bPR2P1P/2N1B1K1/3n4 w - - 0 1,2,László Apró
fc6b1464,6nq/p4N2/4p3/Qp1p2R1/b1pk1B1r/N1R5/6B1/2K3b1 w - - 0 1,2,Ottavio Stocchi
74a704b0,5rQ1/1P1pp2p/Rb2nkBP/qp2n3/1P5P/8/p4NR1/B5K1 w - - 0 1,2,Hauke Reddmann
8aa253a9,K3N1B1/1N2B3/1b3p1r/R2q3r/2kp2bQ/p5R1/Pn1P4/8 w - - 0 1,2,Константин Григорьевич Почтарёв
68d0feac,6r1/2pp1N2/P1kb3R/R3PqP1/5QP1/3p1K2/6B1/6Bn w - - 0 1,2,Arnoldo Ellerman
6f2923be,8/1N6/4p3/1K1k4/5Q2/8/8/8 w - - 0 1,2,Семен Іванович Веселенчук
89e7fa3a,8/B6K/4p3/Q1n1rN2/2kP2BR/1p2r3/1pb2N2/2R5 w - - 0 1,2,Allard Pieter Eerkes
fd5c6b3d,1r4b1/qp1Q3p/BP6/pRBp3n/P1k2b1R/n7/1K2PP2/8 w - - 0 1,2,Анатолий Васильевич Слесаренко
fd7004bb,3N3K/3R1p1p/b1p1Pp2/n3k2n/2r4B/1Q3R2/5N2/1q1Br3 w - - 0 1,2,Marcel Tancău
5c6cdfc8,1B2Q3/p2N1p2/3b1P1n/4R3/5k2/3ppN1K/3rrpPn/8 w - - 0 1,2,Johannes van Dijk
ce73661f,4B3/4p3/2p5/2pkp3/2N5/4P3/K7/4BQN1 w - - 0 1,2,R. E. Lee Windle
ce807c55,1n2R3/1Q1N1p1b/3P1P1b/P5r1/1pkN2BR/P2pB3/2PK4/1r1n4 w - - 0 1,2,Василь Васильович Дячук
50271520,K4b2/5B2/4N1n1/5k2/4n1N1/5P2/4Q3/1b6 w - - 0 1,2,Zoltán Labai
278264a7,2R5/5Q2/1P6/1Nbp4/2k3p1/3N2K1/R7/8 w - - 0 1,2,Геннадий Брониславович Згерский
e96a6da4,8/4Q3/8/pk3B2/8/8/PN6/7K w - - 0 1,2,Károly Harcz
b55fc7b7,1bBR4/8/N1r5/1pp1R2n/2k5/1p1p1N2/r2Q3K/B2n4 w - - 0 1,2,Charles William Sheppard
be443ed8,1N6/3p4/1p1P1p2/1P3P1p/pPkN3K/P1P3Q1/1BR2R1p/7B w - - 0 1,2,Helmer Ludvig Ternblad
cd4a2042,3B4/1RK1N3/4p3/4k2P/4p3/3nNb2/1P3Q2/3R4 w - - 0 1,2,J. Willis
a62951cf,8/5KB1/8/4p1k1/4Rb2/8/8/3Q4 w - - 0 1,2,Алексей Евдокимов
e1c42f8b,8/1Q1p4/1PpKp3/1b6/2k5/1pP5/3PP3/8 w - - 0 1,2,Johannes van Dijk
590918a3,K7/8/2R5/1kp1P1Q1/8/8/2B5/8 w - - 0 1,2,Milenko Đukić
0be12878,8/8/Q1N2k1P/8/Kb3P1N/1B6/8/2B1rnr1 w - - 0 1,2,Peter Durst
7b9a884b,4n3/1K2Q1p1/1B6/2PkN3/4q1p1/1P6/B1N1R3/n7 w - - 0 1,2,Wim J. Wolfs
b23c7d24,8/4p1K1/8/3RnkN1/5pb1/8/2P3Q1/8 w - - 0 1,2,Otakar Toť
80aa8bce,4q3/nB2b3/4N3/pN1R4/2k1p3/r1P5/p1Q5/K7 w - - 0 1,2,Molham Hassan
12e42112,8/Qpp1Nq2/R5b1/3Bk2n/3R2p1/8/1K1P4/8 w - - 0 1,2,W. A. Clark
869758f5,5Q2/7K/p3B3/1p2R3/1n1p2b1/3k4/5R2/1n2B3 w - - 0 1,2,Milan Cerulík
0077a6a6,8/RPP4p/2KP4/N2pp3/k1n3Q1/p4R1r/N1r5/1b1BBnb1 w - - 0 1,2,Frederick E. Gamage
9a7de48b,8/2p5/R1N5/BRp4p/1p2bKBk/8/8/8 w - - 0 1,2,Frederick Bennett
9046583e,6Q1/p6B/8/KRBr4/2k1n2R/2pr4/5p2/3NN2b w - - 0 1,2,András Tokaji
66c77562,8/1p4B1/3nP3/p2p1b2/P1kP3Q/3N4/P1KnP3/1R1R4 w - - 0 1,2,Sándor Boros
d1ecdb12,8/1BnRp3/8/P1k2bbR/Pp4rp/1PN5/2N5/K1Q5 w - - 0 1,2,Eric Ernest Westbury
8db05b0c,1K5B/6RP/7Q/2p5/2B5/n7/3R2p1/kb4b1 w - - 0 1,2,Сергій Олександрович Шедей
9f83fba8,6Bk/6p1/5P1B/7R/7K/8/8/8 w - - 0 1,2,Frithiof Lindgren
bc3d6363,8/8/B7/pnp5/kq1bR1K1/1R1N4/2P5/4Q3 w - - 0 1,2,Eugen Rusenescu
0dcd39a1,B5q1/7p/N1R1P3/2Nk4/K3R2r/BP1p4/2n4b/7Q w - - 0 1,2,Jean Haymann
d255a03b,8/K2Q4/4PpB1/2PP2p1/P1k2pRr/p2N4/P3NR2/6B1 w - - 0 1,2,Jacobus Haring
35ce1ead,1Nr4n/1Pk4b/Pp2Pp2/3RpP2/5B2/3N4/7n/1K6 w - - 0 1,2,Gherasim Cristoforatos
2a2760f3,3RR1B1/8/1p3K2/bP1Np3/1p1PP3/1pNk4/1Q6/B7 w - - 0 1,2,Jozef Tonkovič
31b26ce5,8/1Q1R4/1p6/1k1N4/8/1N6/8/2K5 w - - 0 1,2,Wieland Bruch
326cca53,3R4/6p1/4p1K1/2N1k1Bp/1n2PR2/Q1P2P2/3r2p1/7B w - - 0 1,2,W. J. Swords
573276e3,b4rB1/K3PP1r/1p2k3/1Q1NP1R1/2pp1B2/b7/8/4R3 w - - 0 1,2,C. E. Lindmark
721671b9,2b3B1/1p1p1P2/1R1B2k1/4P2N/6K1/8/8/8 w - - 0 1,2,József Almási Almay
32e0872d,8/3B4/r3p3/2p3K1/4kNp1/4P1r1/1B2Q3/8 w - - 0 1,2,Юрий Николаевич Шарашкин
a3d4ee4f,3N4/1r3p2/1p1P1P2/2Pk1K1R/2NP4/p3Bbp1/rPQ1n1Bp/3R2bq w - - 0 1,2,Gusztáv Papp
85e9f5db,1KnB4/6pq/k1Pp1rb1/3N4/7p/1RP1Q3/3bR3/1n3B2 w - - 0 1,2,Gerhard Maleika
2dd8b4d6,8/4Q3/1N6/pk3B2/8/8/K7/8 w - - 0 1,2,Robert A. Lincoln
b21459db,6B1/rpp5/4R2K/3R4/1r3p2/bkP2p2/nN4p1/1Q2B3 w - - 0 1,2,Gyula Szügyi
b6cea841,q1QnK3/2pp2B1/1P1k4/1R1pR3/1N1n4/5p1b/2r5/b2r4 w - - 0 1,2,Hugo Knuppert
f40121b6,r4nB1/1pPNkP1Q/pP1RNp2/K1Bp1b2/8/p7/4nr2/8 w - - 0 1,2,Владимир Алексеевич Ерохин
3e1fdc1a,8/3K1p2/2R5/1n1kp3/5rN1/2bPRn2/2P1N3/8 w - - 0 1,2,Alberto Armeni
b6743805,7N/2B3p1/5k2/8/8/8/6K1/7Q w - - 0 1,2,Wilhelm Schweitzer
b4b038ad,3R2b1/2KQ2P1/p1P1N2r/r3kpB1/3Np3/b5P1/2qp4/8 w - - 0 1,2,Zacharias Fjellström
8bec6e32,q7/8/3pR3/1Q3n1N/1p4p1/1Bp1Nk2/2n2P1P/3b2K1 w - - 0 1,2,Валентин Викторович Лидер
b9127bdb,4BB2/6pp/2NP1P2/R1b2NkP/R5P1/2Q5/3P2K1/8 w - - 0 1,2,Фёдор Васильевич Давиденко
91e62aee,6Bk/6p1/6Qb/6P1/6K1/8/8/8 w - - 0 1,2,Эрнест Левонович Погосянц
68c42e19,8/6p1/5p2/8/3b1k1N/r1Q1RN1K/2nP4/8 w - - 0 1,2,Борис Былевский
ad2264b6,6Q1/8/2P5/4N3/4pR2/4k3/5R2/3K4 w - - 0 1,2,James Crake
1118810f,B2QKN2/1rp4p/5R2/4k3/2p5/3p1pP1/4P3/R7 w - - 0 1,2,Николай Алексеевич Плетенёв
8c69b8df,8/5b1P/7p/4QPk1/8/7K/8/8 w - - 0 1,2,Gustav Herbert Hultberg
062835d2,8/8/4k3/N1B4K/8/3R4/2Q5/8 w - - 0 1,2,Charles Francis Stubbs
8aa38a07,6rn/4R1pb/1n1P1k2/1K6/4p1Q1/4N3/8/8 w - - 0 1,2,Jacobus Haring
69a98f48,8/8/K2n4/2Prk1P1/3r2Q1/7B/p7/B7 w - - 0 1,2,Leonid Makaronez
a60b79bb,8/4k3/N3N1PK/8/2Q5/8/8/8 w - - 0 1,2,Fritz Günther Braune
66c9d50b,1Q6/1N6/1k6/1N6/1p6/1B6/1K6/8 w - - 0 1,2,János Kiss
f9c958c6,8/8/8/1bN5/3r4/4k1B1/nr1NB3/Knb2Q2 w - - 0 1,2,Otto Georg Edgar Dehler
5c962276,K1N1RbN1/1p5r/p3p1p1/2P1k1p1/1R4P1/r6P/2bQ4/q2n4 w - - 0 1,2,Josef Kupper
c3b71cca,3R4/Kp2Pr2/1P3p2/QPk1n2r/2pN3R/7q/5p1B/5B2 w - - 0 1,2,Ferenc Fleck
487b9745,7R/1p6/4B1b1/4P2N/2p1k3/3P1pK1/3RPB2/3Qn3 w - - 0 1,2,Christian Poisson
5213b063,1K6/1p5p/7k/4B1pp/6pN/4Q3/5P2/7q w - - 0 1,2,Володимир Васильович Діденко
35f892dc,n1K1R2N/p2PqPBn/1bB1k3/1Np1pp1b/3prp2/4P2Q/4R3/8 w - - 0 1,2,Francesc Armengol Burgues
ac33be96,8/4pp2/2R5/8/8/7B/2R5/2K1k3 w - - 0 1,2,Живко Јаневски
fafe8896,4K3/2p5/3k4/8/2Q2P2/8/8/8 w - - 0 1,2,Werner Speckmann
432b54a8,8/4Q2B/N4p2/3p1r2/3k4/1Kp3bR/8/2N1n1n1 w - - 0 1,2,Franz Pachl
54f01e23,B5N1/p2R4/4PR2/1N2k1p1/K1Q2r2/6Bp/P1nn2b1/5rq1 w - - 0 1,2,Sándor Boros
b440717c,5r2/8/2Q5/8/3B4/8/6N1/3K1kr1 w - - 0 1,2,Андрей Николаевич Дикусаров
2696dee2,r7/3p4/5p2/2PNkPp1/4P3/2R1K1P1/4b3/B6r w - - 0 1,2,Massimo La Rosa
7bf8a39e,8/1qPPK1N1/1p1P4/3Rp1PN/3Bk1p1/1Q3p2/3pP3/1b2br2 w - - 0 1,2,Анатолий Васильевич Слесаренко
db13d42a,2B5/4PP2/2pBKN2/5RP1/7p/5pPk/5p1b/6nQ w - - 0 1,2,Иван Иванович Стороженко
b2664476,4nR2/4b3/4N1K1/4p3/2Ppk1nQ/3rP2p/6r1/3b1N1B w - - 0 1,2,Jacobus Haring
ca44f403,8/1b2p3/Pp4P1/3p3R/nK1k1N2/3Br3/2RQP3/8 w - - 0 1,2,Guido Cristoffanini
6202e884,2R1KB2/1p1N4/2n1PQ2/3k1B2/r7/3Pb3/p7/8 w - - 0 1,2,Edmond Bernard
4ed698f9,8/8/B1K3Q1/4NN2/2pPkp2/3p4/5r2/8 w - - 0 1,2,John H. Graham
a2b81a4f,8/1K6/3Q4/8/kB6/8/n1P5/8 w - - 0 1,2,Микола Олексійович Пархоменко
212e6307,6q1/4Q1N1/3ppp2/2RpkpPn/p1R2n2/K1P4B/b2N3B/5r2 w - - 0 1,2,Dieter Hanslik
90e325b0,2N2nB1/R2P3n/1pk1rb1Q/1p3R1K/2rp4/B7/2N5/8 w - - 0 1,2,Frederik Willem Nanning
9d73bfad,3R3b/2r5/qPpp4/3kpn1Q/1PpNp1P1/4p3/B3N2B/2R1K3 w - - 0 1,2,Frederik Willem Nanning
fd5cfa9e,6kN/3N2p1/2p5/7R/K1R4p/b5B1/B6r/6Qb w - - 0 1,2,Cornelis den Toom
0665875f,2N2kN1/3p3K/3rp1BP/8/1rR5/B1p5/8/3q4 w - - 0 1,2,Georges Legentil
ba1c26a7,8/BN6/BN4rQ/4P1b1/K2k4/6P1/3P4/3RR3 w - - 0 1,2,Вячеслав Александр Лебедев
1697d3a0,bR3B2/q1b5/3n4/ppn5/PkN5/rp1p2Q1/1N3P1K/2R5 w - - 0 1,2,Comins Mansfield
920af251,5K2/pB2N3/r2pQ2R/2P2p2/1B1k1rn1/1P4bR/4p3/4N3 w - - 0 1,2,Erich Lindner
05820a67,4R3/3bq3/6PB/1nbB2RP/7K/1pPpk1P1/1r4P1/1n1Q3N w - - 0 1,2,A. Cassinelli
9f2a1ee1,n1N5/3p4/3Q4/r7/pNkP2qR/7p/P2BR2p/3K1B2 w - - 0 1,2,Arnoldo Ellerman
97b62ce7,2nBn2K/8/4R1p1/1R1N4/rp1k2rp/N2p1p2/pP1Q4/1b4bq w - - 0 1,2,Johann Joseph Petrus Adrianus Seilberger
1402ebbc,8/4p3/p3Bp1B/R3b1pb/4pkpQ/4p3/6K1/5n2 w - - 0 1,2,Bernard Delobel
83285c88,r3kb1r/1NQ1n3/3BPR2/pbpppp1q/8/8/1K2p3/8 w - - 0 1,2,Nicolae D. Lenţa
2358bc7e,3B1b2/6p1/r1p1K1P1/p1k2P2/pR3Q2/nn1PP3/8/8 w - - 0 1,2,Ernst Löbel
0a686903,6R1/8/8/B1b1N1p1/2rN1k1r/1Q1n3p/4R1nK/1b5B w - - 0 1,2,Gejza Reiprich
a7631834,7K/8/1p6/8/kN6/b1Q5/4B3/8 w - - 0 1,2,Harry Viggo Tuxen
de74f23c,8/8/Qnp5/3k4/2R5/6B1/2K5/8 w - - 0 1,2,Willy Roscher
40045fff,1q3b1B/2P5/1nQPkPBn/2p1N1p1/p3K3/3pRp2/3r4/5r2 w - - 0 1,2,Erwin Groß
2226b526,2Q2K2/8/3p2Rp/1p5N/1P3k1N/prp3b1/bq1n4/rnB5 w - - 0 1,2,Flórián János Kovács
ef698667,4Q3/1p6/1B1pP2P/2pkr3/3NR3/3P3K/8/7B w - - 0 1,2,Halvar Hermanson
d336ce4b,6B1/p3r3/K1N1r3/2b5/2k1P2R/B1P1p3/2Q3b1/1Nn3q1 w - - 0 1,2,Franciszek Cieślak
670dcff3,8/8/8/5N2/7R/8/6k1/2N1K2R w - - 0 1,2,László Talabér
bc49cdd3,8/1N3p2/3p4/2P1bQ2/2kN1n2/K1ppP3/3R4/7B w - - 0 1,2,Володимир Сотник
081abf73,k1K5/Pp6/8/8/1P3R2/8/8/6B1 w - - 0 1,2,Лев Владимирович Грольман
9787c37c,8/4QN2/N3nn1p/2Pr1p2/2KPk3/8/4P2b/2BR4 w - - 0 1,2,Juraj Bosák
b9f52795,N3K3/1NR1P3/3R4/pk2p3/1p1bp3/8/5p2/1B1Q3b w - - 0 1,2,Ангел Златанов
4f5da3c3,8/3p1B2/b2Bp1Q1/K4n1r/R2Pk1P1/2p1NNp1/2P1R1P1/3r4 w - - 0 1,2,Christopher Cedric Lytton
d0edcd47,8/p7/Kbp1B3/2p2p2/3p3Q/1N1k2PN/2pPb1P1/2BnR3 w - - 0 1,2,William A. Langstaff
30d6b353,k1K5/1pR5/2p5/2B5/8/1B6/8/8 w - - 0 1,2,Александр Петрович Олейник
e16c4290,8/1R1p4/P1k2PK1/3rpQ2/1B2N1N1/1p2p3/2b3B1/2Rr4 w - - 0 1,2,José Ventura Caverdos
ea51768c,1b4K1/7n/3p1kp1/2N1R3/b1pQPp2/8/8/8 w - - 0 1,2,Sámuel Gold
76d3e9a3,4B3/8/1n2N3/3kpQ2/1Rb1N3/8/3K4/8 w - - 0 1,2,Pavol Vlček
515374cf,2K1N3/1p6/k7/b2R4/8/8/8/6Q1 w - - 0 1,2,Robert A. Lincoln
e1b9169f,7R/8/5k2/8/7P/5K2/B1Q5/8 w - - 0 1,2,Gabriel Nedeianu
bdfeae03,8/2p5/6b1/KpNPQ2r/p1k4r/2n1BBp1/P1pP4/q1N1b3 w - - 0 1,2,Willy Paul May
4e4fa66c,8/8/1B1Q3K/Nq3N2/5P2/1p1p4/1PPkp3/1BR1Rn2 w - - 0 1,2,Touw Hian Bwee
b3802d54,q2n4/8/3p1Kb1/pQ6/5NPn/4B3/pR2B1p1/4krR1 w - - 0 1,2,Imre Telkes
e16a38c8,4K3/8/pN6/1k6/3Q4/8/8/7B w - - 0 1,2,Константин Комаревцев
8cb505e1,8/3p3r/b1RP4/K2k4/8/1N5B/2Q5/8 w - - 0 1,2,Josef Kerles
71d5b213,r1N2Q1B/1Bpp4/1p1rP3/p4R2/2k5/8/KnN1P3/8 w - - 0 1,2,Ferenc Fleck
e7cdb485,3R4/PNp5/p1kq3R/P5p1/2P1K3/8/1Q6/6b1 w - - 0 1,2,Horacio Luis Musante
f82b2617,nr6/3QN1bb/qB1N4/1R5r/p1P2R2/PPk1p2n/2B1P3/2K5 w - - 0 1,2,Carel Johan Robert Sammelius
97c31aaf,r7/1Q2B3/8/k3K3/8/2n5/P7/8 w - - 0 1,2,Fritz Förster
d47d8b9c,2R5/1P2R3/5p2/2pP1p2/2Nknp2/3P1B2/2K5/8 w - - 0 1,2,Петко Андонов Петков
a469de16,4B1Q1/5N2/4ppp1/5k2/5p2/2K2p2/5P2/7R w - - 0 1,2,Constantin Bidulescu
6450e54c,8/8/1P1N4/BP2P1p1/pQPk2N1/Kp3R1r/1n2Pn2/7b w - - 0 1,2,Erkki Aukusti Wirtanen
b249646c,1B1K1N1b/3B4/pP1P1p1r/Rp1qkP2/3pnpP1/3p4/6Q1/4R3 w - - 0 1,2,Peter Clement Asbury-Smith
a4ff0444,K1BR4/1p4Q1/p5pp/1pP1NP2/q2pk1p1/3pP1R1/1Nr2n2/7b w - - 0 1,2,Štefan Sovík
f17c6f73,3R4/1p6/8/1Bp5/3p3r/3NPP2/2PB2R1/1Kbk4 w - - 0 1,2,Rainer Paslack
f972282e,3n4/q3R2p/3pp1P1/2Nrk1BQ/4p1B1/2P1RPb1/5nK1/8 w - - 0 1,2,Jacobus Haring
c4d91557,8/3n4/NR4N1/3P4/2pk4/5Qp1/6K1/5B2 w - - 0 1,2,Алексей Матвеевич Петрусенко
06ee85a5,8/4p3/1pp5/p3R3/2k1N3/2P2p2/b5p1/2KQ2B1 w - - 0 1,2,Евгений Александрович Ваулин
556e10d3,8/1qB5/3N1pp1/1pnP2N1/2pk1p2/8/2K1QP2/7B w - - 0 1,2,Walter Bill Byas
1955dd1f,3KQ3/8/4NB2/1nPk4/4N1P1/1P1p4/4n3/8 w - - 0 1,2,Donald Glenoe McIntyre
787bd6f8,5q1b/Q2Pr3/2p1Pr2/pp1k1b1R/4N1R1/1NpK4/7B/7B w - - 0 1,2,László Talabér
fa193d08,Kb1B4/pR1P1b2/3p4/NBk5/1p1rp3/P1Np4/5r2/2R5 w - - 0 1,2,Octav Costăchel
7e5fed02,bKN2R2/1n6/r7/2p1kp2/2Q5/6P1/6N1/8 w - - 0 1,2,László Lindner
cfa3e6eb,2n5/1N5b/r1Q4p/1PB1p3/p1k5/K1N3r1/1P1R1p2/2R4q w - - 0 1,2,Luis Vázquez
796660fd,2r3q1/4p1p1/Nb3P2/p1pN2Q1/R2nk3/2KR1pP1/2P5/4rb2 w - - 0 1,2,Heinz Lies
402c2886,8/3B4/2NB4/3k4/3N1K2/8/7Q/8 w - - 0 1,2,Павел Александрович Мурашёв
3a3e6bdd,3rN3/1p2p3/b5N1/P2k2p1/QPRp2B1/1P1K4/2P1P3/8 w - - 0 1,2,Paul Hoy
59dbe699,B7/2n1r3/1N4Pp/1Q5P/3B1k1K/b4pN1/1P3P2/1b6 w - - 0 1,2,Сергей Прокофьевич Пушкин
ae849399,1Q6/8/3R3K/8/2N1kp2/8/7R/8 w - - 0 1,2,Виктор Сергеевич Лукашёв
90e04f81,8/2N5/N7/4p3/p1k5/4P3/Pp1Q1P2/brrB1bK1 w - - 0 1,2,David J. Shire
d899dbc1,7K/6R1/B4Q1B/n1p1bb2/3k1NR1/2p2P2/7n/4N3 w - - 0 1,2,Eric Manfred Hassberg
0175fb47,4r3/2bN4/7q/2Pk1BB1/QR1P3p/1pPp4/3p2N1/3bn2K w - - 0 1,2,Mohamed Jamal Elbaz
08376d11,8/5p2/5P2/5K1k/3Q4/6b1/6P1/8 w - - 0 1,2,Роман Федорович Залокоцький
ebb026e0,6b1/4p3/1p4BB/8/1K1kP3/1PRN2Np/Q7/4r1b1 w - - 0 1,2,Andreas Witt
ddd76ddd,8/8/3p3N/3nk1P1/1p6/1B2p1R1/1K2p2B/Q3N3 w - - 0 1,2,B. Wilfrid la Mothe
23a6705c,5R2/BP2p3/4Pn2/1n4bR/3N1k1p/2Q4P/6B1/1N4K1 w - - 0 1,2,Henry Edwin Kidson
cab8badd,n7/5Q1B/2B4p/7p/1p4kp/r7/3B3K/8 w - - 0 1,2,Reto Aschwanden
1c54b51a,8/8/1K5b/2N1R2B/1B2q2r/3Q3N/p1pP2P1/Rr2k2n w - - 0 1,2,Константин Григорьевич Гаврилов
257e812a,8/3N1pB1/b5nR/4R3/2Pk4/PB3p2/4PP2/1NK5 w - - 0 1,2,Михайло Назарович Марандюк
323e42ab,8/Kp1P4/pR4p1/2kB1nN1/6Rr/4r1Q1/4N3/2B1b3 w - - 0 1,2,Arthur Cyril Pearson
58171a44,8/8/3K4/3B4/3k4/3p4/1P1R1P2/8 w - - 0 1,2,Heinz Däubler
e4112731,8/P2NK1p1/2p1pP2/1Ppk1p2/5R2/1PpbP1nB/3bQn1B/1N6 w - - 0 1,2,Alberto Armeni
73390c8e,2n1q1B1/b7/4b1R1/N1pk1N1Q/5P2/BP3K2/1n5P/8 w - - 0 1,2,Robert Gray
c9d12185,8/3n2p1/B4Pp1/4Nk2/4p1NP/6P1/Q3K3/8 w - - 0 1,2,Геннадий Михайлович Покорный
17f5eb5d,BQ3B2/3R4/3r4/2PrP1N1/p1Nk2K1/3p4/3P4/8 w - - 0 1,2,Emil jr. Mächler
294b0416,4B3/K1P5/pR4N1/p1Bk2n1/2R4p/1P4b1/3PN3/1n3rrq w - - 0 1,2,E. H. Shaw
09c220cd,7B/2R3r1/1p5n/1RbPN3/5K2/p1k1NP2/p7/nb1Q4 w - - 0 1,2,Alberto Mari
d09a3133,8/8/5p2/B7/B6b/p1KN1Q2/2PPP1r1/3k3r w - - 0 1,2,Josef Voda
198e1275,8/4N3/8/2p3n1/R1B2NkP/5RBp/3p4/3K1Q2 w - - 0 1,2,Валентин Федорович Руденко
2cfc73b4,8/5K2/5B2/4pk2/5p2/5B2/7N/8 w - - 0 1,2,Zoltán Zilahi
0aab74fe,7R/8/Q3K3/3P1rp1/3B2k1/3N2p1/5pB1/3n1N2 w - - 0 1,2,Владимир Михайлович Арчаков
1b1560d1,2Q3q1/2p5/1pB5/1P1N4/2K1kP2/1pRpP3/1r4P1/2B1b2N w - - 0 1,2,William James Smith
0839d4cc,5B2/5N1Q/7B/2Ppq2p/1P1k4/KppP2p1/n1P2P2/5n2 w - - 0 1,2,Daniele Giacobbe
f7a5a6b5,5n2/1K3R2/2pkP2b/4p1p1/b1B5/8/5Q2/8 w - - 0 1,2,Géza Kiszela
116b3ff2,4R1N1/7k/7P/6K1/6n1/8/8/B7 w - - 0 1,2,Илија Серафимовић
016735ba,5KBk/8/7n/1pP1R3/3R4/2B5/1n5p/4N2q w - - 0 1,2,Mikael Grönroos
45cbe391,1R1R4/K1p2b2/p1P5/N1k1p1N1/3rB3/8/3p4/B4Q2 w - - 0 1,2,Jean Oudot
bf8aa23b,8/3p2n1/1Q4Kp/4p3/4Nrkp/8/3nN1P1/4B3 w - - 0 1,2,Andris Skuja
4315ddca,Q5b1/5P2/1rp1P1Rb/1p2k1B1/3n2K1/1pN2np1/5P1p/7q w - - 0 1,2,Konrad Erlinger
f44a7069,4r1bB/b1PP3r/1QKpB3/2N1N2p/R1PkP2R/nP3Pn1/3P4/8 w - - 0 1,2,György Bakcsi
6007b653,8/8/3Np3/3pP2p/p2kb2R/B1p2pQR/2p1PP2/2K5 w - - 0 1,2,Sándor Boros
068357d1,3rB1n1/1p1P1R1b/ppk3p1/6R1/N3KQ2/8/8/8 w - - 0 1,2,Felix Alexander Sonnenfeld
41eaccbf,8/1rp3BK/rn2P2Q/PBk2p2/3Rp3/P1N2N2/7b/7q w - - 0 1,2,Willy Popp
d54e6cfb,2n5/1K2n1pB/1pRp2pN/1p1k4/4N1Q1/2B5/8/8 w - - 0 1,2,Richard Weigel
cd594a4c,3R1BK1/1Bp2Pp1/1r1n4/5p2/1p1kNP2/1P4qR/4Q3/4b1r1 w - - 0 1,2,Oto Mihalčo
b25b02a3,1R1Q4/p7/2p2r1b/2k3n1/4P3/P5r1/2pNp1p1/2K1N1nq w - - 0 1,2,Roger Diot
628f768d,3B1K2/3P1Pp1/2Pkp3/6p1/2Q3P1/6P1/2p1B3/8 w - - 0 1,2,Анатолий Васильевич Слесаренко
a6d67caf,3n1Q1B/br3pq1/N2R4/5N2/P1k1P3/2p5/KnB5/8 w - - 0 1,2,Вячеслав Карлович Пильченко
a4337aa6,3Q3K/5p1B/5n2/1rp5/1pkBN1R1/r2p4/3P4/b1N5 w - - 0 1,2,Stefan Dittrich
972edec6,4Q3/8/2pp4/1b3p2/1rpk1N2/2pp1K2/2R2b2/8 w - - 0 1,2,Jan Smutný
91cd1e58,3bKN2/2p3pR/Q5P1/P4pk1/P5p1/6B1/3N4/8 w - - 0 1,2,Рашид Рифович Усманов
8ed57dfb,3KQ1b1/8/Pp1p4/1pNk1p1n/4N3/2PB4/6n1/B7 w - - 0 1,2,Ivan Kiss
045669b1,B1b1K3/1rrpP3/3kP3/2p1N3/2PP2P1/B3Q3/8/8 w - - 0 1,2,Zoltán Labai
d9698659,8/8/5R2/8/1N2k1B1/2K5/8/8 w - - 0 1,2,Авенир Григорьевич Шапошников
31996a1c,2R2bB1/7Q/N6p/1p5b/NP1Pp3/pp1k4/1B3P2/R3K3 w - - 0 1,2,Mario Guido García
a51c9b1b,8/3p4/3B4/2N5/N1bp4/4p3/1R6/2k1K2R w - - 0 1,2,Cyril Henry Stanley Kipping
001a2d4c,8/b1Q1n3/6p1/1p4pb/2ppP2p/4kP1N/R6N/2KR4 w - - 0 1,2,Andris Boitmanis
85699087,8/8/6K1/8/6k1/4Q1bN/8/8 w - - 0 1,2,Alain J. Godbout
9e1a359e,2B5/1R6/k7/8/K2R2q1/8/5B2/8 w - - 0 1,2,Николай С. Осипов
c0a6bb6f,K7/2R4b/4p3/3k4/Bb1B1Qnn/3p1p2/2r2N2/2r5 w - - 0 1,2,Леонид Антонович Исаев
67d471ca,2Q5/1R4n1/2p2r2/2N2pBp/1p6/rn3k2/6RK/5N2 w - - 0 1,2,Karol Mlynka
4817ce4d,3Q4/1R6/1B6/6np/2R3nk/5p1p/5P1p/7K w - - 0 1,2,Пётр Леонтьевич Макаренко
346d60fd,3b4/B2p1K2/QnBP4/p1n2p2/N2k1P2/3r4/1P1r1P1p/3RR1N1 w - - 0 1,2,Sven Tore Andersson
f0bc654c,8/8/1Q2pp2/3PPP1p/4B2k/6pP/8/1KB1n2R w - - 0 1,2,Валерий Алексеевич Сухнев
5c458180,8/4p3/3R4/7k/8/4N2N/8/2QK4 w - - 0 1,2,Константин Григорьевич Гаврилов
8c5a8c56,bK6/8/1Q1nn3/B3N2p/P7/rp1p3r/pkPp4/N2R2R1 w - - 0 1,2,Efrén Petite
93eb2720,7q/8/4Qpr1/2pN2r1/P1k1p1p1/P3Pb2/K3P2b/8 w - - 0 1,2,Comins Mansfield
8e833dc9,8/8/8/4R3/7k/4R3/8/7K w - - 0 1,2,Osmo Ilmari Kaila
977790e9,1b1R1BB1/r3p1QK/1p1n4/2kP1p2/p2R1P2/N4p2/1P3N2/1b2n3 w - - 0 1,2,R. Luke
d0fa5969,5Br1/5NqN/3nPPk1/1p3R2/5pP1/2QKpp2/8/1B6 w - - 0 1,2,Ľudovít Lačný
a5894be2,8/2p2K2/r1p1R3/2p3N1/R1PkP1N1/1P5Q/1Pq2P1p/1Br2nB1 w - - 0 1,2,Александр Леонович Ротинян
b2387914,1Q2b3/3pk1K1/4p3/4R3/8/8/8/8 w - - 0 1,2,Виктор Владимирович Кичигин
463fbb4d,2r1r3/N1b4B/4NQnp/1RPk4/R1n5/2P3p1/6P1/5bK1 w - - 0 1,2,Derk Hendrikus Brummelman
20d926f3,q1n2r2/p7/1p3n2/PQ2N1P1/r3k2N/p1P5/8/2B3K1 w - - 0 1,2,Nándor Firbás
6e2abcac,8/7K/R4p2/1p2k3/1P3R2/5B2/2p5/2B5 w - - 0 1,2,Marian Frąk
62257e70,5B2/p4B2/rn3P2/brN2K2/1n1kN3/7R/5P2/8 w - - 0 1,2,Gino Mentasti
99c5ff27,7Q/8/N1P5/3B4/8/8/rPK4p/k7 w - - 0 1,2,Philip Hamilton Williams
0d683129,4bbB1/3p1rPK/p2p3p/R1nkqN1R/2pNr3/2B3p1/6Q1/5n2 w - - 0 1,2,Alnod Ernest Studd
e707b4f3,2K3B1/P1P5/rkNQ4/pNR2p1b/P4qp1/BR1r4/8/8 w - - 0 1,2,Efrén Petite
68ae8edc,B6B/5p1Q/8/nK2Nq2/3k1P2/4NPn1/1P1Pr3/8 w - - 0 1,2,Владимир Акимович Брон
05087c0d,1R6/1N6/pNPP4/rkBr4/p1pn4/p3QB2/K3P3/8 w - - 0 1,2,Thiruvannam S. Krishnamurthy
6df6f7e6,1B6/4p3/4p3/3pp3/1Q1Nk3/8/4K3/8 w - - 0 1,2,A. Barrier
154d7f33,2Br2N1/8/pP1kpBp1/bP3prp/1PP1p1pK/4R1N1/8/8 w - - 0 1,2,Kari Valtonen
805601cf,8/2K5/8/2k3p1/R1Ppp3/5Nr1/n5b1/5R2 w - - 0 1,2,Attila Benedek
39bf804d,4n2Q/K1R3r1/1BNr1kPb/6pP/3p2B1/5N2/b4q2/3n1R2 w - - 0 1,2,William Alexander Beers
c7be292e,b1QbB3/rr1N1K2/k4p2/P2P1P2/1P6/2R5/8/8 w - - 0 1,2,Johan Axel Åkerblom
cf8c879a,1NK5/ppP5/bR6/r2k4/rP1N1P2/b1Q5/1p6/1B6 w - - 0 1,2,Ramón Folch Gil
b4cd675b,4b2K/6p1/3R1p1k/5Q2/8/8/8/8 w - - 0 1,2,К. К. Федосеев
83f4b217,bB1R2Q1/1kN1p2r/8/pPR1P3/K1N2n2/8/8/4b2r w - - 0 1,2,Виктор Иванович Вовнейко
de3c104e,1K3bB1/3b4/2pk4/1p2R1P1/3p1n2/6N1/1N5B/4Q3 w - - 0 1,2,Berthold Weißer
eab59d54,8/5p2/K1PN1p2/3k1N2/3P2B1/P5P1/2P5/8 w - - 0 1,2,Sámuel Gold
9dfc8ced,Q7/3NK3/2N5/3k4/8/3P4/8/1n6 w - - 0 1,2,Miklós S. Locker
d12fa9a2,1QB5/8/8/3N4/8/5k2/8/R3K2N w - - 0 1,2,Борис Дмитриевич Пустовой
6da98a3f,3b4/4p3/2Q5/NP6/k1p5/2Pp4/1Pb1n3/K7 w - - 0 1,2,Ilja Mikan
1b88c13c,8/6p1/3B4/1N3P2/n3k1B1/1P2N3/3K4/8 w - - 0 1,2,К. М. Григорьев
49de6497,7B/b7/3R2K1/Q2P4/3nkpN1/4n1p1/2P5/5R2 w - - 0 1,2,Herbert Siegfried Oskar Ahues
ff8a5d03,2B5/4p1r1/R5n1/3NkbPp/R4Np1/pp2P3/rqQK4/B7 w - - 0 1,2,Johan Hilding Laurentius Fröberg
7698c416,8/1r1N4/1pPBR1r1/1Qpk2b1/3Np3/2P4B/8/nK5b w - - 0 1,2,Janez Nastran
164deb85,1r1n1Bb1/1rPpNpn1/1p1k2qR/1K6/3N3b/3R2p1/8/4Q3 w - - 0 1,2,Sándor Hertmann
9397efd3,4k3/4p1b1/1N6/5R2/7B/8/5Q2/1K6 w - - 0 1,2,Геннадий Сергеевич Егоров
2122eb41,3q1n2/2B5/3N4/2p5/2K1Nk2/2Q2p1B/8/2b5 w - - 0 1,2,Христофор Саввич Анимица
48e1838e,8/1p2Q2b/4p3/p2pPp2/4k1NN/5R2/1K2nB1r/n6B w - - 0 1,2,Эдуард Яковлевич Лившиц
7b8b1fdd,8/2p1p3/PpPk1nR1/1Pn2p1p/1N1N1K2/B1QP3b/B1P1R3/8 w - - 0 1,2,Milan Bednár
ccaeeb6d,b2q1nQ1/1B5p/1p6/3pP3/1BpN2R1/3kP3/3p1RN1/1Kb5 w - - 0 1,2,Herbert Siegfried Oskar Ahues
5ed3ab96,7n/4p3/3kP3/1PR3N1/1brB2K1/2p2pN1/B2R1Q2/6q1 w - - 0 1,2,Renato Carlos
c7a570da,2Q3B1/2p2R2/3B4/8/4p3/P7/1k2K3/R3N3 w - - 0 1,2,
ef223c5e,8/3p4/7Q/6BN/6p1/7k/8/4b2K w - - 0 1,2,Jan Beszczyński
1c4841ac,8/4pB2/4n3/4Nk1b/6Nb/4Q1p1/6p1/6K1 w - - 0 1,2,Thomas Rayner Dawson
c4226402,6KQ/8/8/2N5/8/p1rR4/k1P5/B2R4 w - - 0 1,2,Николай Филиппович Власенко
b0b5f872,1nKbk2r/4Bp1p/p7/7Q/8/8/8/4R3 w - - 0 1,2,Александр Сергеевич Каковин
50294bc6,8/P3B1P1/2R1R1bQ/1p1k1p2/3n4/3n1N2/8/1K3B2 w - - 0 1,2,Ján Gašparovič
2452ac7f,k6K/3PPPP1/8/1Q5R/7b/6rb/5r2/8 w - - 0 1,2,Michael Lipton
cc922dfd,7q/Np1NpB2/1p2npP1/3k1np1/3p2p1/p2K2B1/P7/Q6R w - - 0 1,2,Matjaž Žigman
999396c0,2n1r3/1p5P/3pkPQK/1qP1N3/3R4/3pR3/8/8 w - - 0 1,2,Stephen Rothwell
76dd82ca,bbB5/p2Rppn1/R1nrkr2/8/2P1P3/7P/2N1QP2/B6K w - - 0 1,2,Arthur William Daniel
edbdb881,8/4B3/7b/p3q3/1RpN4/PNkn1Q2/3p4/1K1n4 w - - 0 1,2,Luis Cornelis Willemsens
b6d4a4ca,2b5/3p1K2/1p1p2NR/1p1kP3/4p3/1PRp1p1B/3N1B1b/2Q5 w - - 0 1,2,Miroslav Svítek
9baa922d,R3B3/2p4K/2n3N1/2k2N2/8/2nP4/3B4/RQ6 w - - 0 1,2,József Szöghy
25e23e79,8/PR6/5b2/p1rR3r/k7/3B4/K2B4/3N4 w - - 0 1,2,Gheorghe Goşman
4cbd8f7f,4K3/2pR4/2kN4/2p2Q2/8/8/8/8 w - - 0 1,2,Владимир Павлович Шумарин
6284b337,4N3/5K2/2N5/8/1P2k2P/1p2pp1B/8/5Q2 w - - 0 1,2,Stěpán Zimmermann
f6e6cc4f,5R2/B4BN1/r6q/4pN1P/4PkpP/2p3p1/6P1/1bK1Qn2 w - - 0 1,2,Талип Хасанович Амиров
1aba0639,b1R2K2/p3B1n1/6Qn/p1Pk4/2pNRb1r/1PP2N2/4p2q/1B1r4 w - - 0 1,2,Halvar Hermanson
d5296541,4K3/2B1p3/2Rb4/3k4/3N2P1/8/P3B3/Q7 w - - 0 1,2,Samuel M. Joseph
d3e787c4,Q7/2Pr1p2/8/pnB2RpK/2kN1R2/1nP5/1P2P1N1/1B1r2b1 w - - 0 1,2,Herbert Küchler
ea99f49d,5r2/1p4N1/1Q4KB/rn1Bkp2/3R4/pRb2p1n/3p4/2qb2N1 w - - 0 1,2,Сергей Николаевич Смотров
95592193,8/8/8/8/2p5/p1B5/k1K1PQ2/8 w - - 0 1,2,Robert A. Lincoln
a26b2700,8/8/8/p1N2p2/P1R2P1B/KP1pkP1p/1Rp1b2P/4Q1n1 w - - 0 1,2,Gyula R. Neukomm
d80f51c1,B2r1N2/4NpK1/R4Pp1/1Q1nk3/6R1/3pr3/2PB1P2/4q2b w - - 0 1,2,Wichard von Alvensleben
2f4ad161,4BR2/2N1k1r1/1R2N3/7r/7n/5n2/5Qb1/b2K4 w - - 0 1,2,Hans Henning
5eb34e4a,3K4/1Qp1B3/5n2/1P2pbb1/1NPk3N/2r2r2/2qP1P2/2RR1B2 w - - 0 1,2,Лев Ильич Лошинский
5429971e,2b5/1p1p2pB/1P1K2P1/p3Nkr1/R5pQ/4pP2/4P3/8 w - - 0 1,2,Frank Visbeen
7f56bff9,3RrB1b/4p3/KprnQ3/1PkN2N1/1p4R1/4p3/B7/6qb w - - 0 1,2,Charles Gold Watney
163380a6,8/8/8/bKP2R2/2B1k1P1/1N2P1R1/b4P2/8 w - - 0 1,2,Диян Костадинов
94229143,4R3/3b3B/6qB/3NpP2/4k1P1/p6r/K2RP1N1/n2Q2b1 w - - 0 1,2,Зоран С. Гавриловски
b48cc23d,8/3N3p/R1n3nR/2pkPP2/4p3/1bK5/4BP2/8 w - - 0 1,2,Herbert Siegfried Oskar Ahues
77c9d544,3n2n1/2K3Q1/p2Pk1P1/r1p1r1bp/4P3/3PNP2/4N3/8 w - - 0 1,2,John Michael Rice
00b93955,8/n7/1pPP3R/pNk2r2/3N4/2PP2pK/B5Q1/8 w - - 0 1,2,Julius Buchwald
813bfc54,8/8/8/6Q1/B2kb1N1/8/P7/4K3 w - - 0 1,2,Эдуард Николаевич Наговицын
2bc11829,8/8/2N5/1n6/k2qN1BQ/p2Pp3/P1b3n1/4B2K w - - 0 1,2,Giuseppe Liberali
0ce43523,6rB/bn3B2/3p4/1r3k2/3R4/1N2RP1N/4PKn1/8 w - - 0 1,2,C. P. Jarman
6a37efd5,8/1n6/1B3p2/2p2p2/B7/PPkPP3/2bN1N2/2K5 w - - 0 1,2,J. L. Rendall
6d0da468,1R6/k1pN4/8/K7/8/1P6/4R3/8 w - - 0 1,2,Schamil Ade Dasni
d5c62f1f,3Rb1B1/3ppn2/1B1p4/K2k4/2N1R1p1/6N1/P4Q2/8 w - - 0 1,2,Djalma Sgarbi d'Avila
75bdebb4,2R5/6B1/8/3N1n2/B1r2N2/2p1p3/pn1PQ2p/K1k4r w - - 0 1,2,Georg Thomas
d9fac505,8/6pK/8/q2r2kN/8/5P1R/Q2N2r1/1BBR4 w - - 0 1,2,Кирил Н. Стоянов
960ba3a3,8/Bp3p2/1R3P1p/N2P3P/2PkN3/8/R7/3K3Q w - - 0 1,2,Francisco Salazar López
4e922eaf,4r3/8/2r1P2Q/Rb1k1N2/1p6/3N1P2/qp6/3R1K2 w - - 0 1,2,P. A. Boorer
a61ad620,8/KNkp4/2p5/8/2Q5/8/4B3/8 w - - 0 1,2,Юлій Георгієвич Дорохов
f1268703,8/8/2pQ3r/4rpp1/2p2k2/R1N3N1/3P1P1n/K2B2Rn w - - 0 1,2,Peter Heyl
eccbd92f,r6k/P2Q2p1/3N1RP1/p7/Rb5p/1B6/2P5/1K6 w - - 0 1,2,József Kelemen
7fbae466,4q3/1NQ3Bp/p2p2rb/2nN3R/4k1P1/r3p1p1/4B1K1/8 w - - 0 1,2,José Antonio Coello Alonso
886c54d2,3rB3/R6b/2n1n2R/1Npk1r2/ppN1p1Q1/1P5p/4PP2/2K3b1 w - - 0 1,2,Juan Eduardo Loedel
a97ad50f,2N1b1B1/1n3p2/3Pkp2/1Q2p2R/1K6/8/8/8 w - - 0 1,2,Miloš Maryško
bdd1f37f,8/b1Qb4/8/6P1/N1NkPp2/5P1B/4K3/8 w - - 0 1,2,Konrad Kummer
3c0f3a2a,8/1Np5/3P1KB1/2B2R2/R1Nnk3/5b2/1pP5/1Q2n3 w - - 0 1,2,John Edward Driver
2d42699b,2R5/5nN1/3r3n/1p1p4/1P1k1P2/3P2P1/3K2p1/3bQ1br w - - 0 1,2,Giovanni Batista Valle
6c06e9bc,8/2p1P3/1prbRKN1/2pkPp2/2p1NQp1/2P5/2p3q1/5r1B w - - 0 1,2,Gábor Koder
3f660d74,1b4B1/1N2pr2/n3r1N1/1Ppk4/4q1R1/K1R1P3/1P5B/7Q w - - 0 1,2,Walter Edmond Caine
396979e3,2KRRbn1/2nPpqpP/2Q1pkrp/5prP/3P3B/1BN5/8/8 w - - 0 1,2,Schamil A. Tschobanjan
0042f861,2b4b/2p2Q2/2Bp2nK/B1N1k3/1pp4N/3pP1rp/3P1p1p/1R3R1n w - - 0 1,2,Aurelio Abela de la Torre
75dc2e52,n7/1Kp2b2/4B3/1pk4q/Ppp2QpP/3R2P1/8/1R4b1 w - - 0 1,2,Ю. Князев
e4c94ff9,2Q2n2/8/4nprb/2pP1k1P/K1N3rP/5P1B/7B/8 w - - 0 1,2,Knud A. K. Rasmussen
21f12f9b,1n1k4/8/2R5/3K4/8/4Q3/3R4/5B2 w - - 0 1,2,Сергей Григорьевич Подушкин
d46814c8,3rB3/4Q1p1/6b1/1r5p/1p1RN1k1/4B3/5PP1/1K2b3 w - - 0 1,2,Jan Andrzej Rusek
86a79d70,5B1Q/N1R5/2b4p/2rpb1pP/2pk1nRP/4nP2/1P2B3/N6K w - - 0 1,2,Achille Campo
ff1ec975,1Q6/2pr3q/2P2R2/r2Pk3/3RN1P1/1N6/7P/BB1K4 w - - 0 1,2,Juan Carlos Morra
a2afbe29,4K2k/4N1p1/4N2p/8/8/p7/b1Q5/8 w - - 0 1,2,Ernst Boström
08e97ff5,8/1b6/1r5p/3pRB1k/5P1p/4N2K/7R/b3B3 w - - 0 1,2,Erkki Paalanen
dfb5b4f8,8/5Kn1/3R1P2/3pP2r/1Ppk3p/6P1/1P1bBRp1/1Q4B1 w - - 0 1,2,Lars Aksglæde Larsen
fa5e67e2,2R1n3/3pK2p/b7/NBNk3r/1P1pp3/6Qp/2P3rB/n5b1 w - - 0 1,2,Alberto Armeni
420a1ded,2B5/7p/3R2br/1N1Pk1nq/4P1rp/7p/7N/K1B4Q w - - 0 1,2,Horacio Luis Musante
ef13d388,2R4K/P7/ppN2Q2/1kP5/1p1p4/n7/1N3b2/R7 w - - 0 1,2,Петро Андрійович Новіцький
b7d98b75,1B2K1B1/8/5N2/2P1Rp1r/2Nk1p2/Q7/3p1n1b/2r5 w - - 0 1,2,Cornelis Groeneveld
eb2ab723,6Q1/B5qr/1R5p/2R5/4Pp2/3BkN2/1p5P/1Kb1N3 w - - 0 1,2,György Bakcsi
aa80c895,7R/8/2K1k3/3N4/8/8/B1Q5/6b1 w - - 0 1,2,Василь Васильович Дячук
8ab0094c,5b2/5p2/pR1n4/Qb2k1P1/8/2PRN1P1/B2NK2n/B7 w - - 0 1,2,Allard Pieter Eerkes
10b04e1b,8/4kP1R/4P3/3KB3/3P4/8/8/8 w - - 0 1,2,Dezső Elekes
768d2f20,8/8/5p2/3pkP2/1Q3p1N/8/3PPP2/3K3b w - - 0 1,2,Friedrich Freiherr von Wardener
37dcfd13,8/8/k1K2pQ1/8/8/8/P7/8 w - - 0 1,2,Микола Григорович Лебідинець
cbed726a,n5r1/8/1p2RB1N/8/RK2Nk1n/P6p/3PPpp1/8 w - - 0 1,2,Arnoldo Ellerman
f605be84,6N1/3B1RP1/2Kp4/3P4/3pkP1p/1Pp2pr1/R4P1B/4N3 w - - 0 1,2,Miroslav Svítek
ea9e95aa,8/8/4K3/3Np3/3pk3/RR6/6P1/5r2 w - - 0 1,2,Dan-Constantin Gurgui
3b511a0d,3b4/6B1/b1p1Nn2/2Pk1p2/1Pp5/4R3/B1RN4/2n2K2 w - - 0 1,2,Abdelaziz Onkoud
18354966,4Kb2/7B/3p2N1/1p1R2p1/4kr2/4r3/Q6N/B7 w - - 0 1,2,Jouwert Hessels Turkstra
55bd6804,8/8/1PBBkp1K/2p5/4p3/8/8/5Q2 w - - 0 1,2,Albert Abramowitsch Grigorjan
8fad4e3e,5b2/2p5/p2PP1B1/K1pP3R/1Pkp4/2P2p2/P3b1p1/B5Q1 w - - 0 1,2,Олександр Вікторович Мочалкін
24e48429,8/1p6/1Q2PR1N/6Rp/K3k3/n7/4P3/8 w - - 0 1,2,Gerhard Maleika
0996f0f4,2q1n1B1/3P4/p2p2QK/n2Nr2p/1PPkNP2/2R5/2PPR1b1/8 w - - 0 1,2,Ferenc Fleck
31d8fd74,B2B3n/3pp1K1/Q2NN2R/2p1kP2/2pr1pP1/2n2P2/8/3R4 w - - 0 1,2,S. Wright Wood
1e8d3f57,6r1/3B4/1pN5/3k1P2/1B2b3/1K1N2qp/5RQ1/3R2b1 w - - 0 1,2,Francis Vaux Wilson
ddbdf93f,5R2/8/b7/r2Ppp2/Np2k3/1Q6/2KPN1P1/B3Rq2 w - - 0 1,2,Gerhard Maleika
96d75d8e,6K1/1p3Pp1/PR1RbpB1/p1B1pr2/N1k3N1/8/P2n4/3n3Q w - - 0 1,2,Philip Hamilton Williams
8881d62e,2B5/6b1/1K1p2r1/R1nk2p1/4r1P1/3P1N2/2N1P2Q/8 w - - 0 1,2,Charles W. Phillips
83f19971,3n3r/B3N1p1/r2PNPp1/P2Pk3/5RPP/Q6P/K7/b5n1 w - - 0 1,2,Валерий Юрьевич Шаньшин
a0f0e58a,3K1N1q/2p2R1P/N1kP4/1pB2p2/b3R3/1P6/8/2Q5 w - - 0 1,2,R. C. Mankowski
16a82abd,5Q1b/7K/4P2n/1RPp2N1/2Pk2r1/p5p1/q1pBPR2/5r2 w - - 0 1,2,Alexander Pituk
04233098,4N1n1/5B2/8/3Nbk2/3ppPp1/8/2p5/2K2Q2 w - - 0 1,2,F. W. Walton
5539c1f2,6QB/6P1/5k1K/1N6/4P3/8/8/8 w - - 0 1,2,Вадим Аркадьевич Пануев
2397315d,2k5/2Bp4/1P1p4/3B1N2/7b/qN1p4/3P2K1/8 w - - 0 1,2,George Howard Thornton
50b7f187,8/8/2K5/5p2/2k2P2/4Q3/8/8 w - - 0 1,2,Roald Bukne
76f0ced4,8/3nn3/1R2Q3/4bR2/2Nk4/8/3BK3/8 w - - 0 1,2,Gerhard Wolfgang Jensch
d347bd61,2Q2b2/8/K1p4q/2Pk1P2/1R2N3/4nB2/2P5/B7 w - - 0 1,2,Stefan Felber
24112adf,1Q6/4p3/3RP3/2kn4/3R1P2/8/2P2K2/8 w - - 0 1,2,Леонид Константинович Истомин
2ee05ce0,8/8/2p5/2Bk3p/K6N/4Q3/8/8 w - - 0 1,2,Benjamin S. Wash
b0c78c04,4Q3/K1pNp3/p3P2r/r1Pk1b2/P5n1/2B5/3N4/3RR2q w - - 0 1,2,Валерий Юрьевич Шаньшин
43f761b2,8/q1p1b3/PPpPP3/p1k1N3/P1B1PQ2/3R4/KR6/5n1n w - - 0 1,2,Євгеній Михайлович Богданов
37cf4095,1Nb2b2/1r2p1p1/5R1Q/1P2kn1R/8/B1P3P1/3P1N2/K7 w - - 0 1,2,Edith Elina Helen Baird
817544f6,4B3/2N5/1n6/5K2/1P1kpp1R/2nPpPb1/3R4/5NQ1 w - - 0 1,2,Миодраг Младеновић
990c9c20,6B1/8/4p3/QP5P/3pk3/6B1/5K2/N7 w - - 0 1,2,Thomas Rayner Dawson
a4f7b4f8,1Nbbr3/p1P1p3/r5BB/p1R5/n2k2NR/QP2pP1K/2P1P3/q4n2 w - - 0 1,2,Pieter ten Cate
173e6bc8,1BK2n2/5p2/B1P1kP2/5Rbn/N1r1p1Q1/r3qN2/3P4/2R2b2 w - - 0 1,2,Carl Schulz
63a2ba8f,5K1k/3Q4/8/7N/8/8/6p1/b7 w - - 0 1,2,János Buglos
44ec9fe7,6N1/6p1/4p1P1/4P1k1/6B1/2pQ1RR1/2Pp2P1/3K4 w - - 0 1,2,György Schiffert
022aa3ae,Q7/8/n3p1N1/7K/1p2Pp1P/R1b2pk1/b2P1RP1/6B1 w - - 0 1,2,Валерий Юрьевич Попов
c85d6157,2br1b2/3p1B2/4N3/1p4p1/n1k5/1N4Q1/1n1B3K/8 w - - 0 1,2,Johannes Kohtz
d7495a3a,KB6/1N2N2b/B1R1PPQ1/4P3/1P1kq1r1/8/3P4/4R1b1 w - - 0 1,2,Arnoldo Ellerman
aaaa9b55,2B2R2/8/3Pnnr1/RN3P1N/2PpkP2/4p1p1/2P3P1/K3Q3 w - - 0 1,2,Edward Stevenson
a04d318e,2bKn2n/2p2RBq/2Bk4/6NR/2Q2p2/2prN3/5rp1/8 w - - 0 1,2,Драган Стојнић
bcd93eb0,2KB4/p7/prP5/kb3Rp1/prBP2N1/R2P4/PPP1N3/4Q3 w - - 0 1,2,Ladislav Salai
23944a2b,8/K1p2P2/p7/QbR5/1r1r3k/2R4P/1B4P1/7N w - - 0 1,2,Lajos Merényi
ffbeeec6,rr6/kpQ5/1pP5/bpP5/1N6/Pp2p3/1P6/R3K3 w - - 0 1,2,Братољуб Грубер
b7515a52,4Q2n/8/rRNbnkBP/6pP/p1K1Prp1/3p1q2/5N1B/5R2 w - - 0 1,2,Matthias Schneider
58437ac8,4b1R1/3NkN2/8/4K3/8/8/4Q3/8 w - - 0 1,2,Лев Д. Паршин
a02b7ead,2n4N/5P2/8/8/7N/2brrb2/2R5/1K1QQkB1 w - - 0 1,2,René Jean Millour
85c29737,3KN1n1/5Q2/1P3P2/RP3k2/3pb2R/3b1p2/2B5/8 w - - 0 1,2,Luigi Ceriani
cb9a6ad1,5B2/4Rrp1/P1k1Pprb/KpPN1Np1/1P1R2P1/3P4/8/8 w - - 0 1,2,Donald H. Hersom
608964f9,8/7P/8/7B/5K1k/5PR1/8/8 w - - 0 1,2,Ernő Szentgyörgyi
161f7e4a,3bkr2/1p1pBN2/5K2/8/1QB5/8/8/8 w - - 0 1,2,Rud Prytz
5f261233,3Bn2K/5P2/1Np1R3/p1k4b/Pp1p2p1/1nqQ4/B1N2r2/2R5 w - - 0 1,2,Павел Александрович Мурашёв
5a807409,8/2p2n2/p1B5/B3p3/R3p1N1/p2kp1n1/P1R5/1K6 w - - 0 1,2,Sándor Hertmann
f6629f3f,5n2/1Bp3N1/2K2p2/PpRPB3/r2bk3/2Q1P2P/2P1p3/3N4 w - - 0 1,2,Theodore Hermann Keidanski
95eca54b,7b/4p3/2P3Q1/N3k3/rpp5/R1r1B2K/p1R1N2n/q1n4B w - - 0 1,2,Миодраг Младеновић
27eb02df,8/p3R3/R2n1p2/1nNkbp1Q/B2P4/1P6/4N1K1/8 w - - 0 1,2,Juan García Llamas
b570a928,3r2b1/6R1/1N1pk1B1/3N2b1/Qp3BPp/1P4nP/K7/8 w - - 0 1,2,William L. Barclay
65be9bbc,3r4/2r5/1p1p2R1/p1kpN3/Q3p3/6p1/1p1RPnp1/nK4B1 w - - 0 1,2,Walter Pulitzer
a3920786,5nB1/1K2p3/3Rq1p1/1pp4p/1rkP3Q/P7/n1P5/3N4 w - - 0 1,2,Павел Александрович Мурашёв
614f9600,K2Q4/8/5p2/P2p1p1N/3k4/1P1NpPB1/1Pn1p3/1Brqb2r w - - 0 1,2,Федір Михайлович Капустін
c45b9411,8/2N3Br/4b3/QPP2q1R/N1k5/4P3/1nB1P3/KR1nr3 w - - 0 1,2,Михаило Стојнић
0f46d5e4,8/8/8/8/5R2/4Q3/4K1pp/6Bk w - - 0 1,2,Володимир Иосифович Пипа
0dc9b012,8/5p1n/3Q4/5K1k/7p/8/8/6R1 w - - 0 1,2,Виталий Семёнович Коваленко
a8f7d19b,brrb4/5p2/5p2/5Q2/Bpk1p3/1N2P1p1/1B4K1/1n2N3 w - - 0 1,2,Vratislav Miltner
cdce59de,8/B4Bb1/8/2rP1Q1K/1n1k1P2/N1n5/3P1N2/8 w - - 0 1,2,Iuri Akobia
b7552ee0,2N2k1K/qR6/3N1P2/8/8/8/8/8 w - - 0 1,2,Василь Юрійович Марковцій
527551d5,1q2N2b/3P4/Q1n1R3/3pP3/N3k1BR/rn1p1pPK/1B1p1P1p/7r w - - 0 1,2,Stanislav Vokál
70c6868c,8/1K1N4/5p1R/1p1kB3/1bR5/8/2B1P3/8 w - - 0 1,2,Zsigmond Gold
73dd0f57,3RbB2/Nr4b1/Bp1pP3/r1nn1p2/p2k4/1p5q/1PP2P1Q/K3R1N1 w - - 0 1,2,Lars Aksglæde Larsen
556e305c,7R/8/8/8/3p4/8/r7/k1K4Q w - - 0 1,2,Михайло Назарович Марандюк
ded78ebc,2qn4/2pb3Q/3r2PN/3NB3/R1B1kP1R/1n2p3/4P3/3K4 w - - 0 1,2,Александр Павлович Гуляев
9e4505a7,3N4/2K5/5k1P/7Q/8/8/8/8 w - - 0 1,2,Ernő Szentgyörgyi
0ba6a02d,KN2B3/Rn1r4/8/1kPQ4/Nn6/3p3b/pbpB4/qR6 w - - 0 1,2,Tapani Tikkanen
131f645a,3N2b1/2K1pp1n/1R6/p3Pk2/p3n3/7N/8/BB4R1 w - - 0 1,2,Eugeniusz Iwanow
da29d37c,8/3pQ3/2p2n2/2rkp3/2b2b2/2B2p2/1N1NB3/K7 w - - 0 1,2,Григорий Александрович Промышлянский
41bf41fe,1KN1R3/8/1N1n1r1B/1B2pb1R/3pk3/p2rn3/qp4P1/7Q w - - 0 1,2,Фридрих Рудольфович Дюммель
84f3e688,1B5R/Kpr4p/pNk5/1b2p1Rr/2p3p1/Q7/7b/3B4 w - - 0 1,2,Peter Gvozdják
932701e4,8/qp2B3/6bb/R7/p1k1pnp1/K1N3r1/3Q3p/1NR3nr w - - 0 1,2,Percy Francis Blake
2bbd7431,1KNkB3/Pp2pP2/2p1p1r1/rqp1P1b1/2PB1pn1/1p1N4/6Pp/3R4 w - - 0 1,2,Bastiaan Evert de Haas
bfd6606e,B3Q1KB/3ppP2/N1RPk3/qR2P3/2p3Pb/n2P4/b1r2r2/8 w - - 0 1,2,Erkki Aukusti Wirtanen
9a02fd43,8/4K3/1N6/4p1p1/QP1kP3/1p1q1RB1/3b4/1B1R1b2 w - - 0 1,2,Олександр Іванович Заїжджай
6825314e,2N3K1/p7/1bpB4/2nk1P2/qQn3R1/3p3N/4P1r1/5b1B w - - 0 1,2,Василь Васильович Дячук
47179133,8/4N2p/3p3K/r1n5/4Nkpp/1pQ5/q1b2PP1/3r4 w - - 0 1,2,Cyril Opalek
9a6d5085,8/4p2K/4N3/2np2BQ/B1PPk1N1/5Rbp/2R5/3q1nr1 w - - 0 1,2,Barry Peter Barnes
e5b37178,8/4p3/1p2Q3/1p2P3/1B2PP2/3PkP1p/4Np1P/5B1K w - - 0 1,2,József Szöghy
28310662,3K4/2p5/6P1/p2Q4/3RpN1k/r3B2P/2q3pR/3b1Nn1 w - - 0 1,2,Владимир Алексеевич Ерохин
d51c3e8a,8/n7/K2p4/7Q/BpkB1R2/8/3b4/8 w - - 0 1,2,Josef Pospíšil
b665177d,3KR2n/5p2/2N2p2/4PkBB/2PQ3P/2rq4/2b3p1/4Rn1N w - - 0 1,2,Julio Peris Pardo
4ceaa205,7n/2pQ1N1K/3p4/2B1pRpB/1N2k1rp/2Rq2p1/2p1r1pn/5b2 w - - 0 1,2,Géza Dulcsán
587eb843,1rBK1N2/3P1p2/n2k3N/1Pp2Rpq/1pPB2Qp/6n1/1b6/5r1b w - - 0 1,2,David P. Lynn
2831a300,2R2n1B/rp2r3/7n/b1Npp1p1/Rp1k1P2/1B1N1Pp1/1P3P2/4KQ2 w - - 0 1,2,Udo Degener
0746f399,4r3/1prp4/3Q4/1K2P3/3PN1N1/3k1Pp1/1B6/3Bb3 w - - 0 1,2,Meindert Niemeijer
8a4547bd,3B2K1/5p1p/6p1/6rk/6Nq/4Q3/8/3B4 w - - 0 1,2,Walter Langweil
5fa92581,8/4Q3/7B/6N1/2pn1q2/8/K2kp3/R3N3 w - - 0 1,2,Ferdinand Friedrich Möller
90af2a46,5R1r/2K2N2/4pp2/4pQ1p/p3Pb2/1R2Bkp1/5N2/5B2 w - - 0 1,2,Damien Grossi
a6d8ebe9,Q4n2/2P5/2R1N1p1/3k4/r2b4/1P1np1N1/6R1/1b3K1B w - - 0 1,2,Edmund Jan Pniak
df5dd554,q1nB3K/2N5/7R/p1kP2p1/P3RN2/4P1Q1/8/2n5 w - - 0 1,2,Heinrich Freistedt
995e32a0,Q7/1p3p2/8/3ppP2/4k3/1p4K1/1N1P1R2/n1R5 w - - 0 1,2,Kazimierz Strzała
a88b3748,q2nQ3/2P2p1K/p2P4/3kN3/RB2R3/4rp2/NnBrb3/b7 w - - 0 1,2,Henry Fitzgerald William Lane
193a6d63,Q7/1R6/8/4kB2/8/4N3/3K4/8 w - - 0 1,2,Владимир Афанасьевич Шматов
baa43713,8/1R6/3k3p/rp1p1P1p/1P1NBK2/r5B1/2p5/2RQ4 w - - 0 1,2,Giwi Mosiaschwili
f9679966,7K/PN2P3/1QppP1R1/3k2p1/3B1PBb/1P3P2/1pPnP3/1q1r1b1n w - - 0 1,2,Lennart Larsson
dcc3df3f,8/Q6K/3nB3/3Pk2N/8/1n1P2r1/3N4/8 w - - 0 1,2,Александр Васильевич Галицкий
232c4bca,1B4K1/4pP2/5bQ1/2n1N2p/3N1k2/q2Rr3/2n2p2/4RB2 w - - 0 1,2,Daniel Wirajaya
c7e2055b,8/1p3p2/1P4p1/Q1B1k1N1/2P4P/3PN3/8/K7 w - - 0 1,2,Василий Николаевич Фёдоров
4730b948,5n1K/P1Q3Bp/1Np3p1/Rpk2p2/rn5R/P3pN2/8/b2b1q2 w - - 0 1,2,Alois Johandl
bf82f1d9,8/3K4/8/2pk4/N2bp3/8/PB2Q3/8 w - - 0 1,2,Carl Schlechter
9707c035,4B2b/4N1np/4k1bR/5p1p/2N4B/6PQ/1p5P/1K6 w - - 0 1,2,József Bajtay
9341d36d,1B1r4/b3p1Nb/8/8/1Pnk4/1PN2RpK/r3qPP1/1Q6 w - - 0 1,2,Péter Takács
b82960b9,6Kb/3pN3/6R1/1N6/3PkP2/4pR2/2P1P3/2Br1n2 w - - 0 1,2,Abdelaziz Onkoud
b6e5757d,1nQ5/8/1p1R1N2/2PKp2r/4Rp2/3k1p1b/1ppP1P2/2b3n1 w - - 0 1,2,Jacobus Haring
4194d1be,7Q/1n3pK1/8/8/2p5/7p/7R/3k4 w - - 0 1,2,Ivo Lebloch
390276fe,3Nn3/b2p1Pr1/2Np4/RPpk1BpQ/4p3/1PPp4/1n3P2/6K1 w - - 0 1,2,Zdeněk Mašek
724bf7f2,k7/1q6/8/2R5/5R2/5Q2/8/K7 w - - 0 1,2,Андрей Владимирович Селиванов
609f74f1,5B2/8/1p3NKp/qp2pQn1/2k4r/1p1R2b1/2bn4/1NR5 w - - 0 1,2,Esteban Puig y Puig
821693bd,2K1N1R1/4Q3/1bNp1p1B/5k2/2np2pn/1B4q1/b7/2r5 w - - 0 1,2,José Luís Monteiro da Silveira
743c2104,8/8/8/5Q2/2br2n1/2Pp1pr1/1K2PRN1/2NkB1R1 w - - 0 1,2,Reto List
74575f9f,4n3/1p1QBp2/bK5n/4k3/3Nrp2/2PpbP2/1N1P4/4R3 w - - 0 1,2,Miroslav Henrych
aaaf4a5c,2BR2b1/2p5/3n4/2Q1Bp2/3Nk1n1/1P3p2/5P2/4K3 w - - 0 1,2,Николай Дмитриевич Аргунов
f1cf3c8a,1b2Brb1/3N4/6R1/5kP1/2r5/2P1Q2P/qnPKNPP1/8 w - - 0 1,2,Antonio Piatesi
e13ca4da,r6r/3R2p1/2p1Q1pk/1PK2pp1/6P1/8/8/8 w - - 0 1,2,Eugène Ferber
7b13dc56,b7/2p2pN1/5nrB/K1Q1R1r1/2p2k2/2p1n1R1/7P/2b5 w - - 0 1,2,Max Benninger
f88d8178,2K1RB2/5R1b/8/3P3n/2Pk3N/7r/1P1P4/N3bB2 w - - 0 1,2,Роман Федорович Залокоцький
68ffcc38,2B1R3/2nN4/p2p4/3k1NQn/R1b5/1r4P1/4p2K/b7 w - - 0 1,2,Ростислав Николаевич Александров
09b9e36b,4n2b/3R4/1pk1Pn2/1N2RP2/r1PP3K/5Np1/8/5BBQ w - - 0 1,2,Hendrik Prins
b2018d04,8/2NpQ3/r1bp2K1/p3pPP1/R1Bk1q1R/BPb3n1/2P2P2/2N5 w - - 0 1,2,Johannes van Dijk
93df00fa,K1k1N3/4pr2/1P1p2r1/p1N2qB1/3Q4/3R3B/8/2R5 w - - 0 1,2,Ödön Nagy
ea5ed1e8,4K3/5N2/4k3/3p4/3n4/8/8/5Q2 w - - 0 1,2,Mário filho Novis
b958bf80,K7/NN5R/kr6/7R/r7/p7/P7/8 w - - 0 1,2,
79961700,5q2/4Pr2/3N3p/1p1R2pP/1K3knB/3R1Bp1/2pp4/3bb1Nr w - - 0 1,2,Johannes van Dijk
cb36bad7,8/2p3p1/2N3p1/2P3b1/2KNknB1/6Q1/6p1/6n1 w - - 0 1,2,Владимир Петрович Сычов
0e90c3a2,b2Q4/1B1p1K2/8/4bkp1/3r4/6BR/2p1nNn1/5N2 w - - 0 1,2,Владимир Александрович Александров
42481068,b4QRB/4pK1p/4p2p/p3rk2/qb2rN1P/3Pn3/5R2/3n3B w - - 0 1,2,Hans Michael Erdenbrecher
47084427,1K3N2/6R1/3p1k1P/N2p4/nQ3pP1/5B2/1r5r/B4R2 w - - 0 1,2,Ladislav Packa
69ef1a28,5N2/rr1R4/p3N2k/1n6/8/2n5/7K/3R4 w - - 0 1,2,Josef Kling
d024b01d,1Q5B/q7/2pnrnBp/4k3/1p6/4N1R1/6N1/3R2K1 w - - 0 1,2,Lars Holger Persson
af94cf89,b1N3r1/5q1p/N1R1P3/1p1k4/3p1PP1/5K1Q/n6p/7n w - - 0 1,2,B. J. M. Markx
d36dc9e5,3N4/2r2NBr/p4P1p/Q1p2k1P/2R5/4p3/6P1/K2b4 w - - 0 1,2,Antal Ludányi
09ca30f4,2b5/2pn4/1b2p2B/pQ5R/p2k2p1/r2NR1K1/3P4/4nB2 w - - 0 1,2,Jean-Yves Spiess
fdb01d9c,8/6K1/p5RN/3b4/r4k1p/p1Q5/1p2P2n/4N3 w - - 0 1,2,Пётр Степанович Печёнкин
01e7ea82,b3N3/3rP3/B1k5/R1P2N2/2PR4/4K3/8/8 w - - 0 1,2,Nikos Pergialis
8564ef4d,8/8/6Q1/8/6K1/6N1/6k1/8 w - - 0 1,2,Klaus-Peter Zuncke
9d1e1b3d,2n1rr2/2N1b1B1/K3QqB1/PpP4p/b1Pk4/R1RNpp2/8/8 w - - 0 1,2,György Bakcsi
b6cb1f0b,8/8/3P4/3Q4/pkB5/8/3K4/8 w - - 0 1,2,Петко Андонов Петков
c7f9f80d,3b4/7K/4N3/7k/6p1/8/5Q2/8 w - - 0 1,2,Robert A. Lincoln
dd19ea5a,6n1/1pKB2Qb/1Rpp2Nr/p1kPp3/5N1p/bPP5/8/R7 w - - 0 1,2,Николай Николаевич Попков
6545f704,1B6/3N4/8/3k4/K2p4/3p1R2/3P4/3B4 w - - 0 1,2,Antonio Fantacci
0cca3ad1,8/p1K5/P7/k1N1n2p/Pp1p1Q1r/P4p1r/1N2P3/5B1b w - - 0 1,2,Albert Hegermann
22135fe6,4K3/4N2p/7p/5Q1p/7k/6b1/5RR1/7n w - - 0 1,2,Ramaswamy Ganapathi
d178cecb,7B/1r4q1/2pNP1Q1/1r1P3R/N1pk2K1/8/6B1/4R3 w - - 0 1,2,David J. Shire
ec4ef8de,6QK/3bp3/2P1NB2/rRp2k2/1R2NPrp/4p1bB/4P2n/7q w - - 0 1,2,Juri Jakowlewitsch Marker
8128d396,8/6N1/8/3Q4/6k1/8/8/6K1 w - - 0 1,2,Elmar Abdullayev
a7afbb0c,8/1p1B1pKp/2p2Rp1/1pPk3r/1P1bbrN1/3RQ3/3Nn2B/q7 w - - 0 1,2,József Pásztor
d72f1e04,5KB1/2Q5/n2RbR2/8/N2nk3/4Pp2/2PP1p1B/b4q1N w - - 0 1,2,Михаил Николаевич Храмцевич
b3505128,7K/p1R1p2p/8/qp3bPQ/r2kBBp1/2bN2N1/nPP1r3/5n2 w - - 0 1,2,Maxwell Bukofzer
884c216a,4R3/1K3P2/2P5/2pkN1N1/5R2/8/b6Q/6b1 w - - 0 1,2,Toma Garai
9663132d,1R6/p2N4/k2P4/P1p5/Q1Pnr3/1P1nP3/7p/1K5B w - - 0 1,2,Joseph John Warton
047b4b9e,8/8/8/5R2/8/3ppp2/2Q1b2P/3qrkNK w - - 0 1,2,Florea Vecu
3dbef699,8/3B1bB1/5Pp1/2K1krRP/4pb2/4R3/5p1Q/8 w - - 0 1,2,István Papp
ba619bd8,nb1N1R2/r2nk1P1/1BP1N3/2r1PPqb/B5p1/8/4P1K1/3Q4 w - - 0 1,2,Cyril P. Swindley
f02ab7fb,8/5p2/2R5/4kn1Q/3p3R/K4p1r/B1bN2n1/8 w - - 0 1,2,Josef Mettler
2d089c44,3rr2n/5RQP/8/qN5K/2B1kP1b/1n2Np2/2P2P2/4R3 w - - 0 1,2,Herbert Angeli
a0f78f4b,8/8/2p1q3/K1Bbrpp1/5k1N/2R3nr/4PN2/Q7 w - - 0 1,2,Lars Aksglæde Larsen
ca04faad,2K5/2p1N1p1/R4p2/2rpkpq1/4p3/2P1r1P1/bQ2R2B/2b1N3 w - - 0 1,2,Никтополион Павлович Кащеев
3ab87bb4,4R2N/3p2RB/3P4/3N1K1P/7p/3p1k1p/3p1p1P/3n1b2 w - - 0 1,2,Milan Nemček
d8576b5c,8/8/8/4pKp1/4p1p1/4BnQ1/8/7k w - - 0 1,2,Петар Иванић
a51770fd,1qrnbB2/3P1k1N/2r2bRp/2p1P2K/B1N1P3/1R6/Q7/8 w - - 0 1,2,Валерий Иванович Резинкин
90149808,4R2n/5p2/r3b2K/1PNkB1pR/1PN3rP/1B6/5QP1/2b1q3 w - - 0 1,2,Comins Mansfield
97a0b046,2Q5/B2B4/r2N1RK1/p1P2p2/RnPk1Pp1/1p2p1N1/2bPPP2/6q1 w - - 0 1,2,Joselito Marcos
40c084c0,2K4B/8/8/2kp4/B7/8/8/Q7 w - - 0 1,2,Friedrich Martin Palitzsch
67dcbac1,8/8/4B3/8/p2Nkp2/Q3bN2/pnP4P/B4K2 w - - 0 1,2,Émile Léonard Pradignat
3149ab72,8/1p2R3/bP1k1P2/1Qn5/1n6/BpNB4/pP2K3/R7 w - - 0 1,2,Marian Wróbel
29af25b4,4rQ2/qNpb1pBp/7p/2p1p3/2p1k1P1/2P2R1N/r5P1/2bR1K2 w - - 0 1,2,Gyula Németh
11ba0018,8/1Q6/2B5/2b5/8/1N1k4/1P6/3K4 w - - 0 1,2,Carlos Alberto Grassano
0ef21b5d,rk5r/b2PNp1p/PqPKNpp1/2p5/8/6R1/1Q5B/8 w - - 0 1,2,Geoffrey K. Hicks
b8e57dbc,8/R1pNp3/1P1P1P2/3k3P/B2P2KP/3R2BQ/3N3P/8 w - - 0 1,2,Joseph Jean Louis Marie Opdenoordt
c0331ea2,2R5/B7/8/3k1K2/B7/8/8/8 w - - 0 1,2,Александр Михайлович Титаренко
430c6a5b,2K1N2B/1p1R1R2/4p3/Q3N3/2p1k1P1/1p2p3/4n3/2r1n3 w - - 0 1,2,Александр Александрович Ажусин
e445ecd0,3K4/4R3/4pP1N/3NP1bQ/4k3/1p2P3/1B5n/3R4 w - - 0 1,2,Василь Васильович Дячук
99c010c6,2R5/P5P1/p2pp3/p1bk1pQ1/K2p4/5P2/2P5/B1R4B w - - 0 1,2,Ljubomir Branković
51634a51,1BR5/8/2N3nr/5pQ1/1P5r/KPk4q/3N3b/1B5b w - - 0 1,2,Wolfgang Gäb
69a417d8,6b1/4Qp2/2K3pb/7r/1pkP3p/1N5r/2P1N3/8 w - - 0 1,2,Hans Georg Matthäus
8f4d7763,8/8/4p3/5p2/1K1kBQ2/8/5P2/8 w - - 0 1,2,Виктор Сергеевич Колпаков
e18b7463,qbb5/7r/6Q1/1BP5/1N2p2r/1PP1k1B1/1PK1PN2/3R4 w - - 0 1,2,Oskar Wielgos
4e3d1ab7,2b5/1p6/3B1N2/3rN1K1/1P1k2PP/1P2R2Q/5P2/1nq5 w - - 0 1,2,Antonio Piatesi
d8a8af32,8/1Qp2K2/8/4k3/6P1/1N6/6N1/8 w - - 0 1,2,Wladimir Wiktorowitsch Sokolow
ddc2881e,7b/4p3/4R3/1N1kP2Q/4RK2/8/8/8 w - - 0 1,2,Zvonimir Hernitz
115b90f3,1r2R3/q6p/1B2N3/b1P5/b1B5/4k2K/4N1P1/1r2Q3 w - - 0 1,2,Friedrich Chlubna
c0de7d9c,4nr1b/2pN4/B3Q3/3p2N1/3k1p1K/2pp1Rpp/3r3n/5b2 w - - 0 1,2,Zygmunt Marjenstrass
8c483ba2,5B2/r1PRpBKp/3N4/rp1nk2p/1p1p1NP1/3Pp1P1/5R2/2Q5 w - - 0 1,2,René Van Dooren
9349a0a9,1n3R1b/qp2Pp2/2bK1pN1/R1pp1kPP/7p/4BPp1/2N1Q3/2n4r w - - 0 1,2,Анатолий Савельевич Красный
446bc8c0,8/1rN5/2p3p1/2p5/1pkN4/1bqR4/r1n3QK/2R2B2 w - - 0 1,2,William Robert Inge Dalton
778bb140,1b5B/3p2q1/1n4p1/KR5r/6R1/NpkN2r1/pp3p2/3Q4 w - - 0 1,2,Imants Ķīsis
f3ca1a13,7B/2K5/1P1N2Rp/R1bk4/3pr3/1r6/N1P1qp2/1bQ4B w - - 0 1,2,Nicholas Gabor
deddb747,NR6/br1B4/p1pnr3/PkBn4/1P3Q2/Kp6/1P6/2R4q w - - 0 1,2,José Jesus Cornejo
09d7be6f,4R3/5pb1/4Ppr1/3N1k1n/1Q2b1nP/3pBNrP/3K2p1/4R3 w - - 0 1,2,Евгений Васильевич Фомичёв
e5fd2eb4,4R3/1nK5/2N2p2/3k1P2/1Pp3B1/2r5/1q1bP1N1/4r1B1 w - - 0 1,2,Венелин Алайков
7877c1eb,3r4/p3r3/1nR5/2N3b1/1Ppk2qR/5QB1/KP4n1/7b w - - 0 1,2,Frank Wilson Wynne
a7cad92b,8/q2p1n2/1b1p1QR1/p2kN3/1PR4r/p3P2b/K3BNPB/4n3 w - - 0 1,2,Touw Hian Bwee
20c32ede,2R4q/2r2Nb1/7r/Q1p5/n1kpB1NR/K7/8/1b6 w - - 0 1,2,Sámuel Gold
65a9ae54,B7/2Q5/3p4/2pP4/1PNrR1p1/2Pk2P1/K6R/3N4 w - - 0 1,2,John Gilbert Nix
4f2f3bda,2NBr3/p3p3/6RQ/2nk4/3P2p1/1P2KnP1/8/3B4 w - - 0 1,2,Václav Kotěšovec
f3a003bf,2Nr1B2/1Q1P1pP1/p1P1kp2/8/1n2B1Nb/8/4R3/3K4 w - - 0 1,2,Gunnar Andersson
56c416d2,2B5/5q2/R2P4/1k1r1NRp/3BQ2K/1P1n4/8/3N1b2 w - - 0 1,2,
a47d1101,6B1/4R2p/6pP/1p6/b4p2/1p1kNPp1/1B4P1/3K4 w - - 0 1,2,Милан Велимировић
c1582ae7,N1Q5/B7/3PP3/1PpkP3/3P4/5K2/2P5/8 w - - 0 1,2,Alexander Hildebrand
2df9f5ec,n7/8/3NN1n1/1KPkr3/4p1Q1/1p6/1B6/8 w - - 0 1,2,Pascal di Scala
586c1c75,3B4/1n1K3B/1N6/2bQp1p1/1Rq2kN1/R6P/2rrP1p1/4n3 w - - 0 1,2,Arnoldo Ellerman
42b36158,8/2K5/2Q5/k1p5/2r5/P7/1P6/8 w - - 0 1,2,Пётр Шалимов
e3ac0191,8/6p1/2Rp4/1p1k1PK1/1pR1N3/3N4/2n1P3/8 w - - 0 1,2,John Frederick Keeble
eb0d2f6e,8/5QK1/8/8/R2rk3/3n1n1N/2P5/BB3N2 w - - 0 1,2,Antonio Garofalo
a4e20dd6,6N1/3ppnK1/N2k1Pb1/1P2nRP1/3b1rr1/1B2Q3/2p4B/3R4 w - - 0 1,2,Sándor Boros
0d5bfbbd,4n2B/5p2/1KR2r2/4k3/1R3NP1/pN2P3/Brb5/Q5n1 w - - 0 1,2,Alessandro Fontana
0becd1c0,8/8/8/p5BR/kpB5/8/2K5/8 w - - 0 1,2,Альберт Серапіонович Шахназарян
8f2459a2,4r2k/7N/2N2R1K/3Q4/8/8/8/8 w - - 0 1,2,Володимир Иосифович Пипа
233c3e18,R7/4p1K1/6NP/B4k2/5p2/5P2/B7/8 w - - 0 1,2,Johannes Öhquist
1c2c9336,1B1bKN2/2r1p3/3r4/1pP1k1P1/1N4Q1/2P5/8/8 w - - 0 1,2,Meindert Niemeijer
59ee40ed,2q5/7Q/8/1B2B1Np/3pN3/2n1k3/4p3/4K3 w - - 0 1,2,Herbert Siegfried Oskar Ahues
4fb6d081,3K4/5Q2/7p/6N1/5B1k/5P2/8/8 w - - 0 1,2,Rudolf Leopold
46bd033a,8/8/5p2/5K2/8/6pk/6b1/Q4B2 w - - 0 1,2,Александр Иванович Ельцов
a5ad0af2,2N5/3n4/N3p3/1n1k3B/3ppP2/pP6/3Q4/K7 w - - 0 1,2,Heinrich Friedrich Ludwig Meyer
95625406,2N5/2KR1p2/2p5/1pP1p3/nBkbrP2/Pp3p1Q/8/1rnR1N2 w - - 0 1,2,Herbert Siegfried Oskar Ahues
cb978539,3K4/b1p1R1R1/7p/p7/4PkPP/3Q1b2/r2rn2P/2B2N1B w - - 0 1,2,Artūrs Ķeirāns
8d06c550,5R1K/6B1/2r3k1/4R2p/q3PP1p/5b2/1Q6/1B4r1 w - - 0 1,2,Robert Ivan Gunn
491e1d77,2KQ4/4p3/3pR3/1B1kp3/8/5R2/5BP1/8 w - - 0 1,2,З. Култаев
a6d5fd4f,8/n1R5/8/b1Pkp1n1/2rN2QK/1Bpb1p2/qP6/6B1 w - - 0 1,2,Tadeusz Czarnecki
2aaf382b,4B3/8/2Rbp2p/1p1k4/pP1Pp3/K2N4/1Bp5/2Q5 w - - 0 1,2,Владимир Николаевич Тиханков
94bf4e79,3n2Bn/N4p1P/1N1p2p1/3Pk1r1/5Rb1/5Pp1/3B4/6KQ w - - 0 1,2,Lutz-Dieter Gruber
cd08e36f,8/4Q1p1/2p3r1/K1R5/p2NP2B/8/1R6/3k4 w - - 0 1,2,Віктор Олександрович Мельниченко
6f59fefb,8/2N5/3B4/8/3k4/8/1R1NK3/8 w - - 0 1,2,György Schiffert
ea3520d6,Q7/2pp4/5p2/KN1B1r2/4p1N1/P1Bkn2R/1Pp1p3/2q4b w - - 0 1,2,Arnoldo Ellerman
0731db19,2K5/p2P4/1PQ5/k7/8/1P6/8/8 w - - 0 1,2,Александр Григорьевич Андреев
cac47b75,8/4N3/3k4/5R2/Q7/K6B/8/8 w - - 0 1,2,Анатолий И. Висков
c64bae03,6b1/KB5p/5NrR/pk2p1p1/n7/B2P2b1/2P1Nr2/8 w - - 0 1,2,István Földes
e8c2c958,4B3/2b1pp2/RB1Nk2p/q3Pp2/N1P5/2p1Q3/8/6K1 w - - 0 1,2,Guido Cristoffanini
9c3c1532,8/b2prN2/6p1/1P3b1r/B4Q1q/1P1k2Pp/1B2N3/2K1R3 w - - 0 1,2,Giuseppe Sardella
2f7b4a61,4r3/1pP5/3R4/1Nk2B2/P4N2/1p4RQ/1r2p2K/1b2B3 w - - 0 1,2,Валентин Володимирович Лук'янов
98d50615,2n2B2/5B1p/1p3N2/4k3/3N1q1R/K3p3/2P5/6Q1 w - - 0 1,2,Benjamin M. Berd
78102a3b,nK1Q4/1p2p1p1/4p3/1r2k3/1P1NN2R/r3R3/3q1P1b/7B w - - 0 1,2,Aladár Simay-Molnár
0da246f0,8/8/8/2n5/2Q3N1/Np4Bp/b1BkP2K/q3R3 w - - 0 1,2,Henryk Żuk
4d72c7fb,6rB/2pp2r1/6n1/RbN1kPP1/2p1N1K1/4P3/1b6/3Q4 w - - 0 1,2,David Hjelle
1e4b7019,7n/1K1p2P1/3k4/3PN3/8/1BR1n1P1/4R3/2b1Q1B1 w - - 0 1,2,László Apró
3a35a644,8/8/1N6/4p3/1P1k4/7Q/8/2Kn4 w - - 0 1,2,Андрей Николаевич Дикусаров
901f3469,8/1p6/N5K1/p7/kN6/8/4Q3/8 w - - 0 1,2,Вадим Константинович Винокуров
cdc5681a,3N4/7p/3p1pqP/Q2bk1p1/1p2p1R1/1P4RB/3P1N2/2K3B1 w - - 0 1,2,Adolph Jay Fink
f7863be1,8/3N4/2PK2P1/1P6/3pP1B1/3k4/R2B4/8 w - - 0 1,2,Attila Benedek
42a80d01,K4b1B/n1p1NBR1/2p5/4RQP1/1P1kN3/3p4/1n1p1P1p/4r2q w - - 0 1,2,Драган Стојнић
2c305b88,8/1R6/8/4kPK1/4B3/8/4R3/4B3 w - - 0 1,2,Leonid Makaronez
fa3530ba,2Q1b3/B1ppb2r/3n2R1/3kNp2/6N1/8/8/3KRB2 w - - 0 1,2,Juan Ruiz Luque
6025bdc0,8/8/1p2p2K/1P2p3/4k2p/r2nPn2/Q5P1/3N1N2 w - - 0 1,2,Vojtěch Košek
fb221054,5b2/3K2p1/1R4N1/2Pk4/p3p2r/Bp2P3/pr6/Qb3B2 w - - 0 1,2,Herbert Siegfried Oskar Ahues
eeec8508,8/2p5/1n5R/3k1B2/1B6/N2rQ2K/N7/bq1R4 w - - 0 1,2,Barry Peter Barnes
188d8bbd,n2k4/P1NPN2P/3K2n1/8/3pr3/8/2r5/4B3 w - - 0 1,2,Виталий Семёнович Коваленко
b5d108a1,6R1/6Pp/3K1P1k/3QBb1P/8/3p4/3P1NR1/8 w - - 0 1,2,János Németh
065e0d20,8/p3k2p/bn1nN2p/P1N1P1PB/Q3pP1P/r3pP1K/P3r1R1/8 w - - 0 1,2,Григорий Александрович Промышлянский
cbab523d,K1R2N2/p2pR3/3k2N1/2pB2pr/4P3/q1P3pb/1r5b/1Qn3B1 w - - 0 1,2,Lajos Kiss
1907557a,B7/2rp3Q/1BnN1K2/2p5/R2PNpp1/3pk3/2P2R2/8 w - - 0 1,2,Євгеній Михайлович Гаврилів
b5a22112,8/4n3/4Q3/8/3kN3/1K6/3B4/8 w - - 0 1,2,Nicolae A. Drăgan
e58209e9,1Q6/3Bp1K1/4N3/4P3/p1N1kp2/P3rR2/2R4P/6B1 w - - 0 1,2,Henri Elisabeth Pelletret
2f7228e8,1R4BQ/RKpp1r2/8/8/8/3N1p2/pBp5/1kq5 w - - 0 1,2,Yoel Aloni
0eb498d4,2K4k/8/4nPPN/8/8/8/8/2Q5 w - - 0 1,2,Николай С. Зиновьев
6eb99445,k2K4/1RpppQ1p/1R5r/4r2p/b3B3/bp6/8/8 w - - 0 1,2,Владимир Иосифович Шиф
83010f3b,5N2/3p2p1/R2N2n1/ppRPk3/rp6/2n5/P2B3K/5Q2 w - - 0 1,2,Maximilian Feigl
ce5e8d98,8/2B1Q3/2p1NP2/2Pb4/1K2p3/3Pkp2/1R3RP1/8 w - - 0 1,2,Михаил Александрович Павлов
4a70e54d,8/B2pn3/3pPpp1/1r1Pk3/qn3p2/5P1Q/3R1N1K/8 w - - 0 1,2,János Kele
994572ac,5K2/6R1/7p/Q4B1k/1R6/5r2/4b1n1/4B3 w - - 0 1,2,Eigil Palle Pedersen
231a77f4,8/8/8/3kpNQ1/1K1N4/6P1/8/8 w - - 0 1,2,Max Dischler
5daa2cb3,4B3/B7/3n4/2R5/3kp3/P3N3/2P2K2/8 w - - 0 1,2,Fébus Hirsh Fraenkel
92fcf573,2B5/1p2pNn1/bB6/p3P3/2k1ppP1/PR6/K2Q4/b2N3R w - - 0 1,2,Marián Šemrinec
0c3c5991,3n2B1/7b/2N3pp/8/4kp2/3R4/8/2KQ4 w - - 0 1,2,Friedrich Amandus Leopold Kuskop
62668005,8/7K/2BPp2N/4k3/8/6N1/3P3B/7Q w - - 0 1,2,Эдуард Станиславович Монтвид
1593c920,q2b4/1r2p2N/2B1k1Pp/3R3K/4P1P1/7p/QP2r3/4R3 w - - 0 1,2,Rudolf Büchner
efccd54a,4R1B1/4q3/8/4k3/1Q6/K7/3R4/8 w - - 0 1,2,Albertus Marinus Koldijk
1477b08d,3r1N2/p1Q3pK/B1P3rp/2kP1R2/Pnb5/P1pRn3/1P1N4/4B2q w - - 0 1,2,Петро Андрійович Новіцький
b07d87a0,1nB2B2/Q1r1PK2/2pk2PR/4pRpq/1nPN3p/Nb1p4/8/2b2r2 w - - 0 1,2,W. C. A. L. Muller
3cfd4609,3Q4/r3p1bN/1p1Bk1P1/1R1n1p2/1p2n3/3p3N/5P1P/2q1RbK1 w - - 0 1,2,Frank Janet
28a4e95a,8/1KBn4/1p6/2bk1Nn1/p2P4/1R6/Bp2Q3/3q4 w - - 0 1,2,Gilbert S. Dobbs
ea285d52,4N3/3pp3/1n2Pp2/N1pk1p2/2n2K2/p3Q3/B7/8 w - - 0 1,2,Thomas Joseph Warton
5fa848ec,8/B7/8/2p5/7K/8/4P1p1/Q4B1k w - - 0 1,2,Bernard Barnett
438d4a69,n6N/2p2RBp/2K2p1q/4pkr1/4NPp1/3P2Q1/B7/4R3 w - - 0 1,2,Рим Петрович Телегин
92efa855,8/4bq2/1B6/8/Pk3NRp/1bNB4/1Q6/5Kn1 w - - 0 1,2,Владимир Владимирович Кожакин
21215cf0,4K3/3n4/3QB1pN/4P3/R3rk2/6R1/6PP/8 w - - 0 1,2,Comins Mansfield
a722c417,3Nb3/1N4n1/7p/2pPk2P/2Rb2Pp/1p1R1Q2/1P5p/1K2B3 w - - 0 1,2,Gyula Bebesi
4db31dc4,3B4/4p3/1K1R3p/3Bk2P/7P/7Q/3P4/8 w - - 0 1,2,Rudolf L'hermet
f5d92dd1,5Nb1/p5Nq/P6k/8/6PP/K6n/1R6/BQ6 w - - 0 1,2,Gustav Markus
912585fa,N2B2b1/4N3/4R3/Pkr5/2n3R1/1KQn3r/2Pp2p1/2b2Bq1 w - - 0 1,2,Eric Manfred Hassberg
b80ccea1,4Rb2/5r1q/3pN3/1P1k1ppn/1KpPNQ2/1Pp4r/8/1B1R1b2 w - - 0 1,2,Самуїл Давидович Лейтес
4986fccc,2B1R1nN/R1P1Np2/3k4/1P3r1r/2PP3b/4pb2/8/2K5 w - - 0 1,2,Pieter le Grand
331791b5,1Q5N/2b1pr2/4r2p/2PR4/2RpPkBK/8/8/5N2 w - - 0 1,2,Michal Dragoun
8dabc28e,5R2/KN3nr1/4N2Q/R7/2Ppk1n1/8/4P3/2b5 w - - 0 1,2,Michael Barth
ccbac037,4r3/7q/1n3Q1p/1BpnBP2/4k1N1/2rR1Rp1/3p2K1/8 w - - 0 1,2,Василь Васильович Дячук
7ba0154c,1N3b2/8/4rnQ1/pRn3R1/p1Pk4/P3N3/1K1P2br/1B4B1 w - - 0 1,2,José Ripoll Puig
b62b7935,3RK3/8/1Q3Rp1/r2Np3/3Bk3/8/1b6/1b1nNBq1 w - - 0 1,2,Josef Burda
c57d9e3f,Kn2N3/1R2p2b/pNk1r1n1/2p2p2/5bp1/q3B3/8/1Q3B2 w - - 0 1,2,József Szöghy
5b95ae58,5bN1/2pp3n/BNkB1n2/6p1/p3p1P1/P1K1P3/8/1RRQ4 w - - 0 1,2,Arnoldo Ellerman
2242f680,1b6/1rpB4/1q6/r2kp1NR/pRN5/2P5/K1P2Q2/7b w - - 0 1,2,Johann Bernhard Michael Schneider
24d90275,2r2B2/2pN1p2/4kPq1/6pN/p3b3/1r2Q1K1/B4R2/3R4 w - - 0 1,2,Бошко Милошески
057a1b5c,6Q1/8/1p2R3/1kN5/2R5/4K3/8/8 w - - 0 1,2,Leonid Makaronez
a8244042,7K/R3pp2/4nRpN/3Pkbp1/6p1/4B1N1/BP6/5Q2 w - - 0 1,2,Yosi Retter
c425a154,2Bn4/1p2r3/1K1N2Nq/1QPkBpP1/R4b2/1p3P2/8/n2r1b2 w - - 0 1,2,Jan Hartong
05ec8220,3N4/1Bn2Q1N/r1r4p/p5p1/2p1k1p1/1PP3Bp/3K2P1/1b6 w - - 0 1,2,Павел Александрович Мурашёв
9551423e,K3B2b/3RB3/p3k1P1/r1np3Q/3P4/4N3/2q2n2/5r1b w - - 0 1,2,Halvar Hermanson
a5fc4790,1BB2n2/2Np4/p4rr1/4k1P1/6n1/5PN1/3Q4/K5Rb w - - 0 1,2,Mieczysław Zalewski
fc57fc3b,5NK1/b7/6p1/8/5Prk/6Nq/4BB2/1Q6 w - - 0 1,2,Zoltán Zilahi
61f3e467,B1K5/p2ppp2/1p1kb3/1QR2n2/2nr1P2/8/5N2/2rRq3 w - - 0 1,2,Guido Cristoffanini
e4672622,2Q5/r7/3k1p2/2R5/2P5/1p1K4/8/4B3 w - - 0 1,2,Max Julius Meyer
6f1d588e,8/4pN2/5pn1/1p1pn3/2kPP1p1/P5P1/KPN1P3/5Q2 w - - 0 1,2,Adolf Ringier
c74820c4,8/5Q2/1r2n2K/Nbpk3N/6R1/4R3/7B/5r1n w - - 0 1,2,Wolfgang Berg
e1e8219e,6NN/8/4p3/p3Rp1B/P4k1p/2P4P/1QP4P/4K2R w - - 0 1,2,Ēriks Jurka
3ce71c85,8/6Q1/3pk3/8/2R1N3/3P3K/8/8 w - - 0 1,2,Владимир Афанасьевич Шматов
08b0566b,8/K1Ppr3/BRQp4/1p6/1Pnk2N1/1p3P2/2p2Rpq/brN1B1n1 w - - 0 1,2,Sándor Menkes
b6577865,8/8/2B5/6B1/8/2KN4/4kp2/R7 w - - 0 1,2,Friedrich Bethge
fc925ca5,3R1b1B/K1RN2q1/8/2nn4/3k4/6Q1/3NP3/8 w - - 0 1,2,Ефим Наумович Рухлис
424a0d72,2QbR3/3pnr2/R1pk1Pp1/1P1bp3/1PB5/6N1/2K5/B7 w - - 0 1,2,Ferenc Ruck
f8e042e5,r3k3/3b2K1/2R5/6B1/8/8/8/5B2 w - - 0 1,2,Eligiusz Zimmer
57cc52ba,8/1KB5/2N1k3/8/2p5/8/8/5Q2 w - - 0 1,2,Gunnar Frode Myhre
7ebc080a,2B1n3/8/1pR2pK1/1r1N4/p1q1k3/2p3Bp/pn2p3/b2bN1Q1 w - - 0 1,2,Kazimierz Grabowski
ba2de1c2,BQ3N2/2p1n3/7N/2P1k1n1/3bb3/2R3P1/8/B1K1R3 w - - 0 1,2,Arthur Ford Mackenzie
8bbffdcc,7K/Q7/3pp3/2n1P3/3k1N2/4R1pR/b2NpB2/b3r3 w - - 0 1,2,Miroslav Svítek
34eb5391,k1K5/rrB5/p1R5/P2N4/8/8/8/7B w - - 0 1,2,Јожеф Ченгери
3b81e3d3,BQ1b1N2/1Kn5/5pN1/1p3k2/1Rb4P/3pnP2/4P3/8 w - - 0 1,2,Vladimír Kočí
913ff01c,2NnB3/8/1Rq4n/p1Nk4/3P4/2BQ4/8/7K w - - 0 1,2,Adolf Steif
afd8ba9b,2n2rb1/8/KN4Q1/2BNkB2/8/8/5P1q/8 w - - 0 1,2,Laurits Andreas Munck
c5afc85b,2Q3B1/5b2/P2B4/R1NN4/1PkP3R/8/K2p4/8 w - - 0 1,2,József Szöghy
d30e754b,2R5/4B3/8/8/8/5K2/3p4/3k4 w - - 0 1,2,Николай Семёнович Иванов
43141620,3R4/Q7/8/pkB5/2b5/8/1K6/8 w - - 0 1,2,Александр Григорьевич Андреев
93f2405b,3R2b1/2K1N3/5rQr/R1N1k1B1/1p2P3/1q1Pp3/B3n3/8 w - - 0 1,2,Gottlieb Frei
4659785b,8/1B1pN3/r1r2RK1/8/1P1bkp2/2pR1N2/4P3/8 w - - 0 1,2,Jacques Cramatte
4bb256ec,1B1b3K/4P3/8/p1PkpR1p/Q2p2P1/3Nn1q1/b1n1N3/1BRr4 w - - 0 1,2,Ján Fábry
a565c80a,1Q6/8/8/3R4/1pp5/k7/1N6/1K6 w - - 0 1,2,Микола Васильович Чернявський
5b9f1b69,8/5p2/3Rr3/p2PPkpQ/8/8/r1P2K1B/1B2R3 w - - 0 1,2,J. L. Peake
09b94b56,r3k3/P3p2p/1P1b4/2N1NR1K/6BB/8/2r5/6Q1 w - - 0 1,2,Виктор Викторович Зайцев
2b1a9eb8,3Q1BBn/2n5/3NP1p1/Rp1k2rp/2pN2b1/2P2p2/5K2/8 w - - 0 1,2,Edwin John Eddy
ddc27c51,8/7N/5n2/8/5kpp/2Q2PR1/2B1P3/4K2R w - - 0 1,2,Mihail I. Stan
2b6bd288,4R3/8/3PBPp1/pKN1k3/Rn2N2P/B1p1p3/2P1P3/4Q3 w - - 0 1,2,Жива Томић
7ec1736b,8/B7/8/8/1q2B1p1/5NK1/8/5N1k w - - 0 1,2,N. S. Muthuswami
fe72805d,2b5/Br2PP1K/2B5/p1p2pRP/3k1P2/1P1P1r2/R3n1Q1/3NN1n1 w - - 0 1,2,Theodor Tauber
5f81e036,1K6/1p1p4/pr1kNP2/3B1R2/qP3r2/B7/8/3R4 w - - 0 1,2,Comins Mansfield
b628df09,8/8/3p2p1/4p3/2p1k3/1pP1N3/1p6/bK2RQ2 w - - 0 1,2,Walter Henke
937b59eb,1B1R1bB1/n1rq2np/8/1pQPk1p1/1p2N2N/3PP3/8/2K2R2 w - - 0 1,2,Anton Öhrlein
60fe2a05,4R3/2pb4/2B1q3/Kp1Pr1p1/R1prk1P1/N2p3p/3P3B/2N2Qb1 w - - 0 1,2,Izabella Keller
de07638c,1R6/p7/Kb6/3p4/1B6/Pk1B1P2/pN1PQ3/nb1N4 w - - 0 1,2,Huibrecht van Beek
166a8014,8/6B1/1K1p4/4R2B/1p1N1k2/p2PN1p1/q5pp/6bn w - - 0 1,2,Barry Jack da Costa Andrade
1eb18e38,4r3/1p5b/8/1B1P3Q/r3k1pN/6P1/1b3PP1/3R3K w - - 0 1,2,Юрій Маркович Гордіан
6642d0c1,4n3/Bp6/3pR2Q/1B1k1P2/N2P2r1/2p5/2P3N1/Kn4b1 w - - 0 1,2,Herbert Siegfried Oskar Ahues
80d016ef,2Q1K3/3P2R1/2b1N3/2Pk1p2/4qp2/n2p1B2/3N4/B3R3 w - - 0 1,2,Andor Weisz
e429d439,8/4NP2/7P/2BBk3/7K/8/8/8 w - - 0 1,2,Григорий Фёдорович Марковский
27ddcb9a,3R4/N2rrn2/1p1bR3/1b1k1P2/3B1p2/1PQ5/N3p1q1/KB6 w - - 0 1,2,Roméo Bédoni
1a643e20,7N/B3Q2b/n3pN2/4k1n1/3p1pP1/5P2/3PP3/4RRbK w - - 0 1,2,Miguel Zabala Apraiz
18b3a4de,8/1N2p3/1p2Bp2/1r1p1K2/Rpk5/8/P2Q4/8 w - - 0 1,2,Per Ivan Rune Asplund
4e1a0629,2B5/3R4/5P2/5R2/Q6b/2r3pk/b1P5/6K1 w - - 0 1,2,Johannes Albarda
9dd5a2dd,7K/7Q/8/5RPn/7k/5r1B/3B1P1R/8 w - - 0 1,2,Владимир Викторович Кузьмичев
038c24aa,8/4K3/8/2p1kp2/2PR2p1/BN6/4PP2/8 w - - 0 1,2,Johannes van Dijk
9ef00de7,3BB1RK/6N1/r1n5/qn5P/1pR2pkN/2brpp1p/2bP2pP/Q7 w - - 0 1,2,Gordon Leigh
1c167248,8/P6p/1p4pR/PP2p1N1/k3K2p/7B/1Q4p1/6N1 w - - 0 1,2,Andreas Witt
599260dc,8/8/8/6pQ/6N1/7K/7N/6bk w - - 0 1,2,Валентин Викторович Лидер
54d88d4e,3k3K/1p2N3/1p2Q2R/8/8/8/8/8 w - - 0 1,2,Владимир Николаевич Чекарьков
7076c470,5r2/4Ppp1/RNB2kPp/6Nr/1b2KP2/B2Q4/8/4R3 w - - 0 1,2,Miroslav Subotić
65d5c04c,8/2K1R3/6P1/2p3p1/2P2kn1/3B3P/3N1p1P/Q7 w - - 0 1,2,Süleyman Abdullayev
57705c0e,Bq6/Pn1RpR2/3pP3/1P2kp2/r1b2N1Q/pN1P2B1/8/4K3 w - - 0 1,2,Борис Григорьевич Маслов
ce1d6f15,8/2P2p2/2N2P1R/3p1kNp/4rn1P/q2n1QK1/bB3R2/1Bb5 w - - 0 1,2,Sándor Boros
fc355b61,2r3q1/3Q4/8/Rp1P4/PPk1N1nR/nN2P3/1PP5/2K1B3 w - - 0 1,2,Peter Heyl
8ea88998,6KB/b7/1P6/1n5N/Q1P1k1N1/p2p2p1/6nq/3B1R2 w - - 0 1,2,Arnoldo Ellerman
c8d46605,5Bb1/8/nPPRp3/1qk5/p1N5/1p6/4NK2/2R1Q3 w - - 0 1,2,Arthur M. Sparke
4d021d06,2Q5/b2N4/3kBP2/1nN3pq/3P3p/2p2p2/4nK2/1r2rb2 w - - 0 1,2,Григорий Сергеевич Атаянц
3d4c679d,1b1Rb3/1n1p1Np1/BB2n1P1/2r3QK/3k1rRp/1PN1p1P1/1P2p1q1/8 w - - 0 1,2,Charles Pelle
8fd1ca80,1B3b2/1K1kP3/NPN5/1P5Q/1qB1r3/8/8/8 w - - 0 1,2,György Bakcsi
1b95dff7,RK2k3/ppp3R1/8/6Q1/1q5p/2rp4/5b2/8 w - - 0 1,2,Николай П. Воробьёв
708348af,1R3b2/1Q3N2/K3p3/2B3rR/2k5/1Np1q3/2P5/8 w - - 0 1,2,Анатолий Васильевич Слесаренко
ec49a7f2,8/4KN1B/4P3/1nP2rp1/4k1Nb/nQ1pB1R1/1q6/8 w - - 0 1,2,Julius Zdeněk Mach
fb966956,8/6p1/pp4N1/rb1Q1B1K/pP1P3P/P1B1Np1n/2P1kP2/5Rn1 w - - 0 1,2,Lionel Sharples Penrose
19931272,4K3/8/b1pR2p1/R1n1nk2/7P/q7/B1P2N1B/bQ6 w - - 0 1,2,Frederick E. Gamage
1f9eb6e3,1N2Q3/1K2n3/3Pr3/p1P5/Rb1k4/1pR5/1B2p3/4N2B w - - 0 1,2,Arnoldo Ellerman
7c670db7,8/8/8/8/8/5Qp1/3K1P1p/6kr w - - 0 1,2,Михаил Иванович Гориславский
401185a3,2N3bB/n1bQ3B/5R2/2pp2pq/K1k3p1/2p1RN2/8/4n3 w - - 0 1,2,Драган Стојнић
e643dea6,1B6/7p/1N6/2n5/R1Bpkp2/4b2Q/8/5K2 w - - 0 1,2,Юрий Акимович Сушков
03d4d7eb,3K4/5PQ1/2b1k3/4pp2/3pp3/8/8/8 w - - 0 1,2,Niels Høeg
261633c9,4N3/8/5p2/1p1k1P2/1R1B1Q2/6p1/7P/K6b w - - 0 1,2,Ladislav Vetešník
f1f69ecb,3n3q/2KP4/2N1p3/2p1p1R1/P1k3N1/2p1p1QR/2P2bB1/5b1r w - - 0 1,2,Jacobus Haring
a3107662,8/4Q3/1P1pn1bb/1n1PR1P1/RBNk4/8/3NPK2/8 w - - 0 1,2,Gérard Doukhan
509363ec,1R6/N7/B7/8/2pp4/2k2P2/8/3K4 w - - 0 1,2,Achille Campo
889ef241,q2N4/1Q2p3/4p2K/2rb2R1/3PPk2/r4p2/p2R1P2/1BB5 w - - 0 1,2,Абрам Яковлевич Рыраховский
4167e8af,8/8/8/5N2/8/K2B1p1r/6Rp/R3N2k w - - 0 1,2,Fuad Emile Jada
56d02f92,n1b2B2/8/R1pN1N2/p1k1p3/3rp2K/P3Q2p/2r5/3R4 w - - 0 1,2,József Szöghy
330a57ec,B7/8/8/4K3/5N1p/4R2p/6np/R5nk w - - 0 1,2,Karol Mlynka
a3096253,1nBB4/1K6/1Qpk2b1/2N5/4pP2/bp1N4/3R4/3q4 w - - 0 1,2,Kārlis Jankevics
6863423c,nB1Q2n1/3r3p/b1PPP3/3N1R2/3kp1N1/1B1p3r/4P3/1KR5 w - - 0 1,2,Anton A. C. Trilling
4a76a54c,b2r4/2N2pR1/3pp3/3BnkPN/2p1p3/K2pQ3/PB4R1/4rqn1 w - - 0 1,2,Miloš Maryško
3ec16011,2K1b3/R2pk2N/5q1P/3P2Bn/3P4/4N3/B7/1Q2R3 w - - 0 1,2,David Shtern
68df604e,K1BB4/2p1Np2/4n2Q/3p4/3P2kp/7p/3N2bP/4n1R1 w - - 0 1,2,Abdelaziz Onkoud
61beff75,K4n2/1NP1PN2/3Qb2B/p1r3q1/R1P1k3/5RbB/2P1Ppr1/2n5 w - - 0 1,2,László Klein
9126fe1b,8/2PP4/4B3/R1KNkPP1/2Prb3/3P1n2/1B2N3/8 w - - 0 1,2,Василь Васильович Дячук
6d117d6a,8/8/1K6/P7/2bR4/k7/P7/1Q6 w - - 0 1,2,Сергей Юрьевич Румянцев
9349aae2,8/pr6/3Np3/3nR3/1N6/KPk2n1Q/1R3B2/1b6 w - - 0 1,2,Hans Schogt
5bb87919,5B2/1BR1N1p1/Kn2R2b/2P1NP2/pp1kP1p1/q1prp3/3P1P2/2Q5 w - - 0 1,2,Michael Barth
25f490ca,6Q1/1K2k1P1/4N3/6P1/2N5/8/8/8 w - - 0 1,2,Gyula R. Neukomm
e05761d6,8/8/1Qpp1ppp/1p1R1P1n/3p1kPP/2R4P/1NNq1BBK/8 w - - 0 1,2,Миливој С. Нешић
0843360a,2N3n1/N7/1Kp5/p7/k2BR2r/2Ppp3/BPb1q3/R5r1 w - - 0 1,2,Andrej Ančin
d2a7d958,8/3p4/3Q4/4p3/K1Pp2P1/4kP1R/1R6/8 w - - 0 1,2,Carslake Winter-Wood
c777183c,2r5/2b2PP1/4Q3/1np1p2p/N2Bk3/1n1R2P1/1N1prpPK/5b2 w - - 0 1,2,Paul Steiner
b71cec2b,3q4/6N1/n4R1p/4P3/2BPkN2/7r/1Q3PPB/n4K2 w - - 0 1,2,Halvar Hermanson
37950687,8/B1p5/B5Q1/4p3/5N2/2k4r/1R5r/K6b w - - 0 1,2,Fritz Hoffmann
223a4fd8,2BB2R1/8/Q1N4p/1K1PN2p/R3pk2/3P1p2/3Pq3/b6n w - - 0 1,2,Jacques Savournin
bf4168f4,N3K3/p3R1P1/k4N2/6pR/2P1pp1b/3Pr3/3B4/7B w - - 0 1,2,Alessandro Cuppini
c0dbc8e7,n3N1nB/6qr/Qp2P3/1P1k3p/1P5R/1b6/1b2RPN1/5BK1 w - - 0 1,2,А. С. Бернштейн
5c9af0d5,8/8/6q1/7k/5Bbp/4R3/8/4K3 w - - 0 1,2,Зоран Јанев
1196a5e9,2B4Q/b4NK1/5pn1/3N1q2/4k3/8/3R1BP1/8 w - - 0 1,2,
fe037bbd,3B4/2N3p1/4pR2/4k3/4P3/3K4/8/8 w - - 0 1,2,Gerardo Vignadelli
105695f0,3n1Q2/8/3pk3/1p2N3/1P2BP2/5p2/K3bP2/4R3 w - - 0 1,2,Charles Planck
eaec824d,1Q6/n3N1pK/2P4R/R1b1PN2/5kpP/3np1p1/1r4B1/B7 w - - 0 1,2,Roger Lepage
4a5c21d7,8/8/3q4/4B3/3N4/1Q1K4/p7/k7 w - - 0 1,2,Heikki Lukkarinen
dca90e4f,3B1nb1/3p1p2/3kBn1R/1P2p2R/4Q3/P2N4/7b/1K6 w - - 0 1,2,Itzhak Neumann
5c19b540,3r4/b5p1/4B3/3n3N/2n1k1Pp/1N1pB2R/1QrPPq2/Kb2R3 w - - 0 1,2,Arnoldo Ellerman
d23b762b,4K1R1/3N1R2/3pPp2/2BQ1Bnr/3qpkp1/8/5P1N/8 w - - 0 1,2,Charles W. Moore
7fbdab57,Qb4K1/R1p2p2/4pkN1/5Pp1/6P1/2N5/8/7b w - - 0 1,2,Mihai Cioflâncă
de0634f1,4K3/8/2R4P/4B1kr/6Nn/6pQ/5Rp1/6b1 w - - 0 1,2,Ivo Tominić
f5d8b59c,7B/8/rN6/pR3p1B/4k3/p5pN/p1nK4/8 w - - 0 1,2,Александр Н. Буянов
14f30bfb,3R4/K3N3/1PPN1pp1/Q5P1/p2k1P2/b7/2P2P2/5n2 w - - 0 1,2,Antonie Clarus Johannes van Eelde
38a9b19b,b7/8/8/4Q3/8/5kBK/8/2bN4 w - - 0 1,2,Nikos Siotis
5c94ef72,q4k1K/8/5p2/7B/8/8/1R6/4R3 w - - 0 1,2,Николай С. Зиновьев
452ccd93,3K4/8/5N2/3Nkp2/8/Q7/3P4/8 w - - 0 1,2,Carl Schrader
684eda41,7Q/b1Rp1b2/3P4/RBNk1P2/N2P1Bn1/1K2p3/1P2P3/2r5 w - - 0 1,2,Arieh Grinblat
8190b0ae,8/1R3n2/N7/1N1pp2K/2k1r1Bp/P4R2/n1P1bB2/2b2Q2 w - - 0 1,2,Efrén Petite
6527460c,7B/1NKp4/2npr3/1pN2p1b/1Pkn2qR/PR6/P1p1P3/5BbQ w - - 0 1,2,Alexander Rohoziński
4800ff3d,1q3R2/r2p1N1K/1P5B/1R3n2/2npk1p1/QN6/B1b1P3/4b3 w - - 0 1,2,Simon Costikyan
9027e478,2B5/1K2P3/2NpP1p1/1pNkpRpr/p5r1/Q5nq/5n2/2R3b1 w - - 0 1,2,Joe Casey Youngs
39d9cb9f,KQ1b2nB/5p1N/1p5r/4Np2/2BPkppn/8/R4P2/8 w - - 0 1,2,Louis Scotti
64fbdf20,6K1/4p1bN/1N1pk3/1P2pp2/8/3Q4/bBR3p1/2R5 w - - 0 1,2,Живко Јаневски
06487c9a,7b/8/2nR1P2/4N1Q1/4k3/5ppp/1KN2q2/1B4nr w - - 0 1,2,Василь Емануїлович Калина
9122d535,b2r4/3p1B1Q/1B3p2/K3k3/8/n2R3N/3N4/5r2 w - - 0 1,2,Pentti Olavi Sola
fa6a5fd4,8/5p2/2pN1P2/P1kpQ1p1/5pP1/P1p2P2/8/B1K5 w - - 0 1,2,Jozef J. Hajszeryk
7036a620,2b4n/1pKp4/8/4N3/Np1k2p1/BP6/4QP2/b7 w - - 0 1,2,Aleksandr Zarhs
b4bdfced,B5b1/8/K3pP2/pNB3R1/1bk2q2/1NP4Q/rnP3n1/8 w - - 0 1,2,Валерий Юрьевич Шаньшин
87add412,4B3/b1p5/R3PPpr/Rn1n1kB1/4bP1p/1p1P1N1P/3Q2N1/7K w - - 0 1,2,T. A. Coombes
3a5a1684,4r1B1/1Q2N3/3p1p1B/2Ppk2n/1pb4p/1nPP2p1/8/4K2R w - - 0 1,2,Edwin Mira-Kraft
68443af1,Kn6/4N3/p7/3QBb2/pk3qRr/p1RBb3/1r6/2N5 w - - 0 1,2,Jorge Marcelo Kapros
d725341c,8/4p3/5p2/1NRN1p1B/1p1PkPp1/2r1p3/2P1K3/1Q3R2 w - - 0 1,2,Pavlos N. Moutecidis
d9ed135c,3R1R2/4p1K1/8/4k3/1n2rN2/8/8/1B6 w - - 0 1,2,H. H. von Hoene
0a06a20f,7R/n2Nkpp1/3pP1R1/3P4/8/2B5/3p1r2/3Kb1Q1 w - - 0 1,2,Pieter ten Cate
45213fc9,4R3/P4b2/1p1Bn3/1N1Pq3/R2Pkp1b/1B1N3Q/4nPP1/1K6 w - - 0 1,2,István Stefano Ragó
616e916c,1r4n1/P2n1R1p/r1R3b1/1p2k1PQ/pPPp4/K3bpq1/3NNpp1/BB6 w - - 0 1,2,Hans Gruber
440ca10f,5B2/3N3B/3r4/4R1n1/1P1kpP2/3P4/1K3P2/3R4 w - - 0 1,2,Юрий Николаевич Яковлев
261434ff,8/1Q6/p1R5/P1rk1p2/PBRp1P2/K1Pbpn1B/6p1/5N2 w - - 0 1,2,Vladislav Buňka
96daee08,2R5/4B2K/b1r3p1/3p4/pn1kn1R1/6Q1/2pN1P2/2N5 w - - 0 1,2,Erio Salardini
dd2079bd,8/8/8/4p1B1/5r2/2K5/2B5/1Nk5 w - - 0 1,2,Алексей Николаевич Лебедев
93b359eb,2B3K1/1Rp3Q1/2pkNp2/3P1p2/3R4/qp3Nr1/6rB/2b5 w - - 0 1,2,Jacques Savournin
100bc937,bn6/r1p1RK2/p2k2p1/8/2Q1p3/4N3/2N5/8 w - - 0 1,2,Nicolae Gheran
1cf27add,5r2/7p/2PpPQ2/1B1k1KRp/N4R2/3Pp3/2Nb4/5r2 w - - 0 1,2,Jorge Marcelo Kapros
090e0132,6bR/3KNkP1/8/7N/8/8/8/8 w - - 0 1,2,Ernő Szentgyörgyi
d62b06aa,8/8/5R1p/6p1/6k1/8/6K1/4B2R w - - 0 1,2,Виктор Иванович Чепижный
be25ce88,8/2K5/8/p7/pR4p1/8/1P1N4/kB6 w - - 0 1,2,James Quah
0e56a832,B7/1nR5/2b3p1/3kNPb1/1PNp1n1R/3P4/7B/7K w - - 0 1,2,William E. Perry
194ac1a2,8/8/4PK2/P2P4/3k4/P2P4/2PRB3/4B2Q w - - 0 1,2,Frank Janet
9b5c9540,7n/3K2n1/5p1N/3pk2r/p5Q1/r1b1B2b/1p6/5R1B w - - 0 1,2,Percy Francis Blake
c842f0bc,8/8/8/8/NN3p2/3p1P2/3PBRP1/2k1K2R w - - 0 1,2,Братољуб Грубер
0b5d5329,8/8/2nPn3/1NrkrNQ1/1P6/2R1R3/3K2P1/8 w - - 0 1,2,Saverio Cè
3472834b,4R2B/K1R4n/5r2/NB1p1b2/P2k1P2/1P1ppP2/rp1P4/nQ3Nq1 w - - 0 1,2,Alois Szerencsics
0c4ee743,3R4/B1Q1K1p1/p7/1pPB1p2/q1PkP1bR/b2p1r2/3P4/4r3 w - - 0 1,2,Finn Olof Eriksson
4542d22c,q7/3Rr1p1/4Q3/1b2pNK1/1r2kPR1/1P5N/B1Pbp1P1/3nBn2 w - - 0 1,2,Manfred Seidel
8195c7cd,5n2/q3p1P1/P1P3NR/3k2P1/Q2N4/B1pPpppB/b3n3/K7 w - - 0 1,2,Миодраг Радомировић
f8a0857d,2RQ4/8/Bp2p3/n1nrP2K/2NkP3/2N1p3/4P2B/2R5 w - - 0 1,2,Jan Heribert Knöppel
e4ca64a9,3n4/3K4/5bN1/2pk1B2/7R/2rP1b2/4N3/8 w - - 0 1,2,Miguel Uris Escolano
99fa3583,2R2K2/1B4N1/bp1Np3/1rP2P1p/3k1BR1/3Pr3/nP1Q1b2/8 w - - 0 1,2,Елисей Кондратьевич Лебёдкин
a81a83b4,5R2/5b1q/6pb/6pR/3PBk1P/pQ6/KP3N1P/8 w - - 0 1,2,Валерій Олексійович Кривенко
68a87fdd,nb3Q1K/p6P/Pp2R1P1/1P2p3/3Nk1q1/2PpN1Bp/3P3P/8 w - - 0 1,2,Huibrecht van Beek
cd0b18fe,8/r7/1bRN4/1p1B1p2/1N1k1K2/3b1p2/3P1n2/6Qn w - - 0 1,2,Ēriks August Lazdiņš
19d7bb02,3K2bR/4B1kn/4Pp1R/5Pp1/6P1/8/8/8 w - - 0 1,2,Josef Cumpe
738838f5,5b2/6p1/5pP1/1K6/2NkB3/3pR3/7B/N7 w - - 0 1,2,Tomas Scolarici
5e5bf3e9,6b1/3N1p1P/rR1p4/3k3B/6P1/B2PK2n/qp4N1/3QR3 w - - 0 1,2,Byron Gaspar
3b4481fc,4K3/3pQ3/1R6/5p2/1Nk2b2/2r2N2/P1rP4/BBRn1b2 w - - 0 1,2,Karl Adolf Koefoed Larsen
8334b1e6,8/p7/Pp1p4/1R1Pkp2/3NP2Q/2r4p/2PR3K/8 w - - 0 1,2,Teodors Briedis
2bb5525b,8/2p2n2/2Q1pp2/5k1K/r3R1pp/3Rr1q1/b1B1N1N1/6b1 w - - 0 1,2,Jan Ingvar Hannelius
83330343,B6B/3R1N2/4P1n1/n1p1r3/2kPp3/b7/2KP4/RQ6 w - - 0 1,2,Frederick G. Tucker
cb5d2221,2R5/8/3R3q/6B1/1P4P1/P3P3/2NP4/K1kN3Q w - - 0 1,2,Paul Keres
a6ceb32e,1N1n1QN1/3P2P1/1p2P3/1p1rkPp1/1p1q2R1/1B6/1BP2Rp1/6Kb w - - 0 1,2,Petrus Albertus Koetsheid
0c528bc4,8/8/8/1N6/4p3/4kN2/6Q1/B3K3 w - - 0 1,2,Петрашин Петрашиновић
b0738c07,r6q/3p1pp1/3Q4/1p1N3p/3k4/1B1P4/5N2/2b3K1 w - - 0 1,2,Fritz Loepert
d61ceac5,1B5N/7p/4N2P/1P1kpQ2/6p1/3P2K1/1b6/8 w - - 0 1,2,Luigi Vitale
4aa376df,5q2/4r2p/7R/3Qp1np/3PBkN1/3P3r/3P1B2/2b1NKR1 w - - 0 1,2,Zoltán Labai
12ecba2a,1q6/1p1p2Bp/pQ2NPkN/7p/7P/1Kb1p3/8/3n4 w - - 0 1,2,Vladimír Pachman
259254ab,1brk1B2/pBNp1pN1/1p1R1P2/3PpK2/8/8/8/8 w - - 0 1,2,Walter Warren Wallis
e579fb9f,4R3/2K1N3/B1p3p1/p3p1pN/R2PkBp1/1n5Q/3prrP1/1b6 w - - 0 1,2,Сергій Олександрович Шедей
a2fe290c,8/Q2P4/4k3/4N3/4K3/8/8/8 w - - 0 1,2,Hans Hilmar Staudte
95eeca8b,2K5/3N4/2kp4/1p3B2/2b5/8/2Q5/8 w - - 0 1,2,Анатолий Викторович Стёпочкин
d7270fb1,8/8/4Nb2/4Ppqp/4p1k1/4P1B1/4PPNR/4K1R1 w - - 0 1,2,Miroslav Subotić
e31e762d,1N6/pp4p1/bP1P2P1/kP5P/4Pp1Q/K4P2/3P4/5BB1 w - - 0 1,2,Александр Николаевич Панкратьев
30f329c2,5k1K/4R2P/p2P4/P3p2p/2p1P1p1/2p1R2P/2P1P3/8 w - - 0 1,2,Alessandro Cuppini
62a76ea2,2N3Q1/p2qPKPn/2PN1pp1/3k1Br1/8/8/1B3n2/2R3b1 w - - 0 1,2,Ettore Foschini
b1817b11,4K3/8/4k3/4B2Q/8/8/8/8 w - - 0 1,2,Tivadar Kardos
da40306c,6rb/3N4/3p1Rpp/R7/3Nk3/5n1B/2P3Qn/K2b2B1 w - - 0 1,2,Percy Francis Blake
91f589d8,4n3/5p2/3p2PB/Rb1Bk1r1/1N4P1/2pPP2r/4K2N/5RQ1 w - - 0 1,2,Kenton Chambers
554c9a6f,4br2/1R1qPk2/2PP4/4QP1P/p1NK4/1B6/5R2/B7 w - - 0 1,2,László Zoltán
874f2c51,k4B2/5P2/Kp6/8/8/8/1Q2r3/8 w - - 0 1,2,Алексей Всеволодович Ивунин
cdbfdd43,n7/8/1p1QpN2/4p3/2p1P3/p3kNP1/P3Pp2/1n3K2 w - - 0 1,2,Sándor Hertmann
7364c6c5,8/1n6/1R6/n1pp1N2/2kP1p2/1rPp1Rp1/B5K1/2Q5 w - - 0 1,2,Kristaps Vīkšņa
2c7b450c,8/2BK2N1/1PpNQ3/2kq1bR1/P7/2P2B1r/8/1R6 w - - 0 1,2,Моисей Борисович Нейман
6d192d78,KNkB4/1p1N4/1Q1P4/b1n5/1p2r3/8/5q2/2R3RB w - - 0 1,2,Николай Осипович Долгинович
329d6c85,2r3n1/p1B1P3/4QP2/3pKp2/4B1p1/1N2k2r/2P1PRR1/8 w - - 0 1,2,Василь Васильович Дячук
3238c79b,1N4bK/1R1r2rp/QN6/1pk1B3/1p6/8/8/7B w - - 0 1,2,Jacobus Haring
0c17e3cc,8/n7/1p1B1p2/Np2Pp2/PN1k1KP1/3BRp2/p1Rr4/nb5Q w - - 0 1,2,Robert A. Colville
beb35f75,7Q/B2r4/p1R1n2b/K1p1n2r/1pNkB3/4pP2/5P2/2RN4 w - - 0 1,2,Александр Николаевич Панкратьев
d5beb9fc,4K1N1/8/6N1/7k/7P/6p1/8/Q7 w - - 0 1,2,Євген Григорович Марінов
c82d9c08,3B4/KN6/2k3N1/P6R/p3P3/q1pR4/8/8 w - - 0 1,2,Efrén Petite
62e727e0,8/5p1B/1p3p2/1Rp2P1R/2K1krp1/2Pp1bB1/3p1Q2/3N1nN1 w - - 0 1,2,James Francey
1301d2df,2K2n2/2P1R1p1/6p1/p2ppkP1/r6R/4PB1N/b3Q3/b2qr3 w - - 0 1,2,Arnoldo Ellerman
fe78d6b9,6n1/4P3/2PK2pB/4p2P/3pkn2/8/5R2/Q2R4 w - - 0 1,2,Udo Degener
8e3a51f0,3R4/n7/K1k1Pb2/1p1p3r/1P6/5QB1/7n/8 w - - 0 1,2,Аркадій Гнатович Музыка
4611552d,B4N2/3pn1q1/2bpr3/Rn2kpB1/7N/2P1pR2/7b/1Q5K w - - 0 1,2,Arnoldo Ellerman
199a2200,2Q2b2/6p1/N2p2N1/pp1k2p1/2p4p/RpB2PnP/6K1/1B6 w - - 0 1,2,John K. Hanshew
5f1fa34e,5Q2/8/1K6/3pk3/R2pB1P1/8/5P2/8 w - - 0 1,2,Sophie Schett
5a758fc4,8/2pBp3/3p4/3k4/7Q/8/3K4/8 w - - 0 1,2,Микола Олексійович Пархоменко
e4ceb3f0,4N3/2K5/3N1Q2/pBkP2R1/r1Pr4/8/6bb/1R6 w - - 0 1,2,Lajos Bukovinszky
eb70b6c1,4R3/8/2p4K/ppPkp3/2R5/N2n3p/Q6r/4bBBq w - - 0 1,2,Comins Mansfield
622ac014,8/1R1N4/2PpP2r/1PN3Q1/1pk4r/1RP5/KnB1P3/5b2 w - - 0 1,2,Zoltán Labai
3fcd2e41,B2Q4/5p2/2P2Rr1/3p1N2/4kpp1/4PN1r/2K3p1/2b1R3 w - - 0 1,2,Владимир Ильич Трояновский
84c53e47,1Q6/8/3n1N2/2p1k1p1/5RB1/8/4K3/8 w - - 0 1,2,Albert Stabenow
ff3c0d2d,1N1B2B1/pN3rp1/4k1p1/4b1Rr/4b3/2PpQp1p/8/4RK2 w - - 0 1,2,Alexander Kish
a1a22a0a,8/K7/Q7/4N3/3k4/8/5R2/3N4 w - - 0 1,2,Oskar Birchmeier
8035b021,8/8/8/2Q5/8/8/3pp1Kb/3Bk3 w - - 0 1,2,Николай Павлович Харчишин
716846df,4K1BB/p7/Rb3p2/4kN2/1P1NP2p/8/3Q2b1/6n1 w - - 0 1,2,Alois Nagler
4b160d26,4K3/8/4N3/3k4/2N3P1/8/7Q/3B4 w - - 0 1,2,Андрей Николаевич Дикусаров
7ae62e61,4Q1B1/2p1P3/1q1B4/4pr2/1N1k4/1PpNnP2/4K3/8 w - - 0 1,2,Semjon Shifrin
93299174,7B/8/5P1p/R3q2P/2R1NkBp/2n2P2/1Qbr1p1K/3N1r1n w - - 0 1,2,Arthur Goodwin Stubbs
b8021443,8/5b2/8/2b3B1/1p2p3/8/1RPPk1Kn/1Q6 w - - 0 1,2,Юрий Акимович Сушков
c9ddcb1a,4Q3/3Kn3/6P1/1p2P1P1/4kNBR/4Pp2/2P2P2/8 w - - 0 1,2,Baruch Lender
f222d4d5,kB6/p7/8/N6R/8/2P3r1/6RP/5nKB w - - 0 1,2,Cyril Henry Stanley Kipping
57de7268,5b2/P4Np1/5PK1/2ppN1P1/4kpP1/1BQ5/1p1nPR2/1qBR1n1b w - - 0 1,2,Евгений Васильевич Фомичёв
899d4530,1Q6/2N1kP2/8/5K2/8/8/8/8 w - - 0 1,2,Paul Stöhr
1f71b202,7n/8/npNPBKp1/2pq4/P1kp3R/1rb3BQ/P3PNpP/2R5 w - - 0 1,2,Alexander Pituk
87515fd3,3n4/8/1R2q1p1/p3Q1nr/N1k3pp/Pp2KN2/3P4/1rb4B w - - 0 1,2,Johann Viktor Ulehla
1f55079c,5bn1/3NpbqB/7p/3P1p1P/RQP1k3/K1p1P1R1/1P2P3/5N2 w - - 0 1,2,Arthur Robert Baker Charlick
1d58bf75,BB6/1K2pbpq/2p1P1r1/R1Pkp1P1/3N2Q1/nP6/n3P3/6b1 w - - 0 1,2,Сергей Петрович Абраменко
5b8ca0dc,8/5Pn1/1p4p1/1kNKQ2q/R3p3/1PpN3p/1b2B3/8 w - - 0 1,2,Harri Heikki Veikko Hurme
ffa43842,5K2/5np1/7k/7N/6QP/8/8/8 w - - 0 1,2,Rosario Notaro
9fa27d4c,NrBN4/8/P6R/pk2b2K/p1p4p/P3B3/3r1QPq/3R4 w - - 0 1,2,Mihail I. Stan
bbc2342a,8/8/4Q1p1/6P1/1p1B4/3kP1n1/8/Rb1BK3 w - - 0 1,2,Odette Vollenweider
a01976d7,6kq/4Q1pR/8/6K1/4N3/8/8/8 w - - 0 1,2,Erik Poulsen
96825f9f,4nR2/8/3qp3/1pp3p1/4k1P1/1Q1N2pK/8/2N3B1 w - - 0 1,2,Joseph William Abbott
e5980261,r3k1N1/Pp4KQ/1P1pP1p1/3RP3/8/q6p/5b2/5R2 w - - 0 1,2,Бошко Милошески
5a7599a1,N1k5/K4R2/pP3B2/r4p2/2q5/1pR1b3/1Q6/1Brb4 w - - 0 1,2,Леонард Ильич Кацнельсон
5bfac176,1K6/8/1N2p3/8/Q2p4/3k1BR1/2prnp2/3b4 w - - 0 1,2,Oswald Jarosz
f78812d6,5K2/1P1BP3/5p1Q/7N/2pPk3/R1p1P1bR/4pqp1/4N1B1 w - - 0 1,2,Francesco Somma
90308796,8/6p1/4Kp2/2B3bN/1Nppk3/2Q2n2/3R4/8 w - - 0 1,2,H. S. Pike
277b496d,5R1N/2r3r1/3R4/b3k1n1/1B3n2/4N2q/2B3Q1/Kb6 w - - 0 1,2,Carl Kaps
72866aa2,1k6/1P5n/1P4p1/N2pK2b/5p2/5P2/7Q/3n4 w - - 0 1,2,Stanislav Juříček
edeaada9,8/2p4K/2p3B1/Q3P1kN/5b1p/4rP1n/4bN1R/6n1 w - - 0 1,2,Manfred Stange
0b0ed958,8/8/8/1r6/N2p4/1Q6/pqRK4/bk6 w - - 0 1,2,Василь Юрійович Марковцій
26022114,3RQ2B/4KP2/1pN5/1pp4p/2k1Bp2/R7/1P1p2b1/2rqn1n1 w - - 0 1,2,Daniel Papack
d00f3b88,1bNn1B2/nr6/Kp4R1/1p1k1r2/p2p1P2/1p4N1/B3Q3/2R4b w - - 0 1,2,William Atkinson
2ba73c17,1Nb5/1pK3p1/3R4/2p1kP2/3b1p2/4N2R/1B5Q/7B w - - 0 1,2,Henry Hosey Davis
9609d2d0,1n3BB1/R1p5/1N2pkp1/6p1/5pPb/5P2/2P5/1K5Q w - - 0 1,2,David M. Howard
be0abc03,q7/1PpN1n2/2B5/1N6/1bkB2R1/1p1n3Q/7K/1b6 w - - 0 1,2,H. K. Whitner
f32b37ea,5nb1/ppQ1p2P/rp5n/3kP2r/3N3b/4BP2/1PR2P2/1B1K4 w - - 0 1,2,Zoltán Labai
bf8fdd16,4Q1b1/8/N2N4/8/8/pk6/8/2K5 w - - 0 1,2,Robert A. Lincoln
ff8b0f82,n1R2r2/2qpB2p/1p3p1Q/1p5N/pR3p2/2k5/2Pp3K/3B4 w - - 0 1,2,Вадим Петрович Моисеев
3c44bc46,8/2n5/5pp1/R1B1bpP1/1Np1rkPQ/2pRpP2/2B1K3/8 w - - 0 1,2,Peter Gvozdják
df53144f,8/4p1K1/2R1Bp2/1P2kPB1/1P3p2/5P2/8/8 w - - 0 1,2,Fritz Emil Giegold
281ca9f7,2n4r/1rpR4/p1PNk1qQ/R2NP2b/1p4P1/8/1n5B/bK6 w - - 0 1,2,Torsten Linß
62926ab7,4QK2/5n2/pprR4/2k2N2/b7/2P5/1P6/8 w - - 0 1,2,Bohuslav Přikryl
6f7b32da,N7/1p1B4/q1rpp3/P1k1P3/3RQ3/3p4/3P4/2K5 w - - 0 1,2,Eustachy Wolański
2b5b6ebe,8/6pN/4K2p/2p5/2Qpk3/2P2pP1/3P4/8 w - - 0 1,2,Jenő Csontos
1d2a7605,3B4/1N1p4/P1kP1Q1K/1pPr2P1/4R3/1B2P3/8/8 w - - 0 1,2,Bjarne Blikeng
a5f605d2,K7/8/2B1p3/2B1N3/2p2N2/P1kn1n1R/1R6/Q3bq1b w - - 0 1,2,Jan Arnold Willem Swane
de99e2f8,8/1N1R4/1p6/4p1RN/3nk3/Q2p1p2/b1p2K2/b3nB2 w - - 0 1,2,Александр Николаевич Варицкий
ca258ea5,3RK2n/7N/p1P5/R2BkP1Q/4r3/2p2r2/1q4N1/2B2b2 w - - 0 1,2,Raimondas Senkus
1e90570a,Bk5K/3P1pPp/2Pq3r/Q2Nr3/3b4/6B1/8/8 w - - 0 1,2,Ferenc Fleck
4601584a,8/1p6/6K1/6p1/QN3kr1/2b2Pr1/4R2P/7b w - - 0 1,2,Владимир Григорьевич Попонин
837e40ca,3b4/1pp1pP2/2Pk1r1R/2R1N1p1/3N2P1/3B1p2/1K1Q3B/8 w - - 0 1,2,József Szöghy
9f171b04,6n1/3B4/2Np4/3k2p1/3P1pN1/3P1K2/8/8 w - - 0 1,2,F. T. Vance
c9559267,1b2Q2r/N1N1BB2/p2K1p2/p5P1/1k6/r1p4R/p7/8 w - - 0 1,2,Fernand Joseph
7badb040,8/4k3/3Np3/4Q2B/8/8/6K1/8 w - - 0 1,2,György Honfi
f846bf44,8/8/6K1/7R/5Pk1/2Q5/3n3b/8 w - - 0 1,2,Eugene Beauharnais Cook
6055254d,5R2/5nr1/4Q1p1/4P3/KR1bk3/4pnB1/2Ppp1B1/8 w - - 0 1,2,Züleyxa Eylaq Eyvazova
9f60fa66,3K2b1/7n/2BR2p1/N3k3/4N1P1/1n4p1/5Q1b/6B1 w - - 0 1,2,Andrew Bolus
ca45af7b,1B1K1Q2/2R1R3/1P3P2/8/nN1k1Nn1/3p4/1pPPPp2/2r1r3 w - - 0 1,2,Einar Wennick
906d099f,4k3/1P5P/8/4K3/8/8/8/8 w - - 0 1,2,Franz Dreike
b96183b0,2B5/4pp2/2p3q1/2p1kr2/2P1N1b1/2p2pNp/5P1B/QK1R4 w - - 0 1,2,Antonio Fernandez Argüelles Ferrer
0736a19b,4BB2/1K1P4/1n1Pk1P1/bN1R1p2/4N3/1prpn1r1/8/6qQ w - - 0 1,2,Allard Pieter Eerkes
3477ccd7,1b2B1N1/5N2/4kB2/3q2p1/3pP1P1/7Q/4R3/5K2 w - - 0 1,2,Mads Arthur Valdemar Madsen
5f23e05b,1B6/1QK5/3r4/2ppk1p1/p4RB1/b1Pp4/1n1P1N2/3n4 w - - 0 1,2,William R. Todd
760550d5,7B/1KN1Pp2/pP3n2/3NR3/1QpkBP2/3ppPP1/2p4R/1bq1n3 w - - 0 1,2,Сергей Гарибович Хачатуров
cd685ee8,8/8/5n2/5p2/5N1K/5k2/B2Q4/8 w - - 0 1,2,Peter R. Jaeger
a3293d8f,3RK2b/1p3P2/3RN1Q1/1p1Bk1N1/r6r/1p1nB3/6p1/1b3q2 w - - 0 1,2,Юрий А. Павлов
1b254223,1n6/3R4/BB2p3/4p3/2PPP3/R1pk2N1/5P2/2K5 w - - 0 1,2,John Michael Rice
5a9382bf,8/4B3/4B3/4k3/4p3/1Q6/8/4K3 w - - 0 1,2,Antal Miskolczy
c2979a64,5bn1/8/4Q2q/2P1Pp2/4k1p1/2KRNrB1/b1P3nr/5R1B w - - 0 1,2,Wilhelm Ferreau
8d19652a,7B/7Q/8/8/3N1k2/8/8/5K1N w - - 0 1,2,Вячеслав Павлович Антипов
e3a2afe0,6NR/p3p1P1/P3Np2/Q2B1K2/p2p2P1/B2P4/1PP1P1qr/4R1rk w - - 0 1,2,Christopher Jeremy Morse
056662a0,8/3n4/ppQ1B3/8/1k6/8/1K6/8 w - - 0 1,2,Яков Георгиевич Владимиров
40b1109a,1b6/p4pP1/3pN1p1/5kP1/qP3P1r/3P2RP/n1Q3B1/r2NR1Kn w - - 0 1,2,Василь Васильович Дячук
45c62dc6,8/kBK5/r7/P7/N7/8/8/8 w - - 0 1,2,Артур Теодорович Гарцер
b151da9f,8/1BK5/3Rpp1N/4kP2/3p3R/2P2nP1/b2N3n/4q3 w - - 0 1,2,Николай Павлович Зелепукин
1c4cf3c9,3nQ3/7B/p7/6b1/2pP4/6N1/N1PPP3/K2kB2R w - - 0 1,2,Horst Böttger
0dd33cf1,5nBB/2p5/2pp1P1N/4kN1p/q4p2/2pQ1P2/b1P5/b5nK w - - 0 1,2,Allard Pieter Eerkes
02e87226,3r4/3NP1B1/bPQb2p1/3K4/1p4Bp/1P1kpN2/4R1R1/n6q w - - 0 1,2,Марјан Ковачевић
98f3051f,4R1n1/1b2n3/8/2B3R1/5k1P/2PP3P/4pr2/K3N3 w - - 0 1,2,Леонид Григорьевич Искра
d90eed88,3K2b1/6P1/2NP4/P6R/pbkp4/2rN3R/P1p1Pp2/2Qnq3 w - - 0 1,2,Яков Петрович Урсегов
73c638ad,r6b/2R1P2P/1B1P1p2/3k4/2N1bQB1/q3PNK1/8/8 w - - 0 1,2,Karol Mlynka
aea0815d,8/8/6p1/5p2/8/5K2/2P4p/Q1R3qk w - - 0 1,2,Johannes van Dijk
72608ef8,5R2/3P3K/3p1Np1/n2P1k2/4R1pp/3p3P/8/Q1B2br1 w - - 0 1,2,Вячеслав Карлович Пильченко
b4c5f5f1,7K/2p2Q2/P1kP2N1/Pp6/1P1p1pb1/1NbR1n2/3qP1BB/2R5 w - - 0 1,2,Ottavio Stocchi
0e060505,6b1/P1PKQpp1/1P6/1npkp3/1Rp3N1/1RBrbnN1/4P3/q7 w - - 0 1,2,Драган Стојнић
9e166d0c,8/8/3Q3K/5p1p/3P2k1/8/6P1/8 w - - 0 1,2,Zoltán Németh
afbaa930,2N1n3/4Pk1K/5b2/8/P3Q2P/3N1p2/q7/3B4 w - - 0 1,2,Donald Mackay
f1587403,nNN3QK/n3p1p1/4p1P1/ppk5/3q1p2/pBb5/P7/2R3B1 w - - 0 1,2,Gijsbertus Jordan
fc00e81c,1K1k3r/2N5/3B4/rP1B2p1/8/8/P7/3R4 w - - 0 1,2,Hieronymus Fischer
04b816a4,7q/8/4p1B1/5RP1/3Bk3/6P1/2P1N3/K3Q3 w - - 0 1,2,Godfrey Charles Quack
4c94a1ca,1q1r1b2/1n4n1/Q3pR2/2Pk2N1/N3R3/4p2b/8/K7 w - - 0 1,2,Artúr Berg
e2a8fe6a,2N5/b1R1p3/2P5/1nkP4/pp3N2/1Pp2PQp/5Kb1/4RBB1 w - - 0 1,2,Leopold Mieczysław Szwedowski
4441c9cf,k1K5/2p5/8/B7/8/8/8/3Q2b1 w - - 0 1,2,Werner Speckmann
b3b15362,Q1N5/2p2Rb1/B3P3/3p4/2r1kPK1/R3Pp2/NBPn1Pn1/8 w - - 0 1,2,Stanislaw Gebura
90306290,2K2R2/1N6/Q1B1kB2/4Npp1/3p3b/2r5/1n2b3/2B1R3 w - - 0 1,2,Семён Семёнович Левман
df2a0f2e,4b1Nr/4PP1k/2q2R2/3p3K/6R1/8/8/8 w - - 0 1,2,Іван Васильович Токар
dac609ad,B1Q5/3K4/3P4/1p2p3/1p1k1p2/pP3p2/P1P2P2/2B5 w - - 0 1,2,Дмитро Михайлович Грінченко
506c9407,1r1R4/3b4/1p1Q1p2/3P1p2/2Nk2p1/1p1P2p1/4R1K1/1B2B3 w - - 0 1,2,Zoltán Labai
592fa3e4,2R5/8/2N5/2B3p1/pK3p1r/7p/Bp1R2bb/1Nk2nQ1 w - - 0 1,2,Cornelis Goldschmeding
72618dfb,2b4B/2N2n2/4p3/2b3p1/1r2kPB1/1pQpP3/5P2/7K w - - 0 1,2,Milan sr. Nemček
d4d7e258,7q/1Np3B1/2p2r2/nBR1b3/3kp1Q1/R4r2/5P1p/n2N3K w - - 0 1,2,Arnoldo Ellerman
7ef00214,2k1K1R1/1q6/2P5/2Q1B3/8/8/8/8 w - - 0 1,2,Robert A. Lincoln
91e383e6,1Nqn3b/p2Nr3/P3pR2/1QBk4/5P1p/2KB3r/bR5n/8 w - - 0 1,2,William Bayard Rice
85dc854c,3R4/Br1P3K/6p1/r2k1qQp/1pNN1Rp1/1P6/6n1/8 w - - 0 1,2,Jan Hartong
e2e46ecf,K2Rb1q1/Q1b1B3/n5P1/4k2n/1N1NB1R1/3p2p1/5P2/3r4 w - - 0 1,2,Arnoldo Ellerman
ca5eda07,3Rr3/1KQ1p1q1/4P1p1/1P1P2P1/1P1kP2p/2N1bb2/B4n2/B3N3 w - - 0 1,2,Anatol Felix Ianovcic
2da20808,2K5/8/8/2BkNp2/P4P2/2pN4/2B3P1/8 w - - 0 1,2,László Lindner
0ea6c2c8,2R2B1K/1p6/qP2Np2/br1k1P2/p4P2/1n1pR3/Q4nb1/8 w - - 0 1,2,Ottavio Stocchi
6ab36862,1b1r4/4n3/p4N2/p5Q1/2p2p2/1PBkp1n1/N7/1K1B4 w - - 0 1,2,Марк Борисович Басістий
b387f3f7,Q2R4/3P1p2/5p2/Bp4N1/3k1r2/1P1N4/1P3Ppr/R3Kb2 w - - 0 1,2,Валерий Юрьевич Шаньшин
9cc7cd61,5n2/8/8/2pNkP2/2K1NpP1/4bP2/6Pq/7Q w - - 0 1,2,Моисей Шлёмович Розенталь
9c092625,1NK3Q1/kn6/8/1P6/8/8/6B1/8 w - - 0 1,2,Анатолий Яковлевич Кириченко
c7449609,B6B/1b6/4r1p1/2pN4/2k2nKR/4p1n1/7b/1Q1R4 w - - 0 1,2,Camil Seneca
1dd79882,2R2B2/2p4r/6Qp/3k4/1PN1r3/5n2/K1N1P2n/7B w - - 0 1,2,Burney Means Marshall
2bd1c5af,B2b4/BR1Pp3/6rr/1PNk4/1PppNPP1/8/6P1/1nKR1Q2 w - - 0 1,2,Rafael Candela Sanz
2bafd5ce,Rbb3K1/BNP3p1/k1N1n3/1p2p3/r7/8/1q1Q4/8 w - - 0 1,2,Blažej Střítecký
946c8584,R1N5/8/B7/k1nqR2Q/4p3/2P5/1P4P1/7K w - - 0 1,2,Čeněk Kainer
465ebd14,1B6/5B2/8/8/4kp2/8/3K1P2/Q7 w - - 0 1,2,Александр Васильевич Пикулик
8b46b7ab,3qN3/4Q1B1/4p3/1r6/2B1kPP1/3pP3/2P2K2/b7 w - - 0 1,2,Georg Niestroj
313332f8,3Q1R2/3N2p1/2Bpbr2/1qpn2p1/Rb3kP1/1nN2P2/3rpPP1/2B1K3 w - - 0 1,2,Cornelius J. Taale
0f27c1af,2Q5/1p3B2/n1q1N3/1R1N4/2k5/P1p1BK2/4P3/8 w - - 0 1,2,Marc Benoit
cca28cf5,5Bbn/4K3/4R1p1/3BN1Q1/5N2/R1b1k1P1/3pp3/3n1rr1 w - - 0 1,2,Murray Marble
0cfe0176,3R4/1Bpb1PN1/r1rB1Q1K/1n1k3p/2np4/bN1Pp3/6P1/7q w - - 0 1,2,Tibor Feldmann
91504adb,3N1Q2/4r1q1/B1Pp2p1/3kn2N/2R2pr1/B4P2/1R6/K4n2 w - - 0 1,2,Валерий Михайлович Шавырин
8977a39f,R6K/8/1pP1Q3/1kN1p3/1P3b1R/n3P3/3B2n1/7B w - - 0 1,2,Dieter Müller
5bf2800d,2N1q3/B1p1bp2/8/1P1kPB2/1p1ppPN1/1P5Q/K2n4/7b w - - 0 1,2,Wilhelm Hagemann
6711f2c1,4k2r/5p2/5Q2/8/8/8/8/R3K3 w - - 0 1,2,Knud Harald Hannemann
21c85bb2,1b6/1n4n1/b1pp4/2P2p2/1pk5/3R4/3PQ1PK/5BB1 w - - 0 1,2,Johannes van Dijk
935929bc,3B4/4R2p/8/5k2/2N5/1K3B2/2N4P/8 w - - 0 1,2,Friedrich Capräz
b78f84a6,3r1n1B/3Qp3/4P3/q2n4/1p2kPB1/R1r2pK1/R1N2p2/5N2 w - - 0 1,2,Ľudovít Lačný
7568c325,2R3B1/8/pP4R1/pkNn3r/8/KPp4r/8/8 w - - 0 1,2,Gábor Tar
36284fc1,Q1N1N1Bn/1r3r2/b7/1Ppk1P2/R1pnp1K1/1p2bp2/1B1Pp3/2R5 w - - 0 1,2,David Hjelle
2411c17c,8/2p5/Q3p1N1/3k4/N7/3K4/8/8 w - - 0 1,2,Robert A. Lincoln
bc50e486,nN6/rp4K1/pk1B2R1/p3R3/P2rP3/3p4/1b3Q2/8 w - - 0 1,2,Joe Bunting
b73d7991,8/BpK1pR2/2p1Q3/4P1r1/1p1Nk3/3N1nPB/2n1PP2/2b5 w - - 0 1,2,Исаак Шулимович Бирбрагер
411343e9,4RB2/1Kp2pP1/1prPPp1q/3k2n1/2p2P2/Q1P4p/2NP4/4R3 w - - 0 1,2,Ігор Петрович Ярмонов
f95af9e7,2B5/1KP3p1/3pP1P1/RNpkN1r1/2pP3R/P2pp3/5Q2/1n4n1 w - - 0 1,2,Вячеслав Карлович Пильченко
b4bfb288,3K2k1/5N2/7B/4P3/8/8/6B1/1R6 w - - 0 1,2,Zoltán Labai
795645c2,6Q1/5p2/8/1B6/2p5/1k6/2N5/1K6 w - - 0 1,2,T. K. Wigan
c70a9a76,5b2/B4p1q/p1B2Nn1/PN4p1/RPkpR2r/Pp5r/3P2n1/1Q4Kb w - - 0 1,2,Lőrinc Bata
703f9cba,4b3/4P3/3RPp2/ppBNkB2/8/3KPRpP/6Pr/4N3 w - - 0 1,2,Mikhail Satanovsky
1e3f4cf2,8/8/p7/kp2K3/p2B4/8/6Q1/8 w - - 0 1,2,Hans Petter Bie
3c33ef26,3b4/8/8/8/B7/5R2/5K1p/7k w - - 0 1,2,Michael Schlosser
d39aedbb,8/1B1p2Q1/4k3/8/5P1N/7K/8/8 w - - 0 1,2,Михаил Александрович Чернушко
e7f4bd0a,q5b1/b1N5/R2N1p2/2Brk1p1/2P2pP1/3pP2Q/K7/8 w - - 0 1,2,Anton Bidleň
cab91e8a,8/6B1/1N1p4/p1p2PKN/2p1k3/R1n4R/pQr5/rb6 w - - 0 1,2,David J. Shire
c66bcf98,8/1B1b4/1N1p4/Bk3qRr/1P2Nb2/K1Q4r/3R4/8 w - - 0 1,2,Oscar Bonivento
2c6b7722,8/k1K1P3/8/8/8/8/8/8 w - - 0 1,2,Albert Heinrich Kniest
8d92c79b,3r1R2/2N1pb1B/8/3R4/Q1nb1k1P/p3rp1P/K3pB2/4n3 w - - 0 1,2,Robert Fontana
86645416,R1K1kb1N/2Pn1Rp1/1pr5/2p1p3/B4PQB/7b/8/3r4 w - - 0 1,2,Walter William Jacobs
5747ff92,1B6/1N2bn1B/6r1/5P1R/Qn2kP2/1KPR3b/2P1N3/8 w - - 0 1,2,Georges Mathieu Fuchs
8314d000,2Q3b1/q6r/3bn1B1/R7/4n1kp/p1p1p2N/K5P1/4BN2 w - - 0 1,2,László Lindner
413b8b95,5Q2/8/3RPK2/3P3b/1PpkPR1p/2n1p2q/2P5/8 w - - 0 1,2,Walther Edouard Preiswerk
792e90df,1q2B1b1/1PP3Pn/r1P1kP1n/3N1R2/1BR2K2/5p2/4r3/8 w - - 0 1,2,Emilio Battaglia
345aecf9,1B1R3b/PB1n1r1Q/1PPnp3/3k2p1/R7/qP1N4/2r1NP2/3b2K1 w - - 0 1,2,Gerhard Paul Latzel
d9839dd0,1Q1R1K2/8/1NR1P1p1/3P1bN1/1p1k1p2/8/3nPPr1/bq2B2B w - - 0 1,2,Erwin Groß
2f4fe472,4R3/b3q3/3r1n2/6Qp/2N1kNb1/2P2RP1/5p1K/5B2 w - - 0 1,2,Sven Johan Adrian Ekström
53155abd,6b1/8/R1r5/3k4/1b3PQ1/1P2BKn1/2P5/8 w - - 0 1,2,Zsigmond Schuster
51130537,7N/5N2/3Pk3/6KR/Q7/8/8/8 w - - 0 1,2,Ernő Szentgyörgyi
412a20e9,8/8/4nB2/8/3P4/2K5/p1B5/k7 w - - 0 1,2,Віталій Нестерович Столяров
e4870b7b,8/pK3B1b/R2B1p2/3N4/2k1q2R/1pp2N2/3nP3/5Q2 w - - 0 1,2,Arnoldo Ellerman
fcedc524,N1rR4/1p2Qp2/1PkP1nq1/7r/P2p4/BP5b/2N3R1/1K5B w - - 0 1,2,Jan Hartong
4eb65fdc,K7/Q7/8/6p1/R2N2N1/1p1k1P2/2pqp3/2nnB3 w - - 0 1,2,János Kiss
16218817,4R2B/3n1B1n/b7/r4k1r/qQ6/bN5N/5K2/4R3 w - - 0 1,2,Peter Gvozdják
8d87ce09,8/3N4/4p2p/4PkpK/6p1/4Q3/p1b2B1b/q4R1B w - - 0 1,2,Herbert Siegfried Oskar Ahues
69687c05,4R3/p3n3/1p1Q1p1B/1N4q1/4p1pp/3pkP1b/6B1/3K1R2 w - - 0 1,2,Анатолій Григорович Василенко
3a904520,6q1/p1NR4/2Rn3p/3p2r1/2PkP1BQ/1p1p4/1K1N1P1B/4nr2 w - - 0 1,2,Rainer Paslack
c32afe74,5nK1/8/3b1k1p/Q3R3/2R2Np1/3pN3/6r1/1b6 w - - 0 1,2,M. Georges Mathot
cf3b0017,R7/7B/8/1Pp5/Kp6/8/k7/B7 w - - 0 1,2,György János Andor von Spóner
cbc9282e,1Q2N2B/8/2p5/3p1p1B/K2Nk3/p4Rq1/Rb3P1n/7b w - - 0 1,2,Albert Dietrich
e9a8faf7,4Qn2/b7/b4pN1/3k3n/2rp4/B4N2/5R2/3R1BK1 w - - 0 1,2,Dieter Müller
6ef3ae59,nR3B2/Pr2p2K/1kN1Pp2/1P3N2/2PP4/8/8/8 w - - 0 1,2,Евгений Фёдорович Балашов
5a775cbb,4R3/3p4/4b1N1/2p4r/3BkPP1/1Q4p1/K2R2r1/1N2n2B w - - 0 1,2,François Michel
da970fbf,3n4/4N2k/5Bb1/8/1Qn3N1/8/B6K/8 w - - 0 1,2,Franz Pachl
a88d03ae,3K4/1p6/1NB5/pp1QN3/pk6/1n2B3/RPP1n3/r2q4 w - - 0 1,2,Abdelaziz Onkoud
2af83d58,1nbR4/R1PPk3/3q3B/2Pp2N1/6rN/6pB/6K1/8 w - - 0 1,2,Herbert Siegfried Oskar Ahues
7533a224,8/8/p4p2/Pp1ppP2/1Q1PkpBR/P6p/2PP3K/8 w - - 0 1,2,Johannes van Dijk
2b5870ea,8/8/1k6/R7/2K5/2Q5/8/8 w - - 0 1,2,Karl Lorenz Jesper Jespersen
e00e5f83,6B1/1n3q2/2p2N2/2pR1N2/P1k1b3/P7/1K6/5n2 w - - 0 1,2,Adolf Ringier
dfab5268,2Q5/2pn1p2/P1Rb1B1p/3kpR1K/4N3/5B2/8/5N2 w - - 0 1,2,Peder Andreas Larsen
030c0a07,kB3Q1K/1p1N4/N7/1n6/2n5/8/8/8 w - - 0 1,2,Karel Sobek
ef1ec749,8/8/8/3p4/3Q4/N2K4/k7/8 w - - 0 1,2,Володимир Леонідович Карпенко
e48422b0,2Q5/1bNP4/2pB1nK1/3B4/nr1k1p1b/2p5/2P1RN2/8 w - - 0 1,2,Byron Zappas
102c3766,4rb2/4p3/R2B4/1r1p1N1R/2P1kp2/1p2p3/2n5/1B1Q3K w - - 0 1,2,Hans Vetter
0fa00b37,7B/5NR1/b2p3N/7p/5k1p/8/3K4/7Q w - - 0 1,2,János Kiss
131e3e86,8/3p4/4N1K1/4k3/2Q4p/5n2/8/6B1 w - - 0 1,2,Jiří Chocholouš
ee84cdab,NB6/1p6/k7/p7/4B3/2K5/5P2/Q7 w - - 0 1,2,Петро Андрійович Крепко
6effdbc6,6rB/3N1Br1/8/8/3kp3/6Q1/1P1nP1K1/8 w - - 0 1,2,Lajos Riczu
38c17621,8/1n1R4/1K1b2p1/4pbB1/1p1k4/1BNp4/3R4/Q1N3n1 w - - 0 1,2,Robert Gavin Thomson
b778e752,8/2N4K/8/5kN1/4R3/3n1b2/1Q6/2B5 w - - 0 1,2,Otakar Kunětický
0922c65a,2q5/1NpBnnB1/R7/1ppk1P1N/1b4R1/1P6/3P3K/7b w - - 0 1,2,Herbert Siegfried Oskar Ahues
b476b210,3rb3/N7/2p4Q/2p1n2n/3k1p2/8/3BR3/K1R1N3 w - - 0 1,2,Емил М. Георгиев
03aca61e,8/4ppQ1/3P1P1p/1K1k3N/6B1/4P3/1BP5/3N4 w - - 0 1,2,Frederick E. Gamage
54dc0791,3R4/8/2p1p1K1/Q1PqP2R/2Nk1p2/4p1n1/1PPNp3/8 w - - 0 1,2,Comins Mansfield
f9f0998c,3rb3/1N4Q1/2Pppr2/3k4/R2N4/K4PPp/6B1/3R4 w - - 0 1,2,Fritz Hoffmann
a921d10d,1b1Q4/7b/8/4p2q/3p3r/2R2B1p/1K1k4/3N3R w - - 0 1,2,Elios Camponovo
c1381e64,R7/6pp/6kN/8/4P2K/8/1pPB4/rB3R2 w - - 0 1,2,Роман Федорович Залокоцький
379894ed,8/8/8/6p1/6pk/2Q4N/8/3B3K w - - 0 1,2,Станіслав Васильович Кириллов
aaded64f,8/2R5/8/4k2N/3N4/8/6QK/8 w - - 0 1,2,Александр Николаевич Панкратьев
c021a7a8,1b4r1/6Q1/3R4/5B2/K7/2Nb1np1/1BNkPR2/8 w - - 0 1,2,Christopher Jeremy Morse
4bbad3aa,6B1/2R5/5P1Q/3PpP2/1K1pkB2/R6P/8/8 w - - 0 1,2,Иван Иванович Антипин
9c7e9dc6,8/5N2/2p2p2/2p1pPP1/2pk4/7B/4Q3/K7 w - - 0 1,2,Срђан Светец
09ab815d,8/1nK5/b7/1k6/8/8/1NPQ4/8 w - - 0 1,2,Владимир Анатольевич Сучков
a9bd6b09,5K2/2pQ4/3p4/3kp3/8/1p1NPP2/1P1R4/8 w - - 0 1,2,Ladislav sr. Salai
041621db,1bN2N2/6p1/KBk1P3/p6r/3P4/1B2n3/8/8 w - - 0 1,2,Валерий Фёдорович Фригин
e5df2553,8/8/8/1p5p/1P1R3P/2P1pk2/6p1/4Q1K1 w - - 0 1,2,József Teiner
04e34c4f,1n2rb2/KR3pq1/2pB4/4Q2r/2Np4/2kP1N1b/1p3n2/1B6 w - - 0 1,2,Herbert Siegfried Oskar Ahues
3dc36f56,8/3Q2b1/3Bp2p/1r5p/4k3/R7/B1N1K3/8 w - - 0 1,2,Arthur Willmott
58a8203c,5K1k/7p/7R/8/2R5/1p6/b7/8 w - - 0 1,2,Werner Speckmann
07c3f589,b4Q2/8/4p3/2pN4/2N1k1pP/2K5/6P1/8 w - - 0 1,2,Walter Gleave
d74caf04,8/1Kp1Qpq1/1P4p1/1P6/bp1k2r1/2N3R1/1N5r/3nn3 w - - 0 1,2,Pēteris Ķeirāns
de01c94a,4n3/2pN4/ppn5/3R4/4k3/5RP1/B4PP1/B1b3K1 w - - 0 1,2,Robert A. Lincoln
74834a5b,7n/8/K3N1k1/b4R1R/4N2p/8/6qr/1BB3Q1 w - - 0 1,2,A. M. A. van der Ven
98a03e5f,6K1/8/4Q3/8/2R5/8/k7/8 w - - 0 1,2,Hilmar Ebert
2c48ccea,6b1/2r4n/pN1PN2Q/Rr2k1n1/4P3/B2pK3/8/8 w - - 0 1,2,Светлин Иванов Шайгаровски
c315732e,6Qb/8/b1n2pNr/3P1k1P/3pr2P/3P1NBK/6P1/3B4 w - - 0 1,2,Василь Васильович Дячук
9ffa1669,8/2RBBp2/1K1PP3/1N1k4/4r1N1/1n3r2/4R3/7Q w - - 0 1,2,Barry Jack da Costa Andrade
3b1f8267,b4BR1/b1N2p2/1p1p1k1r/p7/qPPPP2P/p3p1NB/5pK1/5Q2 w - - 0 1,2,Vicente Sebastia Melis
f661771f,2R5/1Q1p4/B1NP1K1p/1NP3pP/2k3P1/Bn1n1P2/8/8 w - - 0 1,2,Ernst Baumgarten
6398d8ec,8/4Q1nK/3N4/1PpkbP1p/2r5/2p2P2/4N2q/5BB1 w - - 0 1,2,Никтополион Павлович Кащеев
b8f29160,Bb3KQB/1pRpRp2/N1PpP3/pP1k1p2/8/1P1bP3/5N2/8 w - - 0 1,2,Marcel Segers
66dafdfd,7b/5pr1/1KB5/8/1QP2p2/N1Bkn2R/6r1/6Nb w - - 0 1,2,Eeltje Visserman
223a57ff,8/8/4N3/8/8/2Q4K/r1B1p3/2k5 w - - 0 1,2,Александр Николаевич Мельничук
2b98ac7f,q1B1R3/8/4nK1p/3ppn1R/4k3/Q1b3PN/4P3/6Bb w - - 0 1,2,
92754e00,6n1/8/1KNp2P1/1ppk2PP/pp2b2R/1n4NQ/8/4RB2 w - - 0 1,2,Валерий Юрьевич Шаньшин
6225bf38,8/K1R5/4p3/2BkP2R/p1npr3/2PPP3/8/5q2 w - - 0 1,2,Felix Seidemann
ccde412b,6rB/5Q1B/n4N2/K2P1n1r/2p2P2/1pk1N1R1/4R3/8 w - - 0 1,2,Георгий Евгеньевич Бренев
289098af,3q1b2/R1npkN1P/2R2N2/rQ6/3B2pK/1B5p/8/3r4 w - - 0 1,2,Zoltán Zilahi
e93070f8,5BBN/b1Pp3p/Rn6/4kPP1/1rn2pP1/2PPP2K/Q4P2/8 w - - 0 1,2,Henk le Grand
47862bdd,2B4K/2ppqPPR/2Npkp2/3RpN2/4P3/8/8/8 w - - 0 1,2,Ernő Stark
57a8f271,8/3N4/6p1/5p2/K3pkBP/4pP2/Q1p3n1/5N2 w - - 0 1,2,Mircea Mihai Manolescu
8426ed46,7q/b7/3Q3p/2p1NP2/2N2k1B/3B3b/K5P1/5n2 w - - 0 1,2,František Dedrle
630c37f1,B7/6N1/8/5K2/3k4/8/2Q5/8 w - - 0 1,2,Lucius Mortriner
246fe507,8/Np1Q4/1PpP4/2kNK3/8/7n/B7/n7 w - - 0 1,2,Cornelis Groeneveld
b8008ac2,8/4p1K1/3pP1p1/Q4N2/2RN1k1P/4pp1P/1q2P2R/BB6 w - - 0 1,2,Драгољуб Миркаило
cc380af2,5B1K/8/1qp5/1p2p1p1/5kPP/2N5/2Nn1P2/3BR1Rn w - - 0 1,2,Miroslav Svítek
dbab6aff,8/8/8/2KN4/4k3/8/Q7/5B2 w - - 0 1,2,Васыл Бочеj
8d9b73e4,5b1K/6n1/R6p/2N1k3/2Pp1p1r/3B3q/3RP3/6Q1 w - - 0 1,2,Edgar Bettmann
77953707,4Q3/1Bbp4/1p5r/7P/2PPPN2/5k2/5N1P/2B2K2 w - - 0 1,2,Gabriel Authier
6e7873cc,5Q1K/3R2p1/2P2bP1/3PpN1R/2NPk3/1rPpp3/1P4PB/1B6 w - - 0 1,2,Ladislav sr. Salai
bda43b91,2n5/1NK3P1/B1P1pP1N/P2kp1R1/2R1p3/2pn3r/5r2/3Q2B1 w - - 0 1,2,Живко Јаневски
4121fe75,7b/p1p2p2/2Pr1nNR/3kpN1q/KP2R1r1/4P1PB/8/7Q w - - 0 1,2,David Hjelle
5c1542a5,5Q2/8/R7/8/2kB2p1/2P3N1/8/5K2 w - - 0 1,2,B. József Szabó
d1d6473f,6b1/1p1R2B1/1p4r1/1pkn1n1R/1Np1Bp1b/K1N5/8/Q7 w - - 0 1,2,Алексей Николаевич Студенецкий
f50bcc07,6R1/7P/2Np1PRr/1B1P1kBP/5n2/1p5P/1K4Qb/6n1 w - - 0 1,2,Gerhard Maleika
865165f5,6r1/1R6/3p4/p2N3Q/kN4n1/6bR/K4p2/3n4 w - - 0 1,2,Peter Heyl
b11989c5,8/8/8/3N2Q1/bK1Npr2/3kB3/5p1R/8 w - - 0 1,2,Виктор Б. Парфирьев
ae0db8c9,3N4/7p/2PpNPpq/2pk2nn/3B4/p2P4/P2QP3/2K5 w - - 0 1,2,Cornelis Groeneveld
66d0bd95,6B1/K2N3p/7P/p4p2/R2pk3/4b3/p1P3P1/N3Q3 w - - 0 1,2,Alberto Mari
fcf95d30,4K3/1p1PpP1p/2n1k1n1/Q2pP2R/5P2/6N1/7R/8 w - - 0 1,2,Валерий Юрьевич Шаньшин
fa3f57f4,2Q1b3/3qrPPp/2N4R/5kn1/2N3RP/4r2p/2n1P3/1B5K w - - 0 1,2,Knut Anders Olof Arnstam
2de86edb,K1kb3R/1Rpn4/Pp1P3N/8/1n6/7B/8/7b w - - 0 1,2,Jean Morice
9505ead8,b1k5/PRPR4/5p2/5K2/8/8/8/5Q2 w - - 0 1,2,Олег Александрович Шалигін
f13df8e9,4K3/3N4/2PpBp2/1b2r3/4nB2/3pRp2/3kp2q/2R5 w - - 0 1,2,Олександр Юрьевич Семененко
6a904234,1Kn5/1R6/8/1Np1r1p1/pbk1P1R1/3qP3/PP5p/5B1Q w - - 0 1,2,W. H. Haring
914c36cf,1n1b4/2p5/N3RP2/1BPk2p1/1P2bRn1/3pr3/3Pp1N1/B3K2Q w - - 0 1,2,Roger John Wright
f9c5976c,2N1r2q/1K1R3b/B5nR/2k5/8/P1p1n3/4N3/2B5 w - - 0 1,2,Paul Diaconescu
00283508,1B2R3/5B2/2N5/3RpP2/4k1p1/6p1/6P1/7K w - - 0 1,2,Zoltán Zilahi
53105222,K2Q4/4R3/8/1pRP3n/1B1k4/4p3/b1P3r1/7B w - - 0 1,2,Virgil Nestorescu
e25e09cf,rr1N3n/k4p1P/1q3Q1K/1P6/8/8/5B2/8 w - - 0 1,2,Карл Артур Леонид Иванович Куббель
c0075d9d,8/p5n1/rp1N3b/r3R1pR/p1Pkp3/3P4/1P1PP2B/Nb4K1 w - - 0 1,2,Ivar Solheim
393a48b7,7B/8/1K2N1p1/5bR1/2P1p3/1B6/1bp5/krR4Q w - - 0 1,2,O. Duchâteau
5ca458f7,7r/3N4/p7/k2N1Rp1/8/1P1K3p/3b4/r7 w - - 0 1,2,Joseph Kentigern Heydon
9f1fb6d7,2K2b2/1Np3r1/2k5/Q4Bn1/2p4N/8/8/7b w - - 0 1,2,Ioan Cămăraş
214b5d1e,3K1R2/1N6/3R4/1r4p1/1Bk3B1/1r2p3/1P6/3bQ3 w - - 0 1,2,Edward John Winter-Wood
75989445,6n1/6QK/2n5/R3Pk1b/8/1N1NrP2/1B6/1B3R2 w - - 0 1,2,Comins Mansfield
7daeb14c,1R3B2/n4N2/2p1K1p1/6r1/1Nkb1R2/7Q/bPrp4/4n3 w - - 0 1,2,Hermann Weißauer
25053f7b,8/5BB1/7R/6k1/5n2/5KNp/8/8 w - - 0 1,2,Pál Benkő
53fb111c,6K1/nQb3NN/1nr3k1/4P3/2p5/8/8/7R w - - 0 1,2,Max Bornstein
6f3443bc,1b6/pR6/bQ6/1n6/3p2K1/r4p2/3N1R1p/4B1kr w - - 0 1,2,Luis Alberto Garaza
5bcd6e27,2b5/8/7N/1p6/4kP2/p3P2R/Q1KP1n2/8 w - - 0 1,2,Rudolf Solarczyk
2992591b,rb3n2/pp2B3/2Q2R2/1p1pk2q/1Np1b3/5pPp/1P1N1K2/3R4 w - - 0 1,2,Alexander Pituk
2a3cc217,3B4/8/2k5/4K3/R7/P7/8/5B2 w - - 0 1,2,Андрей Николаевич Дикусаров
8417665b,6n1/1p1BpK2/2N2P1p/3k2p1/1B1P2R1/1P2RnQ1/r1p1P2b/5r2 w - - 0 1,2,Lars Aksglæde Larsen
d0739105,K3n3/2p2p2/1pQ2R2/1pnNkPP1/6p1/2Pp2p1/3B2B1/1b3r2 w - - 0 1,2,Живко Јаневски
989cfa90,2Nr2n1/8/R4Bp1/P2k2Pq/8/1Pp4p/1bPNnQb1/1K5B w - - 0 1,2,José Antonio Garzón Roger
93f61646,B7/8/8/3N4/8/3p1PBR/5pkp/3K1RbN w - - 0 1,2,Emilio Orsini
12e04490,3R4/2r1p3/3nB1K1/R1r1p3/Q2bk1P1/n1P1N1Pb/4P3/3N4 w - - 0 1,2,Василий Алексеевич Миронов
17224d7f,3b4/4RB2/5k2/5p1Q/2N1p3/6n1/8/K3B3 w - - 0 1,2,Robert Henry Ramsey
c6db7258,3Q4/8/4k2N/4P3/2nP4/8/K7/8 w - - 0 1,2,Вячеслав Павлович Антипов
e1006b52,2Q5/6p1/3P2PR/5Nkp/8/5K2/8/8 w - - 0 1,2,Luke Neyndorff
43801dff,2b5/pn1B4/2N1R3/2k5/r2pP3/P1pP4/1RK5/8 w - - 0 1,2,Robert A. Lincoln
281a2029,8/2bp3n/2p4r/1b1k1KQ1/1BN1N3/2Pp4/5R2/4r2B w - - 0 1,2,William Anthony Shinkman
7fc166c5,4b3/3N4/3Pk2p/2K1N2P/8/8/1B6/1B6 w - - 0 1,2,Conrad Bayer
41b6fde4,8/2pbQ3/5n2/rp2N1N1/1pBkPP1K/7p/2PP4/1r6 w - - 0 1,2,Анатолій Володимирович Світильський
eff4ed52,3r3q/1rn1PN2/Q4p1R/3P1k2/B1n3R1/3pB1bP/b3P1K1/3N4 w - - 0 1,2,Henry Wald Bettmann
8b43b6f6,6Q1/2p3Kn/8/2B1kp2/R5b1/3Pprp1/2N2p1N/7q w - - 0 1,2,Ottavio Stocchi
e83b92d0,8/2p1r2B/Q1K1p2R/3pk1N1/2p1P3/2r1Pb2/1N3P2/4n3 w - - 0 1,2,William W. Greenwood
f3841ac8,6qb/8/3Q1p2/2pN1p2/R2nk3/2KN1r2/2P2P2/5b1B w - - 0 1,2,Ferenc Fleck
0e9a9a84,6k1/4K1N1/8/8/2p5/1N3P1R/QBp3Bp/q2b2R1 w - - 0 1,2,Срећко Радовић
590400af,1K6/p7/1pQB2p1/1N1P4/3Pk1B1/R3pp1R/qNnn4/6r1 w - - 0 1,2,Dominique Leroy
6cec91b3,4Q1B1/4b3/1rPpP3/RP1k1Pp1/8/8/K1Rp1N1n/B7 w - - 0 1,2,József Wimmerth
e91583f7,8/8/2K5/1N6/2kpn3/P4Q2/8/8 w - - 0 1,2,Дмитрий Евгеньевич Туревский
da80fd4e,8/3p4/K1p5/2k1P1R1/Q7/7B/8/8 w - - 0 1,2,Crichton Milne Baxter
be52838c,3nb1N1/3p2p1/KB1k4/N3R3/2P3B1/3q3r/3RP3/Q1nr2b1 w - - 0 1,2,Arnoldo Ellerman
d6c724d0,8/7n/6pB/6n1/4p2P/1N1PkpK1/4Pp2/5B1Q w - - 0 1,2,Abraham Meurs
a777dac1,6N1/2pp4/3p2P1/1Rpk3p/3pqB1P/6K1/4Q3/7B w - - 0 1,2,Alfred Clement Challenger
2617a3be,BK4n1/1NB2R2/p3p2p/r1QP3p/3rk3/4P1R1/2P1nP2/8 w - - 0 1,2,Udo Degener
95b7f277,3Nr3/2pR4/5p2/K3k1p1/p5RN/r1n1p3/1Q3B2/4q3 w - - 0 1,2,John Michael Rice
97167c50,1n2NN2/2p4Q/n3PR1p/4k3/2K1pq2/2p2r1b/3P2rB/6b1 w - - 0 1,2,Karl Ursprung
38a0d435,1b2R3/2B5/2pq1P1R/6N1/4PkPK/2Pp1p1P/6p1/1n2Q3 w - - 0 1,2,Живко Јаневски
abf302b9,4BK2/4p2b/1N5p/Ppk1P1b1/R3n3/2Pn1Qp1/5rN1/3R2B1 w - - 0 1,2,Andrzej Trzęsowski
44d9ad48,3K4/2B3Qp/1p6/1pppN3/1P1kP3/4pP2/1P6/8 w - - 0 1,2,Олександр Вікторович Мочалкін
f1bba553,3B1N2/Pb1P1Q2/2kr4/1nrn4/Q7/7R/8/1K3R1B w - - 0 1,2,Charles Promislo
c5a9b174,BK6/2N2b2/1N5b/Rn1P1P2/2pk1q1R/Bn1r4/2PP4/4Q3 w - - 0 1,2,Александр Павлович Тусеев
cef6f6d0,8/5K2/1n6/2PR1pp1/1N2k3/3p4/2R2P2/3B4 w - - 0 1,2,Александр Васильевич Галицкий
ed45f5dd,5R2/1B4n1/3B1nQ1/K3Pr2/5k2/2Np1Nb1/3P4/8 w - - 0 1,2,Hendrik Hermanus Kamstra
fee931c2,rb6/n1P1N3/2p2K2/2P5/4k3/8/3Q2pN/8 w - - 0 1,2,Thomas Rayner Dawson
7add410b,2r1n1r1/1p3Q2/3bNP1q/4k3/R3P2R/2P1N1P1/8/1K2n3 w - - 0 1,2,Herbert Siegfried Oskar Ahues
96cea7fa,6R1/8/5R2/7p/6p1/5N1k/5K2/8 w - - 0 1,2,Rauf Gadschiaga Aliovsadzade
b002ec5e,8/4p2K/3pkp1N/1Q6/3PN1R1/6n1/8/3b4 w - - 0 1,2,Marcel Segers
ed51d05e,5b2/1K3p2/1N2p2n/1k6/1P4pQ/2p5/PRP5/r7 w - - 0 1,2,Bohumil Semerád
482d2bce,4bN2/3Rp1rp/1Q1n3P/2p3k1/2p5/2B1PPNR/8/6K1 w - - 0 1,2,Frank Bradley Phelps
a083bfe7,N1R2Kb1/1p6/1B1pppQ1/3k2P1/p5N1/3p1P2/1npP4/1qbrr3 w - - 0 1,2,Юрий Михайлович Антонов
6dba7d79,8/3P4/2p2N2/RbPR1P2/p1kN4/P2p4/pn1K2Q1/B7 w - - 0 1,2,Юрий Григорьевич Горбатенко
acb87f87,1N1B1nbb/nr1ppq1r/1P1k4/1QpNR3/2P1RP2/7B/8/K7 w - - 0 1,2,Ferenc Fleck
a2b6bd10,4Q1b1/bR6/1p1p4/3k4/4Np1N/n7/K2PB2n/B3R3 w - - 0 1,2,Fritz Hoffmann
9c907e72,8/3p2k1/3K1N2/6NB/8/2Q5/8/8 w - - 0 1,2,Александр Николаевич Панкратьев
cfdbbb01,1nN5/BR4pQ/3Pppp1/Np1pkPP1/5p2/1p1B4/3P4/4K3 w - - 0 1,2,Миливој С. Нешић
2d65e0bd,K2b4/8/p2N3R/kBB5/8/2P1pQ2/1r6/2N5 w - - 0 1,2,Григорий Степанович Гамза
c67f0aa9,2B2B2/8/1pkP4/1p2Q3/3P4/8/nKN4p/5R1q w - - 0 1,2,Samuel Loyd
b582a0f8,4N3/8/7K/5kP1/R7/4Q3/6bB/b2r1r2 w - - 0 1,2,Jan Hartong
8c27ba7f,B2r4/2b1N3/6pQ/1RP3N1/2pk1n2/B1p3R1/3pp2K/3b4 w - - 0 1,2,Walter Supp
ab563d8d,Q7/2N5/2N4K/3n2pB/2p1kP1R/4pR2/2b1p3/2B5 w - - 0 1,2,Владимир Петрович Исарьянов
6b27b9f7,6K1/8/5QBk/5P2/8/6q1/8/7N w - - 0 1,2,Geoffrey Arthur Mott-Smith
71c40433,1rnbN1KR/Q1P1k3/1p2pqR1/4p2p/7B/8/8/8 w - - 0 1,2,Gerardus Hendrikus Drese
17a2627d,1r2kbnr/1P2B3/2P1P3/5N1P/1n6/5Q2/7K/8 w - - 0 1,2,Colin Albert Harry Russ
ceb579d3,3R4/5N2/b3BR1b/pr1PB1rp/1p2k1p1/1N5n/2PP2P1/K7 w - - 0 1,2,Giulio Pasqualini
a8c97b3a,2K5/Q1p1b1n1/2p2R2/4k1P1/4P3/2rB1PN1/1n3r2/B1NR4 w - - 0 1,2,Alfonso Taliani
1d9a50e1,6k1/7R/3Rq1P1/K7/4B3/8/8/3b4 w - - 0 1,2,Jean-Marc Loustau
fe99b744,2b4K/r6n/1b1R4/4Pk2/2N1pNR1/3npP1P/4p1p1/1B2q3 w - - 0 1,2,Николай Яковлевич Косолапов
b5bf2cbe,8/8/8/2K5/8/k1N5/1p1B4/NR6 w - - 0 1,2,Árpád Molnár
bafacc6d,4QN2/4P1p1/3PRPrr/5pk1/3R3p/7P/8/B2B2K1 w - - 0 1,2,Ernest Lertoria
e66175cd,8/2Q5/8/5p2/1N1pk2P/8/5K2/8 w - - 0 1,2,Robert A. Lincoln
9442c63b,8/4Np2/1p1Bp3/1PN1n3/1K1kB1np/1P1P3R/3P1r2/3b2Q1 w - - 0 1,2,Joseph John Warton
0ff6c550,2B5/2N1K2n/8/Rp1pk1p1/r3P3/p3P3/3P1N2/6Rb w - - 0 1,2,Miguel Uris Escolano
3915ef50,8/3p4/P2P2N1/1pBkNp1Q/1P6/3b3P/1K6/3R4 w - - 0 1,2,Robert C. McWilliam
109f49f6,B7/1n1rp3/1p2p2N/4k1KR/1QnR1p2/B5P1/8/8 w - - 0 1,2,Gligor Oltean
457d9aaa,1k6/1P4N1/PB4r1/4N1q1/4r2Q/1pb1pB1b/8/1KR5 w - - 0 1,2,Erich Bartel
6a90a40e,n2bBn2/KP1rp3/1pk5/Pp2Q3/4N3/8/8/8 w - - 0 1,2,Sri Sunder Chunder Dutt
80a74209,8/2K5/8/8/Pk6/1B2R3/3R1B2/8 w - - 0 1,2,Zoltán Labai
b007e178,3K1R2/6p1/1nP5/2QpkBB1/8/8/1P6/8 w - - 0 1,2,Юрий Михайлович Алексеев
796f0b69,2b1N3/5rpK/1n1B2Rp/5k2/1r6/2b1Q3/3n4/2q5 w - - 0 1,2,Александр Павлович Гуляев
092a7386,2Br1bR1/q7/8/p7/8/2NRBk2/6p1/4K1Q1 w - - 0 1,2,Norman Alasdair Macleod
d5e5226f,r3k2r/1R1p3p/P7/3p4/3K1R2/8/8/7Q w - - 0 1,2,Бошко Милошески
43b41cd3,1nN1r3/7Q/2pR1P1B/KpNpk2q/5p1R/1p1BP1b1/2pP3r/2n5 w - - 0 1,2,Caetano Belliboni
aa11c2b5,B3b3/B5N1/2r3p1/1RnP4/4k3/2PN3Q/r3n3/4R2K w - - 0 1,2,E. Stephenson
e3f225ea,Q3Rn2/3b1Bp1/1KpPP3/2n1N1P1/p3kB1R/2PpN1P1/3Pp1P1/8 w - - 0 1,2,Julius Buchwald
5aa149ea,4n2B/5nrN/2p3p1/1R2P1RP/1p1pkp2/1P5B/3PbP2/Q3N1K1 w - - 0 1,2,James G. Templar
9065ca4d,7K/5B2/4n1Pk/4Q2b/8/8/8/8 w - - 0 1,2,Władysław Rosolak
4d209868,8/K5pB/6nq/5n2/R2Pk3/1Q1R2B1/4N1P1/8 w - - 0 1,2,Frederic Bonner Feast
74b8ab07,3NK3/2p1B2p/2B3pR/4pk1P/p2pRbr1/Pn1p1N1P/Q2P4/8 w - - 0 1,2,Dezső Simon
b351933b,2R3b1/7B/5r1q/R2p2b1/1N1k3N/1Kp3Q1/nn6/2r5 w - - 0 1,2,Алексей Григорьевич Копнин
91628d6d,2b3r1/qNpB2bP/Ppp1pp1Q/6r1/N1k3p1/pR1R4/8/3K2B1 w - - 0 1,2,János Buglos
e7cc2a23,5r1N/2n2p2/r7/2P1k1B1/4N3/1B2K3/3Q1R2/bb6 w - - 0 1,2,Aaron Hirschenson
a4a2ede4,6nn/4p3/1P5p/4kN1P/8/2K2Q2/B2P4/8 w - - 0 1,2,Antonio Souza Campos
6ad572dd,8/5p2/7n/1Pp1p2R/2Qbk1B1/8/K1P1N1n1/B2N4 w - - 0 1,2,Umberto Castellari
fab3a561,8/8/8/6N1/6QR/8/4Pp2/2K1k3 w - - 0 1,2,Иван Иванович Гегельский
5fc176bc,3B4/1K2b3/8/4k3/1PPR2Q1/8/3P1r2/8 w - - 0 1,2,Jan Dobruský
334fad4c,8/1p1r3q/1Q3p2/1p3bR1/2kp4/P2R1N2/4P3/K3BB2 w - - 0 1,2,Klaus Baumann
b5bfde82,4NKBB/3p2N1/3P2p1/5Q1P/1P1kn1nR/8/3PPr2/1b1R4 w - - 0 1,2,Hrvoje Bartolović
2379b2be,8/Q3p3/8/1rR2nK1/pk3rp1/pNR5/2np2p1/2q5 w - - 0 1,2,
9bf233ac,1K2B3/pP1N4/k7/P1p1p3/N1rb2r1/8/R7/nR1QB3 w - - 0 1,2,Herbert Siegfried Oskar Ahues
290973d7,1r1nN2R/4Nk1K/3B1P1b/3P1Q1b/6n1/7r/8/8 w - - 0 1,2,Wilfried O. Hager
00287ae1,8/1N6/2Q3K1/4k3/8/1P6/3P1P2/8 w - - 0 1,2,Петко Андонов Петков
266faf75,1Q6/5p1K/1n3p2/p2P1rp1/RB2k3/1N2Nn2/2P1R3/4b2B w - - 0 1,2,Comins Mansfield
16109b54,8/8/8/4R3/3Rb3/5k2/B6Q/K7 w - - 0 1,2,Николай Крутоус
5d47ca48,n3B3/rp4R1/1k6/2N1K3/1P6/3P4/8/8 w - - 0 1,2,Charles Henry Wheeler
35363cc1,1n6/1BPpp1Kp/4k3/2P1N1R1/2N1r3/8/Q3R1b1/3r2b1 w - - 0 1,2,Siem Giok Liam
a887d1a6,8/6p1/3pN3/7Q/2p1kp1n/2R1bN1R/8/3K4 w - - 0 1,2,Walter Irving Kennard
4227fd31,4R3/1pB2nqb/1Q4B1/1P1kn1bR/K5p1/3p2N1/6N1/8 w - - 0 1,2,Adriano Chicco
8cd7b81c,8/5QNB/1Ppp4/B2pp1p1/P2kn1p1/1P4P1/5P2/R2NK3 w - - 0 1,2,Аркадий Иванович Ярославцев
076ffc32,3nKR2/3pP1kp/1q3b1p/5Q1P/r2r4/3N4/6N1/BB4R1 w - - 0 1,2,Jacobus Haring
07b6be08,8/6Q1/1R6/2pk4/8/8/4KN2/8 w - - 0 1,2,Владимир Владимирович Кожакин
ceb0c151,8/8/nPpR4/8/2kB3Q/KR2P3/4n3/5b2 w - - 0 1,2,Silviu Balcu
05d33e6c,K1NR4/p1R4Q/5p1n/r3PN1r/1b1Pk2p/2pnp3/Bp2P2B/7b w - - 0 1,2,Валентин Викторович Лидер
61ea44d9,K2b1N2/nBk1Np2/8/P1Bp4/bn2P2p/q4p1Q/1r6/2Rr4 w - - 0 1,2,Анатолий Георгиевич Кузнецов
76408639,8/1p3Q2/b1k5/3R4/8/2KN4/8/8 w - - 0 1,2,Владимир Семёнович Гребешков
187e014a,4B3/pp4pq/2R4b/3k1n2/1rN1pQ2/5n1N/2pPPB2/1bK5 w - - 0 1,2,Brian Harley
9130e0f0,8/8/3KN3/4P1p1/4k3/1Q6/3P4/8 w - - 0 1,2,Валерий Алексеевич Иванов
a84a7287,6br/b1p5/3Bnp2/2p2k1B/2R2p1P/1Q1N4/2P5/3R2K1 w - - 0 1,2,Miloš Lakatoš
cdaed0cc,8/b4Q2/1p2KN2/7P/1Bp1p1p1/r5pN/b1RP2PR/3Brk2 w - - 0 1,2,Eero Johannes Saarenheimo
b2bac4e2,1b1Nr3/5p2/1BP4N/4k3/2P1p1p1/4P3/8/K6Q w - - 0 1,2,Max Arn. K. S. Karstedt
828f261f,8/8/1pK4Q/4Pp1p/2N1k3/r2r3n/2B1N1P1/q2n4 w - - 0 1,2,Jozef Havran
3014d37a,1B1N2b1/1R1P4/n4K2/r1k1NB1R/2P1P3/1PQ5/3pq3/6b1 w - - 0 1,2,Henrik Molnár
c582e683,nb1R1Bb1/5PK1/4N3/4kr1R/1n1pN3/3P1pP1/B3q1p1/4Q3 w - - 0 1,2,Karl Fabel
d3a3afff,3r4/5QN1/2b2nrp/1P2p2q/pBNkp2p/8/3pR1p1/1B3nK1 w - - 0 1,2,Edward Arłamowski
e9248ea5,2R5/2PPpP2/3RB3/1PNNk1p1/2P1P1Pp/B7/1P1p1Q2/3Kn3 w - - 0 1,2,Christopher James Austin Jones
dc966e4e,8/8/2p5/2N1b1N1/K3b3/1p2P2p/1Q1PkP1R/2R5 w - - 0 1,2,Leonard Nicolaas de Jong
c17148bd,8/8/3K4/8/2pkp3/3P4/3Q2R1/8 w - - 0 1,2,Süleyman Abdullayev
9591c55f,8/8/2Rn4/3k4/R5K1/2Q5/8/3B4 w - - 0 1,2,Олександр Борисович Цаплін
95077963,1nQ5/4pN2/8/1K1kp1R1/1p5r/3PBp2/8/b2R4 w - - 0 1,2,Alfreds A. Dombrovskis
46014aea,2R2n2/p2N2Q1/6n1/4R3/1rbk1P2/1p1P4/1K6/4N1b1 w - - 0 1,2,Ralf Chris Handloser
c1353732,4RN1B/p1K2n2/B1Pp1p2/2Nk2bR/1P6/1pPn1p2/1r3r2/3Q1b2 w - - 0 1,2,David Hjelle
1e1a2b3b,n1K5/1p2N2n/1p1P4/1p2N1p1/4k3/1pQ1p1P1/1Pr3P1/1B6 w - - 0 1,2,Leonid Makaronez
220e6c39,3QR3/4Np2/2PP1R2/PP1B2p1/3k2P1/1Pp3P1/2p2N2/2K3B1 w - - 0 1,2,Ivan Tatranský
5afce5c9,nR2b3/P1kPqn1Q/3pRN2/1Pb3pK/6B1/8/7B/3rr3 w - - 0 1,2,Adriano Chicco
e98e033c,4B2B/4P1qb/2N1k2n/2KN4/2Q4P/2pP4/8/5r2 w - - 0 1,2,Eduardo Pardo Ramón
de438c05,2N5/3n4/2p2r2/R7/1p2k3/1p2P2P/1B3P2/K1nQ4 w - - 0 1,2,A. Ch. Zimanskis
f7f24b16,6K1/3p4/1NP2P2/1RPp2N1/3knQ2/1R2pb2/8/5r2 w - - 0 1,2,Albert Volkmann
74181216,8/8/B7/7N/6k1/2QK2P1/6R1/8 w - - 0 1,2,Nils Gustav Gerhard van Dijk
7656ef6d,7b/N2B4/1P1BbR1Q/3k4/1K1p4/n6n/2p3P1/8 w - - 0 1,2,John Carey Gardner
8d707c0f,3n4/2pq4/2PkPP1p/R1N1NR2/6Q1/4p3/2n1P3/3K4 w - - 0 1,2,Сергій Іванович Ткаченко
eb04d357,5N2/N1B5/7p/2pk2b1/6R1/1bP2P2/p1P3Qn/K4n2 w - - 0 1,2,Edward John Winter-Wood
36c60772,8/8/3n4/bR4R1/k5B1/3p4/K1P5/8 w - - 0 1,2,Віталій І. Квятковський
d0626eae,4N3/8/2B1p3/2n1k3/8/1P4P1/4K3/1Q6 w - - 0 1,2,Nicolaas Ijsbrand Johannes Termaat
a7ad5f7a,B7/2n1K3/7N/R2pk3/4P3/2rp2Pb/n4N2/Q7 w - - 0 1,2,László Talabér
42c19439,8/4N2R/1N2k3/2PnB3/3K4/5P2/4B3/4R3 w - - 0 1,2,Василь Васильович Дячук
03748e31,bb6/r4pK1/5R2/1pN1k3/1Q1ppRp1/4N3/8/3r1q2 w - - 0 1,2,Слободан Шалетић
b76e7c9c,8/7Q/8/5K2/8/3k4/1RN5/2R5 w - - 0 1,2,Gyula R. Neukomm
095319ae,3rr1b1/RQ6/4kP2/3NP3/2qpn1P1/3p4/B3N2B/4R1K1 w - - 0 1,2,Карл Артур Леонид Иванович Куббель
e9bc7117,2Qn1nB1/K2P4/1pp5/8/4kPP1/1ppRB3/4P3/5R1b w - - 0 1,2,Udo Wilk
a5031c3d,4q3/P1P1N3/4p3/kPQ4p/2P1p3/r1nR3K/R2N4/rbnBB3 w - - 0 1,2,Gerhard Maleika
69efbe8d,kN1Bn2Q/3p4/1K6/8/8/8/8/8 w - - 0 1,2,Robert A. Lincoln
a8f025be,1B6/3N2RB/4Pp2/1p2p2K/3N1k2/Q1p1np2/3P4/b6b w - - 0 1,2,Владимир Алексеевич Ерохин
8203b23d,4n3/Q7/2Pp3R/p1Nkp1p1/B1pN2R1/8/8/1K4b1 w - - 0 1,2,Imants Kūlis
2573e2b3,5Q2/b3p3/1pB5/1N6/k1N5/1rB5/1R6/1K6 w - - 0 1,2,Pierre Tritten
484dcfe5,2KR2r1/1p2kp1n/1Q3N2/2b2P2/8/8/2R5/5nrb w - - 0 1,2,William E. Tinney
475560b8,B1r1b3/8/2p5/RQ2Bp1q/2P1k3/pN1p1pRp/r2b4/3N3K w - - 0 1,2,Владимир Алексеевич Ерохин
3e214394,rb5R/2k1B1NQ/q1P2R2/P4P2/1P6/3p2K1/8/8 w - - 0 1,2,Николай И. Нептаев
670c84b0,8/2RpQP2/3n2p1/3k2P1/3Npp2/3p4/3R4/3K4 w - - 0 1,2,Ebenezer Wood Keeney
f40b1032,8/8/Q2b4/2pp1pN1/2Pk1p2/8/b2K4/8 w - - 0 1,2,Арвид Иванович Куббель
98e1d2c0,8/1n4N1/2R2B2/3kP3/3Pn3/2R2N2/1K4B1/8 w - - 0 1,2,Григорий Александрович Промышлянский
44224bc4,8/b7/2K5/1B2N1Q1/1R1Pk2n/8/2b2n2/8 w - - 0 1,2,James Frank Stimson
73c76e01,3R1NB1/2n5/2pbrp2/K1pkn1qQ/2p3N1/2P2P2/8/4Rr2 w - - 0 1,2,Jean-Pierre Boyer
95d38e37,6K1/6N1/4p1p1/8/R1b2kNP/6pP/3pr3/bQn3BB w - - 0 1,2,Juan Roura
ae68524b,1r4n1/1p6/1K2N2k/2B5/bp2B1P1/r4Rp1/2n5/bR1N4 w - - 0 1,2,Kabe Moen
fdb32e3c,8/2pN4/R1nqp3/1p1kP2n/p7/2QPBp2/5P2/3K4 w - - 0 1,2,Ladislav Kočík
64019826,7b/3R4/pK1Np3/Qn1kp3/R1p2Pq1/1b1N3B/n4P2/B7 w - - 0 1,2,Анатолий С. Яровенко
9d940502,8/8/5Q2/1K6/3Bk3/8/2P5/8 w - - 0 1,2,André Simonet
59ee859f,3n3R/3Qb3/4r3/2pNpP2/B1P1k3/4N3/K3P3/B3nR2 w - - 0 1,2,Herbert Siegfried Oskar Ahues
c1bc127f,B2r3b/8/1B6/1p6/k1N3R1/P7/PQP5/KNnn4 w - - 0 1,2,Garen Yacoubian
cb392440,4RB2/5Q2/5RN1/1bPp2b1/2pk1P2/K1prp1n1/2P1P3/8 w - - 0 1,2,Januarta Simadhinata
d44c311d,4B3/8/8/1Npk2P1/4p3/P7/4K3/2Q5 w - - 0 1,2,Александр Иванович Шошин
8084d267,8/1n2p3/pK4Q1/3p3p/pkrN4/8/1P1N4/1n1B4 w - - 0 1,2,Микола Володимирович Кулігін
de2af18a,K2RB3/3N4/p3p1PQ/P2rRpB1/1Pk2p2/P1p2P2/2P5/8 w - - 0 1,2,James Sexton
c81f8983,B2RQ3/2p3n1/1P1rn3/2N5/1r1k2p1/1P2p3/4p2B/K1R1N3 w - - 0 1,2,Walter Pulitzer
b4014d17,n2K4/2p5/8/2k5/2P1Q3/2P5/2P5/8 w - - 0 1,2,Виктор Иванович Желтухов
9c743dce,3n1Bn1/b7/3R1p2/4k3/3p3N/8/B4N2/1bQ3K1 w - - 0 1,2,Володимир Григорович Мельніков
fa7d3728,4q1n1/p2pbNB1/2nQ4/3PPk1P/4R3/K4NrR/2B5/1b6 w - - 0 1,2,Alberto Mari
b4b02b44,8/K3B3/1Pk1P3/3b2p1/2P1r2r/4NN2/6Q1/8 w - - 0 1,2,Милан Велимировић
b64ed9b1,8/4K3/6pp/6kB/6N1/7Q/8/8 w - - 0 1,2,Євгеній Михайлович Богданов
239ba156,8/1Qp5/2p5/5N2/2k5/3N4/1P3P2/2K5 w - - 0 1,2,Xenophon Hawkins
255f5347,1r1RnK2/3qp3/b1r2p2/b1p4R/1Q1BNP2/3k4/3N1P2/3B4 w - - 0 1,2,Alexander Zidek
54caf4b2,3Nrr2/2K1p1Rn/1Q3P1N/4k2p/2P5/3P2P1/6n1/b3B3 w - - 0 1,2,Percy Francis Blake
03c73bdf,8/3Q4/2PPP1p1/3k1nR1/KP3p2/2BN1r2/8/3R3B w - - 0 1,2,Федір Михайлович Капустін
88ce4e02,8/8/8/8/2k5/P1N1P2K/2Q5/B7 w - - 0 1,2,Johannes van Dijk
116c758e,Q7/4n1B1/8/N7/7p/N3p2R/kPR3K1/8 w - - 0 1,2,Cyril Henry Stanley Kipping
8e2928ed,2nb2Q1/7p/R1r5/2P2b1B/R4P1k/3p2N1/5K2/2B3N1 w - - 0 1,2,Wouter Jacob Gregorius Mees
bd653783,bbB5/r1pR1R1K/8/r2p2p1/1p5p/6kp/4Q3/4N2n w - - 0 1,2,Erkki Heinonen
5f01b0d0,b2K1brn/4pkpp/1pB5/rqpp3N/5N2/1p6/1Q6/4RR2 w - - 0 1,2,Comins Mansfield
92b65fec,K3R3/4N3/p1n4Q/p1kpRP2/qp6/1bb2P2/4P1nB/8 w - - 0 1,2,Ivan Měchura
4a685622,1K6/3N4/kNp5/pb6/8/1B6/8/1R6 w - - 0 1,2,Эдуард Николаевич Наговицын
ed02ad3e,5b2/p1Q1p1p1/P3P1K1/1BPPP3/2pk1N2/5P2/3B1P2/8 w - - 0 1,2,Imre Olasz
87f3a5e7,QB6/1K1p4/5P2/3P1q1R/RN2k1Bn/2P3P1/P1PP2n1/8 w - - 0 1,2,Arnoldo Ellerman
a67802a9,BqR1N1n1/2b5/1r3B2/1pk1N1Q1/1p6/1PrnP1K1/2RP4/8 w - - 0 1,2,Nels H. Nelson
308d146d,3R4/8/1B6/qp2kPK1/1n3R2/8/1bN5/1B1b4 w - - 0 1,2,Роман Федорович Залокоцький
fd664e4b,8/8/8/2pN4/8/1k2K3/6B1/Q7 w - - 0 1,2,Nils Gustav Gerhard van Dijk
4b3499b7,b7/q2rp1p1/2R1p2p/R1nrk1BQ/6P1/2Pp4/B1n2N1K/8 w - - 0 1,2,Михаил Михайлович Барулин
7522711d,rQ4B1/2Np4/3p4/1R6/2nK1kpP/r2ppb2/5P2/4N1Rq w - - 0 1,2,Reinhard Groth
ca8490d9,1q6/4N3/2R1bQ2/3Pp1R1/r2k4/p2N2K1/2P2P2/2Bn3B w - - 0 1,2,Петро Петрович Фаріон
e52c94b4,1nQ3B1/p3p2N/P1nP1pp1/8/1p2kBpr/1N6/2PK1R2/8 w - - 0 1,2,George Kirkpatrick Ansell
69b2de91,8/8/3pp1K1/4k1n1/6B1/4P3/8/1Q6 w - - 0 1,2,Alexandre Fraisse
5e68dd5c,3n4/8/2pPRN2/p5n1/3k4/2RN4/1Q6/4bK2 w - - 0 1,2,Alexander A. Elkhan
ad694135,B4KQ1/1N2P3/1R1pPB1p/3k1n2/3n1Pp1/1P1Rpp2/6b1/8 w - - 0 1,2,Pavol Jankovič
e2130c78,3Q1R2/2n5/1q2N1p1/4k3/2RNn1P1/B5p1/1p6/1B4K1 w - - 0 1,2,Gerhard Ernst Schoen
cb5019b9,4n1qb/K2N1p1b/RN5r/1p5r/1k6/p2pQn2/B2P4/4R3 w - - 0 1,2,Эдуард Александрович Зарубин
4ef65286,8/pp2N3/P1P5/k7/8/K3B3/8/5Q2 w - - 0 1,2,William Anthony Shinkman
e2cc0484,2B2R1Q/6q1/1NRP1n2/2N1kP1p/3p2bp/3p2Pp/pn6/K5B1 w - - 0 1,2,Яков Ефимович Каменецкий
dd6cd5fa,3r3R/2B5/1pQ5/3n4/3k4/3p1P2/N2R2N1/7K w - - 0 1,2,János Buglos
4c675c1b,K5Q1/6B1/8/2p2R2/2P3n1/3PP2p/6Pp/1R2N1kr w - - 0 1,2,Валентин Викторович Лидер
73f701bd,8/6Q1/8/8/rp2pp1r/p3k2N/5N2/3R1K2 w - - 0 1,2,Василь Іванович Садовський
80fc7842,4Q2n/4Np2/6P1/K2N2pr/p2pkPp1/3p4/3r1nPP/8 w - - 0 1,2,György Jusztin Dunka
a9fe6da9,1R2Q3/K2n3r/1N1B4/pk2N1R1/5p2/bP6/P4qBn/7b w - - 0 1,2,József Szöghy
8ae8fdd5,8/2B5/3r4/3k4/4NP2/4K3/2Q5/8 w - - 0 1,2,Владимир Владимирович Кожакин
4f50b2fa,5b2/4p1p1/2p1P1Q1/2P4P/3ppkN1/8/p2R3P/B1KB3n w - - 0 1,2,Вячеслав Семёнович Владимиров
58d2626e,1bb1K1Q1/3p3p/r2p3p/1RPP4/3Bk3/2P1pNP1/4Br2/3R4 w - - 0 1,2,Jan Ingvar Hannelius
df00175c,4R3/2N5/2p5/Rb2Np2/3k1p2/B4P2/3p1K2/3B3Q w - - 0 1,2,Henry D. Otten
3b37346f,1B6/1K4NB/2P1N3/p2kp1P1/P3R1P1/2n1p3/4P3/2R5 w - - 0 1,2,Frederik Hendrik von Meijenfeldt
31198fdb,2nK1Q2/3p1B1b/1p3p1P/1p6/r2k4/BP5R/5N2/b3R1N1 w - - 0 1,2,Борис Володимирович Боровик
779336e4,B1n1r3/8/Kb3Q2/5p1p/1N1pNkb1/3R3r/3p3P/2B3R1 w - - 0 1,2,Piotr Ruszczyński
10ed2621,8/qp1RpK2/pP6/3Nk1p1/Rp2N1P1/2Pn3Q/3n1P1b/1BBr4 w - - 0 1,2,György Klein
2903afa4,5n1B/NR4rr/Q5b1/2Pk4/p2P2Pp/P2p1P2/qnP3NK/8 w - - 0 1,2,Александр Николаевич Панкратьев
8c479dc7,3BN2N/8/r6k/8/8/7P/b3BPQ1/b5K1 w - - 0 1,2,Adrian Mensing
e766b34f,8/1K1p4/8/6p1/3B1kB1/5P2/7P/1R6 w - - 0 1,2,Béla Majoros
ce5e1c60,8/4K2P/2pP4/3kp3/3p1p2/5R2/1PQ5/5B2 w - - 0 1,2,Михаил Игоревич Кошель
21138af7,4rr1b/B6b/K2p3Q/2PN3R/2k5/2P5/P3P2R/5B2 w - - 0 1,2,László Apró
9f62a1a7,Q7/8/8/8/8/1p1K4/8/1rk5 w - - 0 1,2,Rolf G. Uppström
29a0efcb,8/b4Bp1/Np1Q1pN1/3P4/2pkp3/3p4/3P4/7K w - - 0 1,2,Володимир Григорович Саміло
dce343e7,7K/7B/1N6/2R5/3k1P1N/B3p3/1P1Pqn2/7b w - - 0 1,2,Ulrich Ring
842432d6,b3B2B/2n2N1p/rRq3kP/4P1n1/p4R2/6N1/6Q1/7K w - - 0 1,2,Рашид Гарифович Пономарёв
0c4fb80f,1Rr1B3/p7/4PK2/2pk1p2/rb3Q2/2pP1n2/N4B2/8 w - - 0 1,2,Stelian Lambă
57ee3589,bk6/pP1K4/8/P7/8/8/Q7/8 w - - 0 1,2,Энрико Рыбак
a086109d,5q1B/8/p1PNBnQ1/2n1p2R/2Nk3r/KpR5/1P1P2b1/8 w - - 0 1,2,Nils Gustav Helmer Jönsson
9b54216b,6NK/8/1Nn1BP2/4q1Rp/3Pk3/Rb2P1P1/2P2P2/B2Qb3 w - - 0 1,2,Jozef Ložek
e2be9355,qn1N4/p1B4Q/2bp1p2/KpkB1r2/3R1n2/4PP2/P2p4/1R6 w - - 0 1,2,Евгений Владимирович Перетяка
e50d12ef,1B6/3p4/2b2p2/2RP2RK/4Np1N/4kB2/1qP5/Qr6 w - - 0 1,2,Miroslav Subotić
f8d34f3e,8/K2R1N2/4PP2/2p2pQ1/p3kB2/4Pp1r/q7/7N w - - 0 1,2,Андрей Яковлевич Лобусов
5f7bdee9,7Q/8/7B/8/4k3/3pNpP1/1K3PP1/7n w - - 0 1,2,Johannes Cornelis Roosendaal
b78c48b6,8/8/8/3K4/8/7B/4NkP1/3Q4 w - - 0 1,2,Альберт Серапіонович Шахназарян
14c95e88,1K6/Q2B2b1/3p4/4k3/3R4/8/3P1n2/8 w - - 0 1,2,Stanislav Trčala
c8045865,7b/K2b4/1Np2nN1/8/1p1rR1B1/3kr3/Q1R2n2/5q2 w - - 0 1,2,Halvar Hermanson
b1315cf9,2N5/4p3/r1n1p3/2pk4/2N1p3/4P2K/4Q3/8 w - - 0 1,2,Gustav Johann Kißling
ca410dbc,5K2/8/R1b5/8/r2p1p2/3p4/1Q2PB1k/4NBR1 w - - 0 1,2,Alberto Armeni
7618709f,1Q6/n1PK1p2/5B1q/2pk4/2N3p1/8/1rB2N2/8 w - - 0 1,2,William Meredith
ef8a3e17,K7/7P/8/2b5/1pNkPN2/p2B1p2/1P5r/2R1R3 w - - 0 1,2,Imants Ķīsis
65633f63,8/8/8/8/3B2K1/8/3pP1kp/3Q4 w - - 0 1,2,Олег Павлович Сакс
10a9cd30,2N1Q3/Bpb1R2K/b6p/1npk1Pp1/7q/1P3n1r/2N5/5B2 w - - 0 1,2,Josef Kupper
165cbb46,1K6/BP6/B2p4/1R1p4/1PkP4/1pb4R/1rbpP3/4N3 w - - 0 1,2,David J. Shire
9ab92f5d,8/P7/2p5/3p4/8/8/p4K1p/7k w - - 0 1,2,Karol Mlynka
9b07f807,4r3/N7/1p3Q2/4r1n1/1PkB2BR/P3p3/2N1K3/1R6 w - - 0 1,2,Rudolf Büchner
f09a7cf7,Q7/8/7p/1B2P1bR/1P1kNpRp/7P/1P4PB/2K2N2 w - - 0 1,2,Baruch Lender
d046c271,5B2/3n4/8/8/2p2Q2/3k4/8/2KB4 w - - 0 1,2,Владимир Владимирович Кожакин
c694f07a,k2B4/3N4/K7/8/4R3/8/4B3/4r3 w - - 0 1,2,Michael Lipton
657a85d7,8/8/5K2/2pp4/3r1kPR/2Q1R3/4b3/8 w - - 0 1,2,Kurt Smulders
5c6f1d8d,4R3/P2ppb1B/1K1PN1r1/pp1kp1p1/1r2R1N1/B7/6P1/4Q3 w - - 0 1,2,Александр Петрович Кузнецов
2da61829,4Rq2/n1pp1p2/b1P2P1p/1nQBBkpK/6NR/p1prb1P1/4P1r1/8 w - - 0 1,2,Alain Campbell White
f1126d67,B1N5/1R1p4/r2P2K1/8/1pPbkPp1/6P1/1n1QP1R1/2N2r1B w - - 0 1,2,Paul Leibovici
c20d0423,8/8/6P1/P6Q/1n1p4/RN1kp1P1/BP1Pb1R1/N6K w - - 0 1,2,Theodore Morris Brown
b029815d,5nbK/BQ3p2/1PBPn1rp/2k1NRp1/1NqR4/p1p1b3/P3p3/8 w - - 0 1,2,James Alfred John Smith
5a1f805f,7R/8/p6b/Rb4PN/6pk/6p1/3Q2P1/2K5 w - - 0 1,2,Johannes van Dijk
bff41115,5BQ1/6br/2p4n/N1Pp4/bp1kPP1N/3P4/2PP2Kn/5B2 w - - 0 1,2,Émile Léonard Pradignat
1ca01e9e,8/8/4Q3/6pp/4Np1b/5k2/3P3R/1K6 w - - 0 1,2,Charles Vincent E. Berry
770dcc74,K7/2Bp4/2Rpp3/3k4/8/4P3/8/4Q3 w - - 0 1,2,Jorma Pitkänen
5f0043e6,8/1Q2B3/2NR4/4b3/2Ppkn1R/6p1/1K2n1P1/5N2 w - - 0 1,2,George James Slater
6dcb4bed,8/1Q2p1p1/1n1rkpKR/RN6/2pp4/8/7B/8 w - - 0 1,2,József Bányai
9c46ece6,8/3p1b2/3Q4/3p2K1/3NkN2/3rb2R/1BnP2P1/1Br1n3 w - - 0 1,2,Aaron Hirschenson
1eeae2e3,8/1NK1p1P1/4R3/PRp3p1/b1k1B3/3pP3/N1nP4/3Q4 w - - 0 1,2,Zoltán Labai
d191fae3,8/K2p4/4P3/p3R1pB/q4k2/4R1Nb/3QPb2/8 w - - 0 1,2,Марјан Ковачевић
89f7b933,2R5/7P/3R1n2/p2p1K2/3kB1p1/B1np2P1/3Qb3/8 w - - 0 1,2,Володимир  Михайлович Чорноус
902c2271,6nN/4p2b/4P2P/3P1k2/8/3pK2n/4N1R1/B2B4 w - - 0 1,2,Santiago Larrain
c2a521ba,1Kn5/8/1B6/3Rpp2/4kn2/2p3rN/Q7/8 w - - 0 1,2,Václav Císař
155d1d5c,6Q1/p1B5/p3K3/P2r1N2/2k2p2/1R1N1P2/P2P4/8 w - - 0 1,2,Michael Lipton
ea0547c6,8/8/Q7/2k5/2P2K2/8/3B4/3R4 w - - 0 1,2,Ernő Szentgyörgyi
22a6cf58,4rn2/B3p1N1/R4pp1/3pk3/3R2bp/4p3/K6n/1Q6 w - - 0 1,2,Gerhard Maleika
a96ae293,8/3K1p2/8/2Nkp1nR/1P1n1rN1/1P1r1P2/8/Q6B w - - 0 1,2,Herbert Siegfried Oskar Ahues
b039c49e,8/n1R1p3/3N3Q/3kP1K1/3p1P2/1R6/Ppn5/1B4B1 w - - 0 1,2,Gérard Doukhan
89f4eb66,7B/3p2qr/p5N1/6p1/K2k4/N6p/1P2P2p/1nQ4B w - - 0 1,2,Antonie Clarus Johannes van Eelde
98ec25e0,5QNb/K2ppn2/3Bkq2/3R1rR1/2Bp4/pN1n4/8/3r4 w - - 0 1,2,Josef Burda
ebe4f7b0,2B5/3Rr3/3rN1PP/2Pp1kPP/3p2N1/3P4/3K3B/6R1 w - - 0 1,2,Martin Wolfgang Hoffmann
b6090a78,2Br4/p3R2p/K1Nk4/3P1pp1/1PP2n2/p2N4/3Rb2Q/3r3n w - - 0 1,2,Яков Вульфович Россомахо
f75c8070,Q5BK/8/1RPrPR2/2rkp3/4N3/1P1P1N1b/2p5/b7 w - - 0 1,2,Arnoldo Ellerman
19c5f1e2,4b3/5pQ1/2rp1N2/5kbp/7p/4RK2/8/8 w - - 0 1,2,Ian Shanahan
8ebe3af3,3r4/4R2n/8/3pPp2/BPpNkNpQ/3pP3/3P1P1b/3K4 w - - 0 1,2,Aleksandr Zygalov
33598bb6,3B4/4r2R/8/7B/5P2/4n1Nk/1Rb4P/2K3bQ w - - 0 1,2,Allan Birger Thorsson
5a07a4e4,8/6n1/6nq/B1ppp1Q1/1r1k1r2/1p3pNp/p2N4/2R1RB1K w - - 0 1,2,Марк Рейтман
0c39807d,5R2/1k3pRb/8/3p4/1K6/8/8/8 w - - 0 1,2,Giorgio Guidelli
7afa2400,1n6/4B3/4B3/8/8/6k1/8/R3K2R w - - 0 1,2,Tivadar Kardos
88e2cd25,3B4/1qp4K/R1b5/5p1k/pn5p/1r2N3/Q3PN2/3B4 w - - 0 1,2,Ignaas Vandemeulebroucke
e4bde3aa,8/1B3N2/4Rp1P/5k2/2P4K/8/8/R5B1 w - - 0 1,2,J. B. Muñoz
e7b022a8,1N1Q4/3B4/3pp3/2pk4/3pp3/3NR3/8/B1KR4 w - - 0 1,2,Юрий Евстафьевич Лихоманов
cec2586e,2K2R2/4p3/3pkP2/R1n5/8/3B4/4P3/7Q w - - 0 1,2,Richard Steinweg
9202bc66,8/4ppp1/2Np3p/3B1kPQ/2K5/4P2P/7b/7N w - - 0 1,2,Benjamin Glover Laws
7c176e28,1R2B3/3rpK2/2NpP3/p2kbR2/P7/B3p3/2N1P3/2Q5 w - - 0 1,2,Miroslav Svítek
a5fc56f4,KbBR1B2/2p5/1pk1N3/n1P1n2r/bp1Rp1p1/2N5/3PQ3/1r5q w - - 0 1,2,Herbert Siegfried Oskar Ahues
2c8a88cc,8/2b1p3/1NQ2R2/4k3/1NR5/Kpr4q/1P2bn2/8 w - - 0 1,2,William Anthony Shinkman
50a7d4d0,r7/1n6/b1B1R3/4Np2/pPpk4/7Q/1bPN4/3nB2K w - - 0 1,2,Narajan Shankar Ram
28e715c7,8/B4K1Q/3p1pNp/1P1kpn1R/6p1/1P1Nnr2/3R2B1/b7 w - - 0 1,2,Фройм Маркович Симхович
652704f5,2KN1Bn1/2Qpr3/3p4/R1rk4/2pNRP2/3p1P2/5b2/8 w - - 0 1,2,Микола Васильович Чернявський
e01530f9,2K5/p3P2B/QbppN3/2nkn1P1/P2N2P1/3pR3/3P4/2R5 w - - 0 1,2,Анатолій Лазарєвич Саркіц
d2d220b8,b7/8/8/2K3Q1/3N4/1P1B2B1/3p4/3k4 w - - 0 1,2,Friedrich Freiherr von Wardener
c5381768,1N2R1b1/qr1R4/6r1/b2p4/3kN3/B1pPp3/BnK3p1/4Qn2 w - - 0 1,2,A. E. Ramsey
81b029d6,6K1/N6P/p2p2Q1/3Pk2r/Rn5N/b1PP4/5Pn1/4rRqB w - - 0 1,2,Siegfried Brehmer
ca3e7aab,5q2/8/P1P5/B2P3B/1NQ1p3/K3P3/Pp1k2NR/1b6 w - - 0 1,2,Harry Viggo Tuxen
a8635020,8/6pN/4K1P1/4p1p1/RB2rk1p/4Np1R/3Q3P/8 w - - 0 1,2,Lars Aksglæde Larsen
e36205cd,8/1Q6/3p1r2/1p1r1p2/3k4/1K1N4/2PBp1Np/3R4 w - - 0 1,2,Владіслав Олександрович Метлицький
1fd5c53f,4R1b1/3p1PP1/p1r1N2Q/b1ppkp2/8/N1R1P3/1nK5/B6B w - - 0 1,2,Otto Kunze
9dd167a6,2RKB3/3N4/1Q2p3/q1N1P3/p1k1P3/P1P5/P1R5/8 w - - 0 1,2,Arnoldo Ellerman
2215f534,2B4K/1Qp5/NbnP4/1b1kpNp1/4n2R/BP6/1r1q4/3R4 w - - 0 1,2,Erkki Aukusti Wirtanen
bde7cc20,B1r4q/3p1Q1p/1P1b1p2/2nNk2N/nBR3P1/5p2/2K1PP2/7b w - - 0 1,2,Herbert Siegfried Oskar Ahues
976b9234,8/8/3KN3/3RPNRp/2p1k1pb/1nPp2p1/3Pn1P1/4Q3 w - - 0 1,2,Emil Röthler
93a2c618,4r1Q1/2B4P/4n3/p3rN2/1RB1kn2/8/2PP1R1b/K2N1b2 w - - 0 1,2,János Kiss
849c0eee,B4Q2/8/8/rpN2P2/b1k2P2/1qp5/4P2K/6B1 w - - 0 1,2,Arthur G. Fellows
5d4f68c5,6Q1/8/8/6pk/8/6P1/4K2P/7R w - - 0 1,2,Евгений Васильевич Фомичёв
e73ed2af,2R5/2Pn1K2/Ppk5/1r4p1/BB2qN2/3N4/4rp2/7Q w - - 0 1,2,Sigmund Herland
8d188581,5N2/1p4r1/1K2pp2/1P2kP2/3R1pp1/1p2q3/1B2Q3/1B2N3 w - - 0 1,2,Birger Restad
264e0a20,4q2n/4RN2/p1PpBR1B/7K/2p1k3/2rrPN2/3p2P1/bQnb4 w - - 0 1,2,Marcel Segers
4f2ada7a,5R2/2np4/4pppB/K4krr/1Q6/4pNbp/7N/1b3R1B w - - 0 1,2,Eugene David Rosner
3af27529,2Q5/3pk3/6P1/2PKP3/8/8/8/8 w - - 0 1,2,Edvard Johannes Gabriel af Hällström
64ca0b10,r3Rb1r/2p1q1Pb/2QNp3/3NkP1R/2Ppp2p/B7/5PB1/3K4 w - - 0 1,2,Валерий Юрьевич Шаньшин
04dc4879,6N1/B2R3p/3N2b1/5Pkr/1Q2prPp/5p1P/K4pR1/4n1q1 w - - 0 1,2,Ján Valuška
6dfa6546,2r5/6Q1/8/3P2p1/4R3/6Pp/2p2p1K/5k2 w - - 0 1,2,Олександр Андрійович Деревчук
53535ef1,2n5/r1P1P3/pPB2P1q/3Np3/1Rp1k3/2KbN1Pp/1Qn3P1/8 w - - 0 1,2,Birger Georg Christensson Malmström
37fdd2bd,2N4B/rPR5/1PPN4/p1kq2r1/K1BRQ3/1P2P3/2p5/6bb w - - 0 1,2,Halvar Hermanson
7c3c9b30,1K3Q2/3p2p1/1N1B4/7r/p2kNnr1/7p/2PP2p1/4R3 w - - 0 1,2,Дмитрий Кириллович Каноник
266bfe9c,3Rn3/4p2r/1Np5/4k1B1/6p1/2K3N1/B7/8 w - - 0 1,2,Dieter Müller
abbdbf4d,K4QB1/6N1/5n2/R2pk3/1N1Rq2P/5p2/2pn1P2/2B5 w - - 0 1,2,James Joseph Glynn
22588b62,8/5R2/3Q4/3ppn2/4kp1B/2PRP1b1/b1Pn2P1/2BN3K w - - 0 1,2,William Edmund Frank Fillery
9f65efaf,4B3/n1p1p3/2q1Np2/3k1p2/3P1B2/1Pp2K2/2P1Q3/3R4 w - - 0 1,2,Константин Григорьевич Гаврилов
69607921,3r2n1/1pB1N2p/nPQ3pP/b4p2/r2k1pR1/P1R2B2/3KP2q/6Nb w - - 0 1,2,János Bartsch
ee6b5818,7K/1b2Q2p/7N/1n2P2B/4k3/4NRP1/1qP1p2P/B7 w - - 0 1,2,Вячеслав Иванович Каменский
84b99bf2,8/2p2K2/2B5/5k2/3pRP1p/3p2nP/3PnP1B/3Q4 w - - 0 1,2,William Alfred Whyatt
b0f6707c,1b3K2/4PN2/4R3/2p2Qp1/3knrRN/1Bn1pbp1/1PPpP3/5r2 w - - 0 1,2,Rudolf Winter
a54bb7a6,6n1/4p2N/Q7/2PPPkpP/R3Nn2/5B2/3p3B/b2K1R2 w - - 0 1,2,Zoltán Labai
3e5e024c,8/3B4/3p4/8/1pk2N2/4p3/1Q6/1K6 w - - 0 1,2,Данил Витальевич Лебедев
b0b50b89,2RK2B1/4N3/1ppB1kpP/1qpR1Pp1/6p1/r3p3/P1b5/b4Q2 w - - 0 1,2,Georg August Kohlrausch
bdf9146f,8/8/4p3/p3N2N/R3pP2/2p1k1p1/2pr2P1/2B1K2R w - - 0 1,2,Братољуб Грубер
7ead9d9d,8/2Q5/8/2bk4/6N1/3B4/6K1/8 w - - 0 1,2,Ernst Schober
713c1ad6,rb1Br3/3kq1R1/2NNRP2/3P2Q1/p5B1/6n1/8/3K4 w - - 0 1,2,Павел Александрович Мурашёв
9c00af23,8/5pN1/1Pp2p2/3pkB2/KQ4PN/p2r1np1/5P2/b7 w - - 0 1,2,Юрий Михайлович Алексеев
4807ffec,2N1rQ1b/2N5/8/n3kPpK/bR2p1p1/3pB2p/8/5q2 w - - 0 1,2,Михайло Назарович Марандюк
c68b6736,2N1Bb2/8/r1PP2R1/2Bk1pp1/2pPp1p1/P4rP1/5Q2/1NK5 w - - 0 1,2,Philip Hamilton Williams
95c117b0,8/3p1Np1/3Q3p/7k/8/5K2/8/8 w - - 0 1,2,Віктор Олександрович Мельниченко
1e99d950,8/1N1p3B/3P4/pp1p4/bpk5/1RPR1PN1/5P2/1KB3Q1 w - - 0 1,2,Павел Александрович Мурашёв
f9d8212d,BKn1R3/8/3k1N2/2p1p3/3P1P2/7p/4n2q/b3Q3 w - - 0 1,2,Rainer Paslack
3da4dca1,8/6B1/3pNQp1/1Kpkr1P1/3P4/3P4/8/8 w - - 0 1,2,Joseph Klun
5ddee85d,1k6/8/3K4/8/6B1/8/8/7Q w - - 0 1,2,Jacob Schumer
c55a170e,8/3pRR2/3P4/3qN1P1/1nP3Qr/2P1kN2/3r4/2B2Kn1 w - - 0 1,2,Joseph C. J. Wainwright
ef90e7d7,6B1/7K/5p1p/2NPpQb1/P1kqn1Rr/B3n1p1/P1bPP3/2RN4 w - - 0 1,2,Robert Clyde Moore
123c52a0,Q4nr1/2pp3B/2pP2nR/1P1kN3/1K2N1P1/2P5/1p2R2B/1b6 w - - 0 1,2,Dieter Berlin
5a44472f,n4R2/4R3/3pNn1r/pK1k4/3ppPP1/5r2/3N1b2/3Q3B w - - 0 1,2,Milan Borik
d4b22c04,2B5/K1pnN1R1/5P2/3R1p2/3pk2b/1Q3ppN/2P3p1/4n3 w - - 0 1,2,Зоран С. Гавриловски
793e2b05,8/8/1pp1Np2/7Q/2P1kP1R/6pP/2KRnpN1/5b2 w - - 0 1,2,Edward E. Maybee
28e43450,q2Nr3/5P2/1pp2Q1B/4P1NK/1PnkP3/8/1P3P2/4bB2 w - - 0 1,2,Tan Hien Yan
1711e0a0,8/8/6R1/8/2N2p2/7N/3K2n1/5k2 w - - 0 1,2,Слободан Младеновић
692319ab,1N1Rn3/2p3p1/2P2P2/4k1B1/7R/2n1NPKB/4b3/8 w - - 0 1,2,Arnoldo Ellerman
0504ee90,Q1K5/2P4n/1BR1Rp1b/1p1k4/1p1r2p1/8/3pP1N1/1b1r4 w - - 0 1,2,Henryk Salzman-Solski
5c7cbfed,1K4N1/3B4/8/2pk4/6PN/B7/2P5/Q7 w - - 0 1,2,Edith Elina Helen Baird
55247303,6Bb/8/KB1Pp3/1Qpk1N2/ppR3N1/2pn1P2/3q4/3R1b2 w - - 0 1,2,Jacques Savournin
f37a306e,8/5N2/4p2K/3pBpQ1/4k3/1r5p/3PP1n1/2b1nN2 w - - 0 1,2,László Barna
567958b0,6r1/5PQ1/2p5/1Nk1B1qR/2p1P1P1/NrP1bn2/8/1RnK4 w - - 0 1,2,Luigi Sprega
57067a14,8/2K4B/Q2Np1n1/2pk4/5pr1/2P5/7B/8 w - - 0 1,2,Charles Dealtry Locock
b3dd1024,8/2R2KP1/5RQ1/3p1B2/2Nk4/5p2/1r5n/3N1b2 w - - 0 1,2,Matti Arvo Myllyniemi
d6d13225,B6r/b2PP1p1/2P1K1Q1/2p2N2/R1p1kNR1/5p2/5r2/4nqB1 w - - 0 1,2,José Miguel Dias Figueiredo
b7c833b5,2K5/k7/3Q4/8/B7/2B5/6R1/1R6 w - - 0 1,2,Barry Jack da Costa Andrade
9edbc68d,4R3/1K5B/3p4/1nP5/2k5/2p5/5Q2/1R2N3 w - - 0 1,2,Ottavio Stocchi
f47b6212,3N2N1/1pRp4/1P1k1p2/3pbb2/1r4p1/B5Q1/n5P1/5RK1 w - - 0 1,2,Salvador Suratos
44a83832,2r1r3/5B2/4n3/1R1p4/p2k1P1R/K1pP4/N1Q3N1/8 w - - 0 1,2,Mukkur Parthasarathy
b1d3c5ce,3N2kr/3K3p/2PP3B/4p1N1/2q1P3/1Q5P/1n1P4/8 w - - 0 1,2,Александр Олегович Никитин
83fcd5a8,8/nR1B4/4Kp1r/N1k2P2/3bR3/3rB1N1/1p2qp2/8 w - - 0 1,2,Martin S. Lubell
2b69f169,3b4/8/2b1N2Q/r5p1/1RB1n1kN/3p1R2/5nK1/8 w - - 0 1,2,Friedrich Binder
3dce4131,b5N1/3Q4/pp2p3/4p1b1/3Nk3/2P1p2n/1K2Bp1B/8 w - - 0 1,2,Vladimír Bušík
4e7d06b2,1K1R2Q1/2Bb3n/1pP3p1/R1q2p1P/1p1Nk3/3pP3/3P4/nB4N1 w - - 0 1,2,Schergil Suchitaschwili
7bf4164c,5B2/6R1/2p1p3/2NpkN2/3Rp3/1K2p3/4P3/8 w - - 0 1,2,Stanislav Juříček
27f9d953,1rB5/1N5p/5b2/p1p2R1Q/n1npkPR1/1K1N3r/2PpP3/6B1 w - - 0 1,2,Jan Hartong
0b6f33c5,1N3Q1K/1pNbrB2/3k4/8/1PRn1P2/5p2/pB6/8 w - - 0 1,2,Alfreds A. Dombrovskis
d9881825,2R5/5B2/8/8/4Nb2/8/4k1N1/1Qn4K w - - 0 1,2,David Thurston Brock
3825c3fb,3n4/3B2N1/1K5p/2Npp2r/Q1Pk3B/p2p2p1/3P4/8 w - - 0 1,2,Анатолій Григорович Василенко
4288ab7c,8/p4p1R/2KP4/k2p4/3R4/2P3P1/3B1n1Q/8 w - - 0 1,2,Milan Černý
97c8cd75,1b1Q1q2/1B6/8/rnp1pn1r/N1NpR1p1/1K1k4/1PRP4/8 w - - 0 1,2,Henrik Molnár
52b399b2,6kN/3p1N1p/3p3B/1q1p4/2r3BK/6Q1/1rn3R1/8 w - - 0 1,2,Рафаэль Моисеевич Кофман
c15c2acf,6n1/b2Q3r/8/1K2p3/1np1NR2/4k2p/1Nrpb1PB/2q1R3 w - - 0 1,2,Lewis Rothstein
5ce4249e,8/1K2P3/1N3Q2/1Bk5/1R4r1/p2nNp2/1Bn5/3q4 w - - 0 1,2,Игорь Александрович Алёшин
6bf074fa,8/8/3Q1pB1/4rNpp/4P1k1/4P3/3p2K1/8 w - - 0 1,2,Léon Loewenton
170396be,8/2B5/2p1Bp2/2k5/P3p3/pRK1pN2/bP6/2R5 w - - 0 1,2,William Ellis Keysor
e120764b,6K1/2p5/2p3R1/Rbr1kp2/4BN2/2N5/1Q6/6B1 w - - 0 1,2,Henri Gerard Marie Weenink
27a3a254,5K2/PQ1b3B/3r4/5p2/1P1k1P1B/N4RN1/2P1P3/3rb3 w - - 0 1,2,Karl Harder
bdeaa44c,B1Qr4/2bN2B1/n7/1R2p3/3k2Nr/1P3n1R/4PP2/3K4 w - - 0 1,2,Werner Issler
50a94d7e,8/8/8/8/2B1k1K1/4P1Qn/5P2/7N w - - 0 1,2,Halvar Hermanson
a7cdaedc,5kN1/5B2/bp5K/4p1RQ/8/2B3bn/5q1r/5R2 w - - 0 1,2,Harry R. Neale
bfe8ce3c,1nn2b2/2BBp3/p2P1pK1/3Nk1PR/1pR1pNp1/2P2bP1/rQ6/7r w - - 0 1,2,Nils Gustav Helmer Jönsson
b8414a65,4R3/1p2B3/1p6/1Kp1k3/2PN3P/Q3P2P/3P4/8 w - - 0 1,2,Benjamin Milnes Neill
12802686,7Q/N1p5/2Pkb1P1/4R3/3p4/3p4/3K4/8 w - - 0 1,2,Antonie Clarus Johannes van Eelde
65003a95,1B1K4/3bN2B/2NP4/8/3p1k1q/8/3PP2P/6Q1 w - - 0 1,2,George Clarence Vincent Alvey
3aad448d,5nK1/2Qp4/8/N2k4/4p3/2p5/4nBN1/8 w - - 0 1,2,Morris Lissner
61d7ed63,7K/1N1B3p/4R3/Rnbk1p1b/n1pp4/4Br2/4N2r/3Q4 w - - 0 1,2,Benno Schlotterbeck
c09c675f,4r3/1Q1P3q/7p/pB1np1RN/KpRpk1N1/8/4P3/8 w - - 0 1,2,Comins Mansfield
3e4ecfc0,5K1k/6nr/4N3/3n4/8/2B5/8/8 w - - 0 1,2,Gottfried Reusser
192480ae,4Q3/p1R4b/Kn1p4/1p5R/1N1k2pB/2p2r1q/NP6/1B3r2 w - - 0 1,2,Vincente Escoin
43001d5b,2R4K/8/1N2p1B1/Np1bp3/3k4/Q2np3/3rp3/3nB3 w - - 0 1,2,John Michael Rice
97184f37,8/8/8/8/8/K1R5/R1P2k2/Q7 w - - 0 1,2,Johannes van Dijk
1742a1c2,8/8/8/3p4/1P3P2/1N2k1N1/1K6/5Q2 w - - 0 1,2,Bernhard Hülsen
114f3132,Kn4B1/1Pb2pN1/p1kq2P1/P2R1Q2/3p4/1P1N4/8/8 w - - 0 1,2,Hermann von Gottschall
568dd033,2B5/8/8/1R5K/1Q6/8/4kP2/4B3 w - - 0 1,2,Владимир Михайлович Сорочан
b5de6656,6b1/bP6/5p2/Q2P4/pP1kNP2/1qp3K1/r2P1N2/B4B2 w - - 0 1,2,Sándor Boros
c7031280,3RNNb1/nKP1p3/2p2p1p/2kPp2Q/R4Bp1/8/1P3b2/5B2 w - - 0 1,2,Dieter Müller
1c689f42,1q2n3/8/1P2P2K/R3Pk2/Q3R3/4p3/4N1P1/1b2b3 w - - 0 1,2,Josef V. Mařík
ff6a8ea6,8/3P4/2r1p3/2pkp3/3p1p2/7Q/P1P2K2/8 w - - 0 1,2,Ivan Šindler
94d93a55,8/2p2N2/3pB1pp/2pNP1Pn/4kP2/1p1pPR2/5QK1/3n4 w - - 0 1,2,Віталій Іванович Аксьонов
dcc25a43,2B5/2p2N2/n4pr1/1Qb5/R1q2kp1/npNR4/1K5P/6B1 w - - 0 1,2,Lars Aksglæde Larsen
7278e700,qrr5/p2R4/N1kpB3/R2NP3/8/P2Ppp2/2K1bP2/2Q5 w - - 0 1,2,Édouard Pape
6e27fed7,3BQ3/1N1pPK2/5N2/1PP3pR/Bpkp4/6R1/3P4/8 w - - 0 1,2,Надія Олександрівна Леонтьєва
113b07c9,1Q6/1K6/2Ppp1N1/2Bk4/2R1r3/8/B6b/8 w - - 0 1,2,Radu Drăgoescu
419eae1f,5qr1/3NR3/8/1R6/r4k1B/8/2B2PpN/1b4K1 w - - 0 1,2,Stefan Parzuch
23b1ca30,1b5B/5Q1p/8/K4B1r/4Pk1P/1p5R/1N6/2nb4 w - - 0 1,2,Rafael J. Bermúdez
35e55a08,1B2R3/r1q1p1p1/1pP1k1Bn/6Pn/P1P5/1NQR4/1K2N3/8 w - - 0 1,2,Zoltán Zilahi
b2e6d1b2,8/1Np5/2Q2p2/3Pkb2/8/2N5/8/K1B2Bn1 w - - 0 1,2,Artúr Nandráži
33515a1f,8/7Q/P1P2K2/2pkN3/1np1N3/2Pbp3/8/8 w - - 0 1,2,Альберт Федотович Иванов
06d2394a,7q/1B3p1N/4p2b/3pP1P1/1R1Pk3/Qp1pPR2/6KB/1b6 w - - 0 1,2,Max F. Nemmer
96e88014,8/8/5pP1/5P2/RB1N1k1N/3P1B1P/2P2p2/5K1R w - - 0 1,2,Вячеслав Георгиевич Копаев
6fb0e67d,1K1BQ1n1/1P1pr1b1/2kP3R/1N6/2Pp1p2/qN1n4/2B5/3r4 w - - 0 1,2,Nikolajs Viesturs
642de454,3r1R2/b4Q2/2p5/pN2p2K/1R1Pk2n/1N6/B1p1PP2/q2r4 w - - 0 1,2,Dieter Müller
10d56ff5,8/6B1/8/N3RP2/NK2B3/n7/p1pP3p/k5bR w - - 0 1,2,Josef Mikulcak
2bad64eb,3N4/7r/N2p4/1p1k1p2/4qP2/1KB3P1/Q5B1/2b5 w - - 0 1,2,Frank Harper Bennett
ca1ac718,8/5Np1/2b1p3/N2kp1P1/2R5/2p1B1K1/B1qb1PPQ/8 w - - 0 1,2,Imre Grósz
f078e070,3R3B/7B/5N2/2P2n2/3q1P1n/1PNk4/2p2P2/Q1K5 w - - 0 1,2,John Michael Rice
4137ffe5,K4R2/1B1k4/6N1/2P2PP1/b2n1BQ1/2bRp3/8/3q4 w - - 0 1,2,Arthur John Fenner
1fcb09c7,8/qb2N2p/2p3rB/6p1/1R1p1k1P/5N1P/1n5P/4R1KB w - - 0 1,2,Valerio Agostini
433e137e,1K6/N2bQ1pB/1B1N2r1/3kp1p1/1R3p2/8/4P2b/3r4 w - - 0 1,2,Friedrich Valentin Schulz
451ca7f0,R6r/1nPPk1PP/3n1p1B/2NK4/8/8/8/8 w - - 0 1,2,Ване Бор
6531aa53,2nB4/3pp1R1/2p5/2b1kPK1/2nrNN2/4PP2/B2R4/1Q6 w - - 0 1,2,Edward Pałłasz
daf044f6,Q7/2B5/8/6K1/2BN2p1/6pb/2p4p/R1N3kn w - - 0 1,2,Otakar Votruba
51c6da00,BR6/RQn2p2/1n1b4/3rP3/3p2p1/p2p2B1/8/5kNK w - - 0 1,2,Анатолій Григорович Василенко
33d3ca76,1n6/p3p3/Np1kB2K/3PR3/8/4Q2b/7B/1n5q w - - 0 1,2,G. J. Hicks
edf32cb9,8/4Rp2/Kp1P1k1P/5P2/6PP/p4pp1/1q6/B1n1R3 w - - 0 1,2,Василь Матіко
2ee297fa,1B2R2b/7p/r2N1kPP/8/3R3K/3Q3P/2n5/5r2 w - - 0 1,2,Frank Robinson
874fa6f6,3R3K/2n4p/pQPp3r/r2kPPNN/BPp4q/2Bp1P2/5n2/8 w - - 0 1,2,Oswaldo Faria
c5473c5c,5K2/3p1Q1B/2p2R2/3N4/1p1k2p1/1P1N1bp1/2P1nqp1/6B1 w - - 0 1,2,Guido Cristoffanini
9da06cf8,3B4/1n1p4/3k4/Nppp1K2/2R5/8/8/1Q6 w - - 0 1,2,Ugo Lancia
a9e8fa5f,7k/6R1/6Kn/8/8/8/8/8 w - - 0 1,2,Bengt Rudolf Giöbel
e9bb5913,5BnK/5Q1p/1p6/qn2k1P1/5NrR/1N1P4/4P3/6r1 w - - 0 1,2,Василь Васильович Дячук
f4838fce,1B4q1/1rnr1R1B/1R1n4/p3kp1b/K3pN2/ppN1P3/8/Q7 w - - 0 1,2,George Hume
d6856ff3,2rrn1N1/8/4p1PQ/1R2nkN1/1b4p1/3R2p1/b1B5/2BK4 w - - 0 1,2,Newman Guttman
d1dbe1f2,3R4/1p6/brpp4/Rp1P1p2/3k1P2/1K1N2p1/4Q1P1/8 w - - 0 1,2,Василь Вікторович Крижанівський
2ab48a3f,3r1R2/1P2B3/1pBNp1p1/2N1k1p1/2R5/2Pqp2p/3Pp2K/1b6 w - - 0 1,2,Antanas Vilkauskas
62e8c937,1B1Nn1b1/2r1pp2/2PkPp1N/Q7/Bn2Pr2/1K3p2/5P2/8 w - - 0 1,2,F. G. Butcher
bd14be8b,2K1R3/1pn3QB/bb6/5P2/4Nk1r/r4n2/3PPN1q/2B5 w - - 0 1,2,Jacques Savournin
875e8a99,2n5/2p2Q2/Rb1k1B2/1P3p2/1Pp2rp1/2N1N3/8/4RnKb w - - 0 1,2,Janusz Fux
c6ac7704,B1n2B2/3bp3/Q3p3/1pkp2nR/8/PK1PP3/1PP2N2/3r4 w - - 0 1,2,Rui de Carvalho Nascimento
8a9ea012,2K5/6p1/2p2p2/5kPP/B1QpbPpn/b3R1n1/4N2B/8 w - - 0 1,2,Павел Александрович Мурашёв
be1e64f9,6B1/8/1N1pr3/1Qn3nR/4k1P1/1p2P2P/1B2R3/K6N w - - 0 1,2,Benjamin Glover Laws
33175453,3R4/5p2/2p5/2Pnk1BK/4N3/5Q2/B4n2/8 w - - 0 1,2,Віктор Олександрович Мельниченко
64ec2dd3,rn2kbK1/1R3pp1/4PB2/7N/8/7Q/q1n5/2R5 w - - 0 1,2,Steven B. Dowd
71778339,3r4/p7/1pB1pNp1/2kPQ1K1/1R2P3/P3P3/3r1p2/2Nb4 w - - 0 1,2,Володимир Григорович Рябцев
70aa1cee,8/8/4Q3/7k/5P2/5K2/8/8 w - - 0 1,2,Werner Speckmann
3fea0ac3,3Q4/5nR1/1b3N2/2n5/2RB1k1N/K1P2b1q/5P2/8 w - - 0 1,2,Aurel Cubat
10754de6,1B1K4/5BpQ/5kP1/5pp1/5R2/5b1N/8/8 w - - 0 1,2,György Bakcsi
211bab4f,8/3N4/4r3/3B1k1K/6N1/2B3P1/5p2/8 w - - 0 1,2,Валерій Володимирович Копил
c8c63c74,3R1nq1/K3p1Q1/p1N4r/2knNRb1/Pp5r/1p1B2B1/3P2b1/8 w - - 0 1,2,Lars Aksglæde Larsen
bb98577a,4N3/1p1r3B/p2p2r1/RPPp4/N1k5/P4p2/1p6/bK1QB3 w - - 0 1,2,Zoltán Labai
945bdf3f,8/8/5Q2/2rk4/1P4R1/1K1p4/8/8 w - - 0 1,2,Werner Speckmann
9048f71f,8/8/8/N4Q2/1k6/8/8/1KN5 w - - 0 1,2,Микола Васильович Чернявський
1e02c548,4N3/PPPPPPPP/3pbp2/4kp2/4pN2/4K3/8/8 w - - 0 1,2,Tibor Szabó
84e44ca6,2R5/B4p2/3p3b/7b/8/2Nk4/5nr1/1K2QN2 w - - 0 1,2,Dejan Glišić
7402576b,2nN1b2/1nQp2r1/p3q1B1/2pk4/N3p1p1/1P6/4K3/B7 w - - 0 1,2,Mieczysław Pfeiffer
b4ea4291,8/2K5/3pNB2/pp1k1P2/2p1NQ2/8/8/4q3 w - - 0 1,2,Henryk Kruk
8ff5d903,BB6/1r3b2/1R3R2/3kp3/P1N5/1n3n2/1KQ5/8 w - - 0 1,2,Josef Maršálek
8b920790,8/8/4R2B/1P4r1/1KPkb3/1RNr2n1/6P1/2Q5 w - - 0 1,2,Wolfgang Pauly
6649dd9e,3Q4/8/8/K1Nrp3/8/B7/PR1R4/1Bkrb3 w - - 0 1,2,Joffre Roxo Fleiuss
7be4d9d4,4rkr1/KQ2p1pR/PRP2PP1/1P6/8/1p6/1B6/8 w - - 0 1,2,Édouard Pape
43e5f91b,3b4/3Kp1Q1/R6n/1p2Nk2/5p2/3b4/8/7B w - - 0 1,2,Jens Künzelmann
87b7d799,3B4/8/1K6/2N1k3/8/4N2B/5P2/8 w - - 0 1,2,Hanspeter Suwe
7735229b,6n1/2p5/1pQ5/1N2Pk2/2P2P2/2N3K1/2n5/8 w - - 0 1,2,Marcel Aschenazi
0663563e,b3n1K1/5p2/r4pp1/1RQ5/3Nk3/1p2P3/4BP2/bN1r4 w - - 0 1,2,Валентин Федорович Руденко
a693a5ae,2Q5/8/N2pp1P1/8/3k1N2/3B1K2/2P5/b7 w - - 0 1,2,Kurt Friedrich Laib
1d1faf59,8/4nNp1/1p2ppP1/1n2P1p1/2Qbk3/1Np2RP1/4PP2/2K5 w - - 0 1,2,J. P. Coppens
897e95a1,7K/p3Q2p/r1BR3p/2p1Np2/5k2/3P4/1n4Rp/b2N1n1r w - - 0 1,2,Анатолій Григорович Василенко
fe485acc,K7/n7/B5Np/1p2R2P/1Q1Pp1kN/7p/5Pb1/2b3R1 w - - 0 1,2,Arnoldo Ellerman
0735cb61,5Q1K/N2b4/8/B3k1N1/2P2p2/1P3PPp/3q1P2/1n2r3 w - - 0 1,2,Jorge Breu Noguera
35ed24ea,4N3/4B2n/pr1P4/N2pkP2/4p1P1/2R3P1/3RKP2/8 w - - 0 1,2,Philip Hamilton Williams
487b8d47,8/2r4N/2pp1p1p/1R1pkP2/1NR3P1/2p3P1/1qbPKBnr/1Q1n3B w - - 0 1,2,Пётр Степанович Муссури
88ddfd60,1B2n3/K2P2r1/1Nk1B3/R5n1/P7/r1q1N3/8/2R4b w - - 0 1,2,Francisco Novejarque Iranzo
3bd3a7f7,7R/b3k2K/3p2P1/4BB2/r7/2n2b2/1R5Q/3r4 w - - 0 1,2,E. Heinz Kneffel
b81fdd56,Q7/2pk4/1b3P2/1bP4p/2PN2q1/4KRBB/3N4/3R4 w - - 0 1,2,Александр Михайлович Михолап
c32ac6cc,8/B2b4/2P5/1Nn1P1RN/2B1kPp1/q1p3r1/3PnbPp/5Q1K w - - 0 1,2,Otto Strerath
fec00591,3R4/1PB1p3/b1k1P3/1NPpK3/2N5/1PQ2P2/8/8 w - - 0 1,2,Евгений Александрович Лопатинский
6760c2c6,8/2n5/p1BR4/P1k2N2/5P2/3P2n1/5N2/K3B3 w - - 0 1,2,Дмитрий Васильевич Кларк
c361c12a,bK4n1/5p2/3Rp1RB/4pk1p/4N2p/8/6Q1/2b5 w - - 0 1,2,Gerhardus Johannes Gerard Smits
8c5bb503,2k1r1R1/K1Pp4/8/1N2PQNq/8/8/7p/8 w - - 0 1,2,Милош Томашевић
453ff0cd,8/1p2pB2/1p2P3/1K2kpB1/7P/6N1/1P6/3R4 w - - 0 1,2,Francis Charles Collins
7abe5b9f,2b5/N7/2R5/3k4/2p3pr/p1p1K1BP/nP2Nn2/1Q6 w - - 0 1,2,Fritz Hoffmann
bfa22478,2Kn4/5rb1/R1P1N3/P2k4/1B1p1P2/1Pp5/2N1Q3/1B1R3b w - - 0 1,2,Erkki Aukusti Wirtanen
cea1c98c,BQ1r4/2n5/Rn6/1p1P4/pPp2B1p/2R1Pk2/5N2/5K2 w - - 0 1,2,Fritz Karge
c1cb7ba6,8/1B1pK2p/Q4p2/N1p1k1p1/3nn2N/6P1/4Pp2/B1r5 w - - 0 1,2,Allard Pieter Eerkes
ea5ebc2a,8/3Kp3/1p1n4/3k1p2/1P4R1/8/1Q2N3/5B2 w - - 0 1,2,Hrvoje Bartolović
0c67c4df,6Bn/1p1rP3/1P2R3/2kPB3/K5pn/1P1RP1rQ/5Nbq/8 w - - 0 1,2,Даниил Якимович
54ecbc83,7b/8/8/4n2p/7B/3N1pPk/5Q2/1b4K1 w - - 0 1,2,Ottmar Weiß
f95949ff,5Q1K/4p3/8/2B1k1N1/5N2/1r2P2b/5n2/2b1R3 w - - 0 1,2,Udo Degener
aff5b6f1,1K1R4/4p3/bBp2NQ1/Rq2k2r/4Nb1r/n2n3B/3P4/8 w - - 0 1,2,Richard Büchner
49ba31a0,B1r2R2/3Rp3/2r1N1KB/4p3/2n1k1n1/1QP1p2b/q1p5/6N1 w - - 0 1,2,Unto Heinonen
2dc3fc03,7R/4pkB1/8/R5p1/4Q3/8/8/K7 w - - 0 1,2,Harry Viggo Tuxen
0ed40585,Q5B1/5K2/1p6/3n1p2/3k4/1r3r2/2R1R3/2N1N3 w - - 0 1,2,Roland Lecomte
b8b763b2,8/8/2R2n2/5k2/3b4/2p2K2/2N3Q1/8 w - - 0 1,2,Євген Юрійович Трахтман
7871a929,8/1QB4b/8/5p1n/K1N1rp2/1p2Nk1P/3p2RR/1Bb5 w - - 0 1,2,Alfréd Hochberger
52000789,b5K1/5Rp1/3p2p1/R2Pk3/p2Np1BB/2P1N3/q2p3b/7n w - - 0 1,2,Helmut Zajic
75c3cc9d,2B2n1r/6N1/P2k1P2/R1Rprp2/5p2/NK1p1Q2/1B6/b3n2q w - - 0 1,2,Stefan Milewski
de29d426,5K2/4N2p/6Rp/1Q2pb1k/8/5N2/8/8 w - - 0 1,2,Алексей Карин
68fbde46,1Q6/7p/8/7k/5K2/8/8/8 w - - 0 1,2,Rudolf Svoboda
9fd0b177,1R3B2/2pP1P2/2Pb3p/PPPk3P/4RP2/1n1B4/3p2Q1/3K4 w - - 0 1,2,Alexander Fica
dcc7204b,7B/p1p1N3/3pn1pK/q3p2R/1b2Bkr1/3Q3P/4p1pP/4Nr1n w - - 0 1,2,Микола Мойсейович Великий
4fe95342,3Q2nn/3B2p1/8/4kp2/4b2N/p3bPP1/1r3NK1/B2RR3 w - - 0 1,2,Александр Н. Лебедев
305cb1a1,b5B1/3p3K/RNrr1kN1/6p1/3nRPPp/5n2/5q2/B4Q2 w - - 0 1,2,Nenad Petrović
96d89838,1N1K4/3Nn3/3ppR2/3k4/B1p2B2/1n2P3/2QP4/3R4 w - - 0 1,2,Ştefan Groza
0be376b4,2b5/1p1p1R2/1K1pk3/4N2P/2N5/2B5/B7/8 w - - 0 1,2,József Michló
2c2dfd23,8/2K1pppP/4PkP1/5PR1/8/8/5R2/6Q1 w - - 0 1,2,Георги Хаџи-Васков
33142c7c,b3r3/2Nn4/7r/R1P5/3k4/1P2R1QP/n6B/4KN1B w - - 0 1,2,Karl Adolf Koefoed Larsen
8084e882,2Q5/1K1pp3/3k4/3p4/3B4/8/8/8 w - - 0 1,2,Микола Олексійович Пархоменко
0817c3a9,N2Nk1K1/1p1RppP1/1r6/1r5B/2b5/3p3Q/7b/8 w - - 0 1,2,S. W. Eckett
dcca382d,bbQ5/5Kp1/1p1P2p1/1P1k4/4NnN1/n1PB2p1/2P3P1/8 w - - 0 1,2,Valerian Oniţiu
bc13c66e,7Q/5Nn1/5RKp/3pN2B/1b2k3/4P2n/2PP2bB/8 w - - 0 1,2,Werner Schmoll
3013f0ce,8/2B2n2/3PRPpR/2Q1r1N1/3N1k2/7P/2P4K/3B4 w - - 0 1,2,Carl Primus Wahlmark
46947b2d,8/8/8/8/3p4/p7/3Q4/kbK5 w - - 0 1,2,Fritz Freimann
380f6082,8/K1k5/8/8/3QN3/8/8/8 w - - 0 1,2,Зеновій Гнат
61711feb,6Q1/3N4/6K1/8/3k4/8/2BP4/8 w - - 0 1,2,Bogusz Piliczewski
9da02c1f,1R6/p7/1pk1PR2/4P2n/P2p1pp1/4N1Pp/5p1Q/5B2 w - - 0 1,2,Paz Einat
1420d6b3,2N5/8/Bpn2K2/1RqkP1N1/2nPp3/2Pp4/P4R2/1Q6 w - - 0 1,2,Виктор Васильевич Загоруйко
3461c283,QR6/2ppbp2/2p1k1Np/1PB1P2n/3KN1P1/8/8/8 w - - 0 1,2,Joseph C. J. Wainwright
35b73f0f,4q3/8/1n2Q1N1/3p4/r3P2r/3k4/N7/1nRK2B1 w - - 0 1,2,Marcel Segers
ea494e0a,7K/1N4R1/8/4k3/3N2nR/B3n3/B3Q3/8 w - - 0 1,2,Charles Dingee Pennock Hamilton
7da4efe5,2R4r/5Q1p/R1B5/2k1pp1K/1p6/1n6/qN3N1B/3r4 w - - 0 1,2,Н. Е. Ратников
7ba363ad,8/5B2/5p2/8/3pk3/8/5QP1/2K5 w - - 0 1,2,Wilhelm Friedrich Martin Steinmann
16a3f834,8/N5bR/2p1Q1pB/p5rr/Nk6/1P6/Knn5/8 w - - 0 1,2,Леонор И. Гулак
e5c72658,4RN2/5pB1/1Q2r1P1/5kP1/n4P2/6PK/1b6/7B w - - 0 1,2,Gheorghe Căliman
f6bbc80a,K2B1n2/p1N3p1/r1p2p2/2N1k3/1pP1B3/2p2qPb/4Q3/3R4 w - - 0 1,2,Ernest Haslam Harvey Jerrard
a2a5c107,6b1/Bp1N2p1/1Q2P1P1/1P1k2NR/3P2K1/bPp1pRp1/4q1B1/3r4 w - - 0 1,2,Comins Mansfield
fce23687,8/5K2/b1p5/R1bk4/1n4R1/nrp5/B2qP2B/1NrQN3 w - - 0 1,2,Eeltje Visserman
a7e0c0a5,Bn6/6B1/p3PR2/4nK2/2Pk2NR/1PpN1p2/2P2p1r/r2Q4 w - - 0 1,2,Виктор Иванович Чепижный
49c34165,1B3Q2/1pr1r2B/1R4n1/2Pp4/RNPkP3/1P4P1/3P4/2K1N3 w - - 0 1,2,Henryk Kroc
0786066b,2B5/8/3P1p2/2QpkpbK/6rp/2N2RP1/2b1P1r1/B2qR3 w - - 0 1,2,Hendrik Prins
614eb043,4b1N1/B3Rp2/Q2p1b1r/P2kn3/2p4r/K2n2qB/3RPN2/8 w - - 0 1,2,Tibor Vész
92264077,2b4Q/4pR1N/4P3/2p2P1B/5k2/K1N1p2R/4p2P/4br2 w - - 0 1,2,Eduard Mazel
86500f01,5RK1/8/3p1N1p/3P3R/5k2/3r1r2/5P2/1B3Q2 w - - 0 1,2,Emil Klemanič
1146283e,4B3/4r1Pp/2q2p1k/r4R2/5N2/5p1K/b2N4/2B3R1 w - - 0 1,2,Jacobus Haring
0ef30eeb,8/1B4p1/3BppQ1/2R4p/n1pkN1b1/P1p5/rb2P2K/5N2 w - - 0 1,2,Владимир Алексеевич Ерохин
f7739089,4r3/1B1NP3/4N1R1/1n3k2/8/8/Rp4K1/b7 w - - 0 1,2,Отто Бурр
74d770c9,8/3p3K/8/3B4/q2bN3/1pp1B2R/4k2n/2Q2bRr w - - 0 1,2,Дмитрий Николаевич Банный
25343c0f,Q7/8/5Pp1/KRRNpp2/4k2N/p7/5B2/3r1B2 w - - 0 1,2,Владимир Алексеевич Ерохин
8f2f179d,1Q2R1Kn/B7/5Np1/4p1nr/R3pkPP/4p1pP/2N3P1/b2rq3 w - - 0 1,2,Daniel Joffart
e5b6b08d,3n4/k2K4/8/8/8/8/7R/rR2Q3 w - - 0 1,2,Andor Rózsa
a381e31d,8/8/8/8/2k5/PNN1r3/2Q1P1P1/5BK1 w - - 0 1,2,Gustaaf Josephus Nietvelt
20037956,4R3/4r3/1P4Q1/3P1n2/4Np1n/RBB1k2N/4P1b1/3K4 w - - 0 1,2,Борис Iванович Муха
98b5add7,8/8/8/8/3p2Q1/3P4/1K2p3/1N1k4 w - - 0 1,2,Pehr Henrik Törngren
62effb16,5q2/2rn1p2/3Q1b2/1N3kPB/R7/Kprn4/1P1BR3/8 w - - 0 1,2,Jan Jacobus Ebben
30aeaaaf,bq2rR2/2b1n2K/6p1/R1B2NkN/7p/r1n4P/3PB3/Q7 w - - 0 1,2,Matti Arvo Myllyniemi
037fe485,8/8/B1nK4/B7/k7/2Q5/8/1b6 w - - 0 1,2,Peter Vogel
1a071c31,2B2qb1/1p1rbn2/2k5/Q2p1n1r/3pPB2/1K3N2/8/6R1 w - - 0 1,2,Mariano Madeo
ca794de9,7R/3bp1Q1/3k4/8/N3B3/8/3K4/2R5 w - - 0 1,2,Ernests Gīze
3058920a,8/5p2/3p1P1Q/8/NN2k1B1/1P6/8/5K2 w - - 0 1,2,Mór Ehrenstein
2d9c9813,3K2B1/2rPr3/R1PkPQn1/1P1p4/N7/8/8/8 w - - 0 1,2,John Ormerod Scarlett Thursby
7ceda845,8/4r2p/3Rn1pP/4Nk2/3B1PNb/3P2RB/b4P1P/2Q1K2n w - - 0 1,2,Marian Wróbel
27d4d22c,8/2N4B/2Rppp1R/1p3rP1/b3kNp1/pr1p2KP/Q2P4/B7 w - - 0 1,2,Ralf Krätschmer
ed35faf7,1N5B/1b4n1/1P5r/3B1nq1/R4bR1/1p1kp2N/1P1p4/1K1Q4 w - - 0 1,2,Фёдор Иванович Рогожин
3b9523b8,1K6/1Q6/R2PpP2/N3k3/2P1N3/5R2/8/rb2r1B1 w - - 0 1,2,Julius Buchwald
1808e70c,8/b2nQn1b/8/7r/2NkBp2/BPp4p/5K2/8 w - - 0 1,2,Huibrecht van Beek
bb5ffd18,Q7/2NpB3/2P3p1/3R1bP1/1N3k2/1pr1pP2/1P2P2K/8 w - - 0 1,2,Валентин Алексеевич Туроверов
73ecaf64,2n5/1P5R/1P1k4/5R2/6K1/8/8/8 w - - 0 1,2,Werner Speckmann
e5d91bc6,7R/K1k5/5N2/1Pn1P1p1/p1r5/b3B3/6NQ/1bR4B w - - 0 1,2,Gregory Lewis
7ce27692,8/8/B1p5/2P5/3k1N2/K5P1/5NP1/6B1 w - - 0 1,2,Lorenz Hansen
3d03da45,K7/8/4p3/4Bpp1/1N3rn1/p4nQN/Rb6/7k w - - 0 1,2,Howard Lawton
c8ef721c,8/1PNK4/1ppN4/pbk2P2/3p3b/8/1RPBP3/1qR2Q2 w - - 0 1,2,Евгений Иванович Шаповалов
36073733,3N3B/6n1/rR1N4/1rk5/np5Q/1B1p4/5K2/8 w - - 0 1,2,Ferenc Fleck
c5abbee4,8/3B4/2NP1Pp1/1p1k1pKb/2p1pPp1/B7/1p1N1p2/7Q w - - 0 1,2,Louis Joan Marie Reynders
cf03d713,7B/8/B2npr2/1npp2bR/Rp1k1pK1/3rqPP1/P2PQ3/1N2N3 w - - 0 1,2,Cyril Henry Stanley Kipping
1c92f28d,R1Bbr1q1/Kpk1pb1Q/5R2/5Np1/8/B3N3/8/8 w - - 0 1,2,Cornelis Johannes Oosterholt
b94bb859,3B1nB1/8/3N1R1K/r3k3/r6p/4P3/4RQp1/1b2N1n1 w - - 0 1,2,Владимир Алексеевич Ерохин
d43ee5cc,3b1K2/r1p1PPp1/p1b3Bp/5p2/RB1q3k/7p/5N1N/2Q3R1 w - - 0 1,2,Jean-Pierre Carrez
c67c7108,1N2N3/4k1K1/8/4nB2/Q3n3/8/8/4R3 w - - 0 1,2,Frank Melville Teed
15fcb433,1r2n3/4Q3/8/2PB3p/2Pk1P2/N1p5/1n5r/K1N5 w - - 0 1,2,Jozef Taraba
eea8c81a,1B2NR2/3nPb1q/2Np2rp/r4k2/2Q3pP/p3PPpn/K4bB1/8 w - - 0 1,2,Gyula Tóth
2734601c,2N5/p4p2/5K2/1p1k4/1BR5/2Pn4/1n6/5Q2 w - - 0 1,2,Edvin Alexander Ekholm
0e3f3779,8/2P3n1/2p2B2/2P2p1R/2Q1pkP1/8/5PP1/2K5 w - - 0 1,2,Heinrich Jühe
77800d9d,8/8/8/2K2P2/4kB2/4P3/6RQ/8 w - - 0 1,2,Николай Николаевич Акимов
0d693ffe,1K1k4/1R3B2/3p4/2P2p2/5r2/7r/1p5Q/B1b5 w - - 0 1,2,József Korponai
2b809ae6,4Nb2/4p3/2R5/3R1P1k/p3B2P/Pr3rPK/Q2BN3/4n3 w - - 0 1,2,Paul Köller
79b718ac,8/8/1B2p3/8/4kpQ1/5N2/1K6/8 w - - 0 1,2,Robert A. Lincoln
d4b2ce1f,2N5/4r1p1/1pp3K1/3kpBNR/6Q1/n1R5/3p4/7b w - - 0 1,2,Олександр Борисович Постніков
8cf2110b,1r6/br6/2b1BB2/8/N1N5/3k4/1n6/2K1R3 w - - 0 1,2,Waldemar Tura
fcfe1ed2,bQ6/1BnP4/3RPp2/2K1kPP1/4P1r1/p5P1/1n6/B7 w - - 0 1,2,Guido Cristoffanini
9c695ef1,1rQ4B/1p4q1/n7/2R1N2R/1P1k3P/5PpK/5P2/8 w - - 0 1,2,Ferenc Fleck
8360665b,5bR1/r2kPR1n/2NBN3/6p1/b7/3Q3B/8/5K2 w - - 0 1,2,Richard Kenneth Kujoth
bd9035ec,8/7K/Q5p1/7B/6rB/1P2p3/1R2Ppp1/4Nkb1 w - - 0 1,2,Ladislav sr. Salai
d129eef2,7R/n2NkNn1/2P2R1P/3bp2B/1q5B/Q4p1K/1r5b/r7 w - - 0 1,2,Włodzimierz Suchodolski
573bcb72,3bb3/8/3p1P2/5p2/p4K2/5P1p/R1PP3k/1R6 w - - 0 1,2,Alex Casa
516dff0b,2K5/2p1p1N1/2Bp2n1/1p6/1B1kqP1R/1pR2p1Q/2nPp3/4Nr2 w - - 0 1,2,Arthur Robert Gooderson
da23547d,4R3/8/2P1rp2/2R1nN2/2p1kb1P/2P3p1/2K3N1/1Q1B4 w - - 0 1,2,Вячеслав Георгиевич Копаев
59b67954,2R5/2b4Q/8/3p4/br1p4/Kp2B3/2N2R2/1kN5 w - - 0 1,2,Abdelaziz Onkoud
fd32112b,8/5k1p/2p2N1B/2Q5/4K3/8/8/8 w - - 0 1,2,Ramil Səfərəliyev
687ff179,1nr5/pR1p1ppb/2kP4/r1NR1p2/4Q3/5B2/5B1b/2nK4 w - - 0 1,2,Christopher Bennett Becker
0d777720,5nQ1/6P1/5B2/2R5/5k2/2R2P2/8/4K3 w - - 0 1,2,Donald Lebeck
1567742c,2K5/2B5/R7/2k1p3/4P3/3B4/8/8 w - - 0 1,2,Олександр Гнатович Жук
5f532416,7B/3K4/8/3k4/1Pp1p3/3N3P/3q4/7Q w - - 0 1,2,Sámuel Gold
14dcf876,3r1N1q/1p2R1pQ/1P6/1KBkNpr1/3P4/2bP1p2/2P3nn/3B4 w - - 0 1,2,Miguel Uris Escolano
7dd1a96a,6Q1/3p4/3p2Np/2pR2n1/2Rn2kP/3P4/4PB1K/3B4 w - - 0 1,2,A. F. C. van der Linden
ae627c8f,8/8/4N3/8/8/3k3B/KQ6/8 w - - 0 1,2,Альберт Серапіонович Шахназарян
9d972cda,4N3/2p5/2K1Q3/3N2R1/n1k3P1/P1p1P3/2P5/7q w - - 0 1,2,Hércules Colonelli
bb4a6e58,8/2PN4/P7/1N1k1B2/K7/8/8/8 w - - 0 1,2,Werner Speckmann
d6c0ba8c,B5n1/b2rNNK1/6Q1/7P/3k3r/1PR3pb/4p3/2n1B1q1 w - - 0 1,2,Halvar Hermanson
12a76434,8/8/K7/2k1bp2/1N1R2p1/2p5/p2N2p1/q1nQ4 w - - 0 1,2,Andrej Anton Uršič
fdbe70e7,5QB1/8/8/3r4/1PNkp3/P5p1/P2PK1P1/8 w - - 0 1,2,Puiu Popescu
99a21e2d,2b5/1p2p3/pB2P1K1/6Nn/Q1P1Pk2/8/1p3N1P/8 w - - 0 1,2,Andris Virtmanis
f8190fc3,5b2/1Qpr4/8/KNk1B3/b1P3q1/pp1p4/6r1/2R4B w - - 0 1,2,Imants Ķīsis
2a518b6e,1r6/8/q7/br1Np1B1/3p4/5P1P/2P3RK/RB1k2NQ w - - 0 1,2,Bruno Colaneri
dfe400cb,4N3/2BKP3/3p1rBR/4krPN/8/5pn1/2PQp3/8 w - - 0 1,2,Karl-Heinz Ahlheim
bc2462db,8/2PK4/3B1pQ1/3k4/2p5/4P3/r7/b6b w - - 0 1,2,Joseph A. Coultaus
97b95c1c,8/4pq2/Kp2Rp2/2Pk2P1/6N1/2P2NRB/8/6BQ w - - 0 1,2,Eeltje Visserman
f26e07da,4B3/2Q5/2RB4/5N2/4k3/8/8/5K2 w - - 0 1,2,Mečislovas Rimkus
43d4acdd,3NnbNQ/3b4/5p1p/RnpkP3/1PpP3R/2p1K3/7B/8 w - - 0 1,2,János Csák
565ab51b,1b1B4/1p5N/1Pq1p1B1/2P1krP1/2Q5/2K1Pn2/8/8 w - - 0 1,2,Jakob Fehlmann
7b8229ac,K1Q2b2/7B/3pp1N1/3k1n2/1p1P2R1/3N4/b2n4/1r1R4 w - - 0 1,2,Herbert Siegfried Oskar Ahues
496fa998,1Qn5/5pq1/K1N1p2p/5k1P/p1R2NpB/6p1/2b2pB1/6bn w - - 0 1,2,Josef Burda
db86ca15,K1N1B3/BQ6/5r1b/5r2/1Nkpn3/3p2p1/PP3p2/3R3b w - - 0 1,2,Jakob Freivogel
ded57f19,8/8/3R4/1N6/5k2/4N3/8/5K1Q w - - 0 1,2,José Ernesto Coutinho
a96b5999,3bbr2/6n1/6n1/Np4p1/3B3N/1PRBPp2/1KPk1P2/R7 w - - 0 1,2,Bernt Christer Jonsson
7f9f2b75,2nN4/6pK/3p2p1/b1pk3N/4q3/1P1pP1B1/1n1P4/Q4R1B w - - 0 1,2,Frederick Richard Gittins
c7ec481f,3n4/1R1K2R1/6p1/rp3kPp/3B1P2/4pPP1/1PPbN3/rB3N1n w - - 0 1,2,Antonio Tarnawiecki
7908f25c,4r3/8/nQ3p1N/1K2k3/2PppN2/7R/1b4q1/3R2B1 w - - 0 1,2,Edward H. Courtenay
5c39cf5b,5N2/p6b/2QB4/pRK2kPp/2N3pP/3r4/r1q2P2/1B3R2 w - - 0 1,2,Алексей Ф. Соловьёв
2aeeab92,3b4/1B4n1/3B2RN/2Q3p1/4K2p/p6p/Rr4kN/5b1r w - - 0 1,2,Allison Howard Goulty
05fde7e8,8/2p1p3/5pK1/1Q1pNP1B/4k3/2PNPRp1/nPr1b2b/5n2 w - - 0 1,2,Валерий Юрьевич Шаньшин
a81cb839,4Kb2/3N4/3pk3/5N2/8/7P/3Q4/1b6 w - - 0 1,2,Johannes J. Colpa
320fe901,4R3/5p2/Q3nk1K/1P6/4Pp2/5P2/1R6/8 w - - 0 1,2,Ján Skubák
284e9ab1,5b2/4pK2/4p1QB/R2p4/1k1r1p1r/R2p4/1N6/8 w - - 0 1,2,Lajos Riczu
e88ac965,b2NKb2/q2p4/5pp1/1Q1p1kp1/R5N1/4p3/2p2PBB/3rR3 w - - 0 1,2,Frank R. Ravenscroft
3680989b,r3N2k/7P/8/P3R2R/8/8/8/K1B1N2r w - - 0 1,2,John Francis Ling
3e3144d9,1B1R1qB1/2Q5/1N1n4/2npp3/4k2N/R3Pp2/b4P2/7K w - - 0 1,2,Joseph J. Nidiry
25a69b7f,8/3pK3/8/2B1k1N1/8/5B2/8/6R1 w - - 0 1,2,Orestes Augustus jr. Brownson
09db9b23,2n3N1/6n1/bp3pp1/Rp3kb1/3PpppP/2R5/B2B2PQ/2K2N2 w - - 0 1,2,Vittorio de Barbieri
4e269af4,3b2b1/R1p2kNp/7P/K1BN1r1P/P1B2R1n/Q1P5/8/8 w - - 0 1,2,Cornelis Goldschmeding
0523a47f,1N6/3N4/8/2pkpPK1/P2p4/3Q4/8/8 w - - 0 1,2,Абрам Львович Дзекцер
b1c6b414,6R1/5Q2/5p2/2r5/1r6/3BPk1P/RB5P/3N1n1K w - - 0 1,2,Enguelberto Berlingozzo
3d119c57,8/3pK3/2p1p3/4k3/3p4/1BP1p1N1/3N4/2Q2R2 w - - 0 1,2,Michel Caillaud
580dea11,K5B1/pn1Pp3/q2N1b1r/P1p1k3/3R1R1r/Qp1p4/3p2Pp/8 w - - 0 1,2,Imants Draiska
15801163,5Q2/b1pK2n1/2N1p3/pr1k3r/1p1p4/1P1B4/6b1/2R3n1 w - - 0 1,2,Виктор Иванович Чепижный
9dfc5e15,8/2N1Bp2/8/4kp2/2R5/3K4/8/8 w - - 0 1,2,Григорий Леонтьевич Попов
4d98ba90,8/1N2R3/kp3Q2/N7/8/1K6/8/8 w - - 0 1,2,Павел Александрович Мурашёв
89c51756,1N6/1k6/1B1K4/1BP5/8/8/8/8 w - - 0 1,2,Михайло Теодозiйович Гальма
ee814a1c,2K5/p7/5B2/rR1R1r2/1Nk5/8/2BP1pp1/5q2 w - - 0 1,2,Johan Hilding Laurentius Fröberg
dfe03fb8,8/2Q1N1K1/b3k3/7p/2p1p1p1/2R3R1/3P1P2/8 w - - 0 1,2,Odd Erik Backe
5a2c68d5,K1Nn4/3p4/5p2/3k1P2/N1p5/2B1Q3/8/3rb2q w - - 0 1,2,Werner Höller
6e1c2b9f,3Rb1B1/nNp2p2/2k5/P7/8/5K2/8/1Q6 w - - 0 1,2,Willi Hess
c5fba3e7,8/1p2K3/6p1/2n1k1r1/1N5Q/4N3/3PnP2/8 w - - 0 1,2,George James Slater
18eaa9ed,1K2R3/pB6/r1Pkp1r1/4N3/8/b2N1P2/2pRp1pq/8 w - - 0 1,2,Alexander Pituk
6c327369,1b3Nn1/pN6/n3B3/4k1p1/4p3/2R5/5Q1K/8 w - - 0 1,2,George H. Walcott
88cf429a,2n1n3/5R1B/8/1P1N4/KBk5/2Pr1p2/3PrN2/5Q2 w - - 0 1,2,Gilbert S. Dobbs
d1707c58,8/8/4pp2/Q2Np3/4k3/2P2R1P/4b3/3B2K1 w - - 0 1,2,Joseph Böhm
56488a63,4br2/2R2n2/5B2/RN1kpP1N/8/3B1n2/Kb1pqr2/1Q6 w - - 0 1,2,Arnoldo Ellerman
d56ed0b1,1n2r2b/7r/2N1p3/1kP5/4K2p/3N4/Q1P5/6R1 w - - 0 1,2,Sámuel Gold
ad3e068e,B1K5/p4p2/3R2pP/2P1kN2/r1pn2Q1/3n1RPb/7N/4r1b1 w - - 0 1,2,Paz Einat
a123b840,5Qn1/2R1p3/bp2B1p1/1N1Pk1P1/1K2N3/2P1qp2/2PP4/4R3 w - - 0 1,2,Georg Fuß
1238ae2b,6B1/8/2R2Pn1/1RN1krp1/r7/p4p1N/3P4/n2K2Bb w - - 0 1,2,Alfreds A. Dombrovskis
2c47d928,8/4Q3/8/4p3/nN1k4/8/2KN4/8 w - - 0 1,2,Владимир Пантелеевич Клипачёв
a107fc6c,3R4/8/3B4/1P1k2P1/2p1n1P1/4P1p1/P5K1/1Q6 w - - 0 1,2,Jonas Ephraim Cauveren
1566283d,8/3p4/1BNp2n1/K2k2N1/1p5b/1P6/2n5/Q3R3 w - - 0 1,2,Henri Mendes da Costa
92aa760d,4r3/p6b/K1B1p1N1/1Q6/1p1k1Ppp/2np2bR/R5N1/Br6 w - - 0 1,2,Николай Иванович Бантыш
5c68cfdb,7B/8/3p1nN1/Q1bP1p1R/1PB1kp2/Rn6/3pNPP1/3K4 w - - 0 1,2,Antti Gottfried Ojanen
33f142a2,8/3pN3/2p1rp1K/R4Bp1/1PNk4/p3p1Q1/rn3P2/2R1B1bb w - - 0 1,2,Peter Heyl
220cf6dc,3K4/5p2/2pkp1Nn/2pBr3/2Q2R2/1p6/1N5B/8 w - - 0 1,2,Бранислав Ђурашевић
e9fbcadc,8/1r3PB1/2B2RP1/4k1r1/1Pp1N1b1/5P2/3pNP1b/3Kn3 w - - 0 1,2,Zoltán Labai
50547751,4R1B1/4N1p1/2p2p2/1p6/1Pr1kP1R/2p5/Q2rp3/4N1BK w - - 0 1,2,Thomas King-Parks
4fe1537d,K7/1PNPBP1B/3npn2/p3k3/2R1P1p1/1pP1Q1p1/q2P2rP/bbNrR3 w - - 0 1,2,Євген Фащук
73829d21,6B1/4p1K1/8/1n2B1QP/r3k2r/1n4p1/b3P1pb/5N2 w - - 0 1,2,Frederick Thomas Hawes
fe8df857,4n3/3pK1P1/1Q1pPP1p/3k2NR/bPpP4/r1r3NP/1p4R1/1qb3BB w - - 0 1,2,József Szöghy
0475bf51,6Rq/5Bb1/4N2p/4Pk1n/Q1K1ppN1/6BP/8/5R2 w - - 0 1,2,Luis Gómez Palazón
9adaab90,4R3/2p5/1N5K/8/p1pkN3/2pb3R/Qb1P3B/4r3 w - - 0 1,2,Giwi Mosiaschwili
f14c9cf1,5n2/8/1p4nQ/1K3k1P/4R3/2pR3p/2Pr1P1P/2B4B w - - 0 1,2,Erik Daniel Svedberg
17eaa7aa,1B1K4/1p6/R1q1k3/4P2n/2N5/2N1PQ2/B7/1b6 w - - 0 1,2,Claude Wiedenhoff
a4154433,3N4/1P3P2/8/P2k2K1/8/1P3P2/3P4/8 w - - 0 1,2,Hauke Reddmann
8c8a2712,1b6/3p1Q2/6PK/Rp2N2n/2Bpk3/4P3/3Pp3/B7 w - - 0 1,2,Karl-Heinz Ahlheim
17df43eb,1b1R4/4Q3/2r2B2/p1RPN3/3k4/2nNpP2/4P2K/8 w - - 0 1,2,Klaus Förster
fefaf7e0,3nK2N/Q6p/5p1B/Np2kP1p/4P1pR/1n3p2/4R2p/7B w - - 0 1,2,Emil Palkoska
90e2d887,4r3/1k6/pp3P2/1b5p/3R1p2/P1R2P2/1P4PP/6K1 b - - 0 1,2,
b3e42063,5Q2/pbp3np/1p1pq1pk/1P6/P6P/6K1/8/8 w - - 0 1,2,
09bd5bae,r4r2/p4pk1/1p3nb1/1Rp1q1p1/5p2/2PB3Q/P1PB1KP1/7R w - - 8 1,2,
8c94d864,r3k2r/pp2bpp1/4p3/3pPNP1/1Pq2P2/2P5/P4B1p/R2Q1R1K b kq - 0 1,2,
c41acf3a,r7/pp3kp1/8/2N1R3/1P4r1/P3P3/2P2P1K/5R2 b - - 1 1,2,
66d31edb,1r1r2k1/4pp2/3p2P1/p1pQ2Pp/1q2P2P/8/PbP5/1KBR3R w - - 0 1,2,
faeb8395,8/R1p1kr2/2p5/5r1p/1P1pN3/1P1Pb1Pp/4P2P/4R2K b - - 4 1,2,
e53062d7,3r2k1/1R2Qpp1/p1q4p/8/8/7P/3r1PP1/1b4K1 w - - 0 1,2,
822699fd,1k6/1prr2pp/5p2/8/8/R3Q1P1/P2p1PK1/2q5 w - - 6 1,2,
1e01131a,4r2k/2q4r/2p4Q/p5P1/1p1Pp1P1/2P1N2P/PP6/4bRK1 w - - 1 1,2,
bb7c5ad7,1r2r2k/Q1R4p/6p1/4qb2/8/8/PP3PPP/3R2K1 w - - 0 1,2,
2e7d7bbb,2r2r1k/7n/p6q/1p1nNb2/7P/3P2Q1/PPP2P2/1K4RR w - - 1 1,2,
7a100db5,1k2r3/2p5/8/p2pP3/qPbPRQp1/B1P5/1K4P1/1NR5 b - - 0 1,2,
e7400afc,5r1k/1ppR4/p4qnp/6pQ/5p2/8/P1P2P1P/6K1 w - - 4 1,2,
8c7558ea,r4rk1/1R4p1/p2qp1Bp/2pp4/2n2PQ1/4P1P1/P2P3P/3b2K1 w - - 0 1,2,
b4d70520,4r2k/6np/1q3p1Q/p2p4/1p6/2P4P/PP3PP1/4R1K1 w - - 0 1,2,
7193ff28,2rk3r/pp1n1R2/3B3p/1N1P2p1/4P1n1/8/Pb4PP/R5K1 w - - 0 1,2,
27b57935,6k1/1p3p1p/5p2/2q1pN2/1b6/6P1/3r1PBP/1QR3K1 b - - 7 1,2,
7fbd6f49,5r1k/6b1/2b1pNp1/3pP3/2pP2Q1/1pq1P2P/6P1/5RK1 w - - 0 1,2,
12db8afe,3rrb2/pb4k1/2p4p/1p2p1p1/4n3/P1Pq3P/BP3QP1/R1B1R1K1 w - - 0 1,2,
b20576d3,5r1k/1p5p/p2Q2p1/2pR4/4P3/P1P2rqP/1P4P1/R6K b - - 0 1,2,
51b7696f,6k1/7p/2bP1Qp1/pp6/8/P1Bq3P/1P4P1/7K b - - 3 1,2,
f202797a,rq4k1/4bpp1/2Q1p2p/p6r/1p1N4/1P1bB3/1P2NPPP/R3R1K1 b - - 5 1,2,
82e0882b,8/3Q2pp/6k1/3K4/6P1/8/7P/q7 w - - 10 1,2,
872fc097,5r1k/7P/pp6/q1p5/3pPrR1/1P1B3Q/2P1K3/7R b - - 0 1,2,
6978816e,6rk/p1N2R1p/1n1Q4/2p1p3/8/7P/PPP3PK/4q3 b - - 2 1,2,
9f541155,6k1/pp6/1bpN3p/4P1p1/7q/3Q3P/PP4P1/7K w - - 0 1,2,
423f29e2,2qR4/pp2npkp/2p3pr/8/2P1PP2/1P6/P4RK1/4QN2 b - - 0 1,2,
34017a17,r1b3kr/pp4pp/1bpN1q2/4N3/1P3P2/6P1/PB4P1/R2Q1R1K b - - 0 1,2,
e73c0eaa,1r1r4/2R5/p1b2k1p/4ppp1/8/1P2P3/P4KPP/2R5 w - - 0 1,2,
1d0fb5d3,1r3rk1/p4ppp/6b1/8/2BP2Q1/1PB1R1bP/P5Pq/3R1K2 b - - 8 1,2,
51115961,5rk1/p1p3pp/1p2P3/3Q4/4n3/1NP1P1q1/PP3P1R/R1B2K2 b - - 0 1,2,
3502e7c7,R2q1n1k/1pb3pp/2p2p2/2P1p3/1P2N3/2Q5/1B3PPP/6K1 b - - 0 1,2,
69a9bb2b,7Q/1pp1k1p1/2r3p1/3n1p2/P2B4/5b2/1P1R1P1P/4K3 b - - 4 1,2,
61637530,8/6pk/R6p/8/4n1PK/7P/8/8 b - - 5 1,2,
635e9927,5r2/ppp2q1k/3p2p1/2bP4/4rPP1/1RBQ4/P6P/7K w - - 0 1,2,
94df2a23,2kr3r/1pp5/p1p2Q2/2b2p1P/q1P5/6BP/PP3P2/1K1RR3 b - - 2 1,2,
51d5611b,r3r1k1/1ppQ1pp1/1p5p/1P6/3P4/2P5/3B1PPP/5K2 b - - 0 1,2,
53a3684e,8/2p5/3b2kp/3p2p1/P3p1KP/1P2R3/1B4P1/8 b - - 0 1,2,
4040ff4d,2R5/1p5k/p4qnp/8/1P2Qp2/P2Pp2P/4P1R1/5K2 b - - 5 1,2,
ca7ac114,2r3k1/pb3pp1/1p5p/4R3/5P2/6P1/PP1r2P1/1B2R1K1 w - - 2 1,2,
778f636a,7k/1R5p/r4r2/pp3p1K/5P2/6P1/7P/3R4 w - - 4 1,2,
d8d0a08d,3R4/2r2kpp/p4p2/1p2pP2/8/1P5P/2q1Q1P1/7K w - - 0 1,2,
21a781a6,7k/5pbp/pp2p3/3pP3/1P2b2Q/P3r2P/2r5/6K1 w - - 0 1,2,
413ad82b,5rk1/1p3pp1/5R2/p1p4R/Pn1pP1Q1/3Pq3/1PP3PP/3B3K b - - 0 1,2,
eb5d5bb2,1r2r1k1/1pb3p1/pN1q3p/P1p5/3P4/5Q1P/5PP1/RR2B1K1 b - - 0 1,2,
b4b917b8,4r3/1p4kp/p2Q1pp1/2p5/8/1b2P3/2qNBPPP/4K2R b K - 2 1,2,
a8d26741,7k/Pb3p1p/3p1qp1/6rP/8/1P6/2Q1BPP1/R2R2K1 b - - 0 1,2,
4406933b,1k6/p1p5/6p1/3B4/2Pb3p/5R1P/6PK/4r3 w - - 0 1,2,
3eb02ef5,4N2k/7p/Q5p1/5p2/7q/8/Pr3PPP/R5K1 b - - 0 1,2,
d542e26c,7k/5Qp1/3p3p/p2N2P1/8/1qn3P1/8/K7 w - - 0 1,2,
563cfd55,5k2/p1R2ppp/8/4p3/4Pq2/1R3P2/P4KPP/3r4 w - - 0 1,2,
02555c53,2R5/3r3Q/p2pkpp1/1p6/4P3/3q4/PP4P1/K7 w - - 1 1,2,
33aa6f4a,7k/6bp/6p1/8/7q/8/4Q1K1/8 w - - 0 1,2,
583fb219,1Qq3k1/5ppp/8/5b2/3p4/2rP1B2/5PPP/4R1K1 w - - 3 1,2,
ddd7d106,b5rk/6p1/1qpQR2p/5p2/3P4/5P2/1P4PP/6K1 w - - 0 1,2,
e5924ee7,4R3/P5R1/3p4/7p/6n1/7k/2r5/6K1 b - - 3 1,2,
874bcb05,8/5Rp1/7p/7P/1r1NR3/p1r3k1/K7/8 b - - 0 1,2,
2054d591,4N3/5pQ1/4b1p1/5k2/4q2P/8/1p4PK/8 w - - 3 1,2,
ffa4b70c,8/pR6/2p3p1/knNP3p/7P/1Pq5/P1P2PP1/1K1R4 b - - 2 1,2,
587d2446,6k1/p5p1/2P4p/8/1P2Q3/6qP/P2r1rP1/R5RK b - - 0 1,2,
b188e76b,7k/pp3R1p/1b4p1/1r1B2P1/8/7P/P4P2/6K1 w - - 1 1,2,
6a4f01a7,5rk1/pp4b1/4P1Q1/8/8/4p1P1/Pq6/5RK1 w - - 0 1,2,
6db98cd7,5k2/1b3ppQ/p1q1pb1p/1p6/8/2r1PN1P/P4PP1/1B1R2K1 w - - 1 1,2,
930614e3,6k1/R4p2/4p1pp/3pQ3/3P4/4PqPK/5r1P/8 w - - 2 1,2,
45c6a040,2rr2k1/1p2bppp/p7/4p3/1n2Q3/1P1BBP2/qP1K2PP/3R3R w - - 8 1,2,
77b87e9d,Q7/5pkp/4pqp1/3p4/8/2P5/Pr3PPP/R3R1K1 b - - 0 1,2,
cdea47e4,2b2rk1/3p1pB1/2p1p1p1/2P1Pq2/5Q1R/7P/5PPK/q7 w - - 1 1,2,
9307aecc,1r5N/1p2R1bp/p2k4/2pN3B/2Pn1P2/8/b5PP/6K1 w - - 2 1,2,
8058c6db,5r1k/3bbppP/p2pp2P/q7/1r2PP2/2N1B3/1PPQ4/2KR3R b - - 0 1,2,
b1ec3a33,r5rk/ppp5/3p4/5R2/2P1P1R1/3n4/PP1q3P/6K1 w - - 1 1,2,
2680db42,3R4/pp4pk/8/2p2KP1/8/2r5/P7/8 w - - 0 1,2,
dc82ba99,8/8/3k1p2/5Q2/3q1P2/8/6PP/rR5K b - - 3 1,2,
bac15ea7,3r2k1/Q1p2ppp/4N3/8/8/1Pq2nPP/P1PPR3/1R1K4 b - - 0 1,2,
79cbd275,8/1p5k/p3p3/3pb3/6R1/5Q1K/Pq2r1P1/8 w - - 0 1,2,
e3bfad1c,R7/6pk/3p1q1p/1p1PpP1P/1Pp3Q1/2r5/6P1/6K1 w - - 0 1,2,
e8818e4c,5r1k/2Q4p/6p1/3p4/4r2q/2P1R2N/PP4PP/4R1K1 b - - 0 1,2,
b954d83b,k2q4/1p2QR1p/p1p5/8/3r4/8/PPB5/1K6 b - - 1 1,2,
c79d47c7,6k1/p4r1p/1p3Qp1/2p1p3/4q3/7P/PPPR1PP1/6K1 w - - 0 1,2,
c6c7d063,2q3k1/p5pp/2p5/2Np4/3P1P1B/2P1n2P/Pr6/R1Q2RK1 b - - 2 1,2,
9568bc8b,7k/1R4rp/2p5/3p4/3PnP2/3q4/1p3P1P/6RK w - - 0 1,2,
563da6d0,8/pppk2r1/8/4R3/2P2P2/1P5r/4RK2/8 w - - 3 1,2,
71f1608d,r7/3qbp1k/1p1prn1p/p1p1pN2/2P1P2Q/1P1P3P/5PP1/R4RK1 w - - 0 1,2,
c52698b2,5rk1/7p/1q1p4/1B1P1pN1/R4Pn1/2PQ4/6K1/8 b - - 1 1,2,
5c7a5da7,r2q2k1/ppp2p1p/3p2pQ/1b4N1/3pn3/P6P/5PP1/R6K w - - 0 1,2,
a419a699,8/rR4pk/8/6PK/r7/7P/8/8 w - - 2 1,2,
4210cf1d,6k1/5pp1/2p3b1/2N5/1p2PRn1/1B6/PPPr2P1/7K b - - 1 1,2,
197d7e0a,5rk1/p5pp/1p1q4/2p1b3/2PpQ3/4P2P/PP1B2P1/5RK1 b - - 3 1,2,
78e3d04c,1k6/pPn2pp1/1q6/4Q3/1P4n1/P5P1/3r1PB1/2R4K w - - 5 1,2,
580b238e,r5k1/1p2qrp1/p3p1P1/4P3/5p2/7Q/Pp3PP1/1R4K1 w - - 1 1,2,
a8331a13,1r5k/p1p4p/3p2pP/3Pp1Q1/4P3/4PK2/7q/8 w - - 0 1,2,
14fc39cd,6k1/1p3pp1/2b2r1p/6R1/2PNq3/4P2P/4R1PQ/6K1 b - - 0 1,2,
737f334c,2kr4/5pp1/7p/p3b3/Pp6/1P2B2P/2P1RPP1/3R2K1 b - - 0 1,2,
82acb9f9,r1k5/p1p3p1/bp2qn1p/2b5/2P5/PPN2PB1/3Q2PP/3R3K w - - 0 1,2,
80a14d76,5r2/1p4k1/pQ3p1p/P1P4p/2PRb3/2q5/6P1/3R3K b - - 0 1,2,
5bc84a21,8/7R/4kp2/R6P/4K3/8/1r3r2/8 w - - 0 1,2,
714d392f,5r1k/pQp4p/8/4P3/6n1/P1r1R1P1/6P1/6KR b - - 0 1,2,
de0d8dfb,r3q1k1/pp4p1/3p2P1/3p2B1/7Q/5P2/PPPK1P2/5r2 w - - 2 1,2,
2bce145e,6Q1/2p4p/6pk/2b5/2Bp3P/2q5/Pp1r4/1K4R1 w - - 1 1,2,
c9a2da24,3N2k1/5ppp/3qp2n/p6P/5P2/1Pp1b3/PBP3QR/1K6 b - - 0 1,2,
b8962662,6Q1/7p/1p3p1k/p1p1pP2/1nP2bPq/1P5P/6B1/7K w - - 11 1,2,
028eb86d,r6k/7p/5R1P/4pP2/8/2nB4/5PP1/5K2 b - - 0 1,2,
4eb76156,r2q1r1k/pp1n4/2pp1bp1/5pN1/2P2Q2/3P2PP/PP4BK/4R3 w - - 0 1,2,
61353893,2k3r1/pp1q1p2/5p1p/2bP4/4Np2/3Q1N2/PPP5/3R1R1K b - - 2 1,2,
fcb3a041,5rk1/1R3pp1/3p1q1p/p7/Pp1P4/1B3r2/2PQ2PP/4R2K b - - 0 1,2,
837d9180,2r5/7p/7r/R3pp2/2p1k3/P5KP/5P2/3R4 w - - 4 1,2,
626b0eeb,5rk1/p4p1p/1p3Q2/2p5/8/P3q3/6PP/1R1B3K b - - 0 1,2,
8a3340b1,1R1Q4/6pk/2p4p/2Pp4/3p4/3q1PPb/5P2/6K1 b - - 1 1,2,
ecb9b0a1,4qrk1/3N1p1p/1rp3p1/p3P3/1p2P2R/8/PPP1R1P1/2K5 w - - 0 1,2,
dea346dc,3r1k2/p4p2/2Q2p2/3p2q1/5R2/1P2P3/P3B2r/3R1K2 b - - 0 1,2,
bd2dc140,2r2k2/p1N2ppp/1p2p3/q1n3Q1/2P5/8/P1P2PPP/3R2K1 w - - 7 1,2,
743c16b7,6k1/5p1p/5QpB/p7/1p5P/2qb2P1/6BK/4r3 w - - 2 1,2,
4493455c,3Q4/p1Q2p1p/4p3/5kp1/2P5/6PK/Pr5P/1r6 b - - 0 1,2,
0e15fffe,1br2k2/3R3R/7p/8/8/1P5P/P4PP1/7K b - - 2 1,2,
f51a6696,3r4/2p4k/1p3p1P/p4qp1/3P4/1Q3N2/KPn1r3/6RR w - - 1 1,2,
68f2a481,6r1/p1p1qrpk/1p5p/4Bp1P/8/1P2P1Q1/P2P1PR1/2K5 w - - 3 1,2,
c2f77d4d,5bk1/5Np1/p4B2/2p2Q2/2PpR3/3P3P/q5r1/7K b - - 1 1,2,
45f46869,r3r1k1/5pb1/p2Pp1p1/2p1B1q1/2p2nP1/2N5/PP2Q2R/2K4R w - - 0 1,2,
4006604c,2r5/3Bn1kp/pqb2rp1/1p2Q3/8/2N5/PP3PPP/2RR2K1 b - - 0 1,2,
94a6c615,1Q6/1p2rkpp/1q6/4p3/8/5P2/4n1PP/1R4RK b - - 8 1,2,
0e001a7a,r2q1rk1/2p2pp1/p6p/1pN1pP2/3P1n2/P1P4P/B1PQ1P2/4RRK1 b - - 0 1,2,
38cbce93,8/4Q2R/2p2rp1/5k1p/2qPp2P/4P3/4nPP1/5K2 w - - 1 1,2,
06b0bf62,4r1k1/1p3p2/p2p2p1/P1pP1bN1/2P4Q/8/1q4P1/R5K1 w - - 0 1,2,
997ea424,4r1k1/p6p/1p4p1/5p2/2P5/1BQ5/P2r1RPP/7K b - - 0 1,2,
bdd7be0b,6k1/2N2ppp/5n2/Q3p3/4Pn2/5P1P/2q3PK/8 w - - 0 1,2,
7d536058,5r1r/pp1b1Q1p/3kp1p1/3pq3/3N4/4P3/PP4PP/2R1R1K1 w - - 10 1,2,
7ee79ab6,5r2/1p6/p6k/3p3p/5q2/2P3p1/PP1N2P1/4QR1K b - - 7 1,2,
d331c434,5R2/1q6/p3k3/PpP2pQ1/1P6/2P3PK/5P1P/6r1 b - - 0 1,2,
1284c9ab,4r2r/R7/3Qbk1b/3P3p/2P2p2/5N2/2q3PP/4K3 w - - 0 1,2,
2255418e,1k2nr2/pp1R4/2p5/2P5/5PB1/5K1P/Pr6/8 w - - 4 1,2,
2f9d5b71,r3r3/pb3p1k/7p/3p1P2/2p3Q1/3Bq3/P1P1N1PK/1R6 w - - 2 1,2,
318ab2b1,1r2k3/p3Npb1/3P1P2/2q1PQ1p/1p2b3/8/PPP3P1/1K1R1B1R b - - 0 1,2,
73539ba6,2k2b1r/qpp4p/4p1p1/6P1/5p2/3R1K1B/5P1P/8 w - - 0 1,2,
3891e8cb,k2r3r/p1Q2p1p/1p4p1/1R1qP3/P3n3/B3P3/5PPP/2R3K1 b - - 0 1,2,
98e1c0cb,r3qr1k/1b4p1/pp1pP1P1/2p1b3/P2p4/1P1Q4/1BPP2PP/R5K1 w - - 0 1,2,
769e39cc,r1k4r/1p2nBp1/1B5p/1N6/4n3/8/P1P3PP/4K3 w - - 0 1,2,
1bfe5c5b,r5rk/1bq2pp1/p6p/2p2BQ1/1p2np2/3p3R/PPP3PP/R5K1 w - - 2 1,2,
6ae59a05,5r2/p6p/6pk/4Q3/3Ppq2/6R1/P4PKP/2r5 w - - 3 1,2,
17f9ef70,4kb1Q/5p2/p3b2p/2qN2p1/8/6P1/Pr3PP1/3RR1K1 b - - 0 1,2,
19ea33ae,5r1r/pppk4/4p1p1/3pp3/3q2B1/3P2QP/PPP3P1/R1B2R1K b - - 0 1,2,
4e29aa93,6k1/p4pp1/4p1q1/3b3R/7P/5PQ1/6PK/2r5 w - - 2 1,2,
89519fa4,7r/p3kppp/2Qppn2/q1B5/2p5/1P5P/P4PP1/6K1 w - - 0 1,2,
51e9f846,5r2/pp4k1/q4pP1/3pN2Q/3P2R1/Pb3P2/1Pr5/KR6 b - - 1 1,2,
538c21e5,r5k1/1b3p1p/p5pQ/1p6/5P2/1B1r1PK1/PPP1q3/7R w - - 0 1,2,
e4a1a218,5r2/pp2b2k/7p/2p3P1/2b5/2N3Q1/PP3BPP/2q1R1K1 b - - 5 1,2,
2454e3c4,4r1r1/6k1/6P1/p4Q1p/3bB2P/6PK/3q4/q7 w - - 1 1,2,
04270156,1r3k2/1r3pR1/3p1Q1P/2pPp2R/2P1P3/8/p1K5/8 b - - 1 1,2,
7a58e9c0,4Q3/1pq3k1/p2bp3/3n1pBp/3P3N/1Pr1P3/P4PP1/R5K1 b - - 0 1,2,
10aaac50,6k1/3q2p1/6QR/8/8/P1P5/1P3r1P/2K1R3 b - - 5 1,2,
06f438f4,6k1/p2R1r1p/1p3Qp1/8/8/7P/q4PPK/2r5 w - - 0 1,2,
31e3f9a9,r6r/p3Q2p/2p2n1k/1p6/4P3/5q2/P4P1P/1K4R1 w - - 3 1,2,
3b092554,8/p2R4/1p3kp1/2b2p1p/8/1B3QP1/Pq2rP1P/6K1 w - - 4 1,2,
9be25d69,8/8/p5p1/P6p/3rPk1P/3pqP2/3R2K1/2Q5 w - - 10 1,2,
9cf71250,4r1k1/5ppp/1p1P4/p1p5/P2b1qN1/1Q6/BPP4P/R6K b - - 0 1,2,
efc6a787,4Qr2/1pqnb2k/p2p2pp/1PpP1p2/P1P5/6PP/1B3P2/6K1 w - - 0 1,2,
4d015c1b,2r1k2r/5p2/p1q1pBp1/1pb1P3/3Q2P1/2P4p/PP3R1P/3R2K1 w k - 1 1,2,
5fe3c68f,4Rnk1/6p1/2p3p1/3p2P1/1p1P1Q1P/1P3P2/2PK4/rq6 w - - 0 1,2,
18ad5808,5r2/ppp3pk/2n1Q2p/q7/8/6RP/PP3PP1/6K1 w - - 0 1,2,
245330b0,6k1/1b3ppp/p1r1q3/Qp1pP3/3P4/P5P1/1P3RBP/6K1 w - - 2 1,2,
60040292,8/1p1R3p/p5k1/4Rp2/4bK2/8/r7/8 w - - 2 1,2,
43340712,4r1k1/3qb2n/1rp2p1P/pp1p4/3n1PP1/2N5/PPQ4B/1KR3R1 w - - 0 1,2,
3e010040,1R6/8/8/4q3/8/8/k1K5/8 w - - 1 1,2,
347efdcb,8/8/R7/5kp1/1R1b4/p5PK/5r1P/8 b - - 1 1,2,
96e0e1d6,r1b3k1/p4rpp/1p2N3/5p2/1P2pb2/P3PnP1/1B3P1P/R2R3K w - - 0 1,2,
5cd25d6a,8/R7/2p3p1/P2bR2p/3P3P/6Pk/r4P2/6K1 b - - 4 1,2,
a2599be0,4Q3/p2q2kp/2p3p1/8/3p1P2/7b/PP3P2/4R1K1 b - - 0 1,2,
4267f651,3r1r2/pb2qpkp/1pp3p1/3nPp2/3P4/P4BPR/1P3PP1/2QR1K2 w - - 0 1,2,
66de3d62,rn1q1r1k/p1b3pp/2p4N/P2pp3/1pPP1QP1/7P/1P6/R4RK1 w - - 2 1,2,
52ee2983,r3r1k1/pbp2p1p/1pq2B2/8/2P5/P2P4/1P3PPP/R2Q2K1 w - - 0 1,2,
dd2a1d0f,r4r1k/6pp/8/8/1Q6/P2PB3/1Pq2PPP/RN4K1 b - - 0 1,2,
62784f70,r4rk1/pp2nRpp/2p4q/8/3P4/P1P4P/b4QP1/5RK1 w - - 0 1,2,
20688896,7k/5Qp1/7p/8/q6P/8/5PP1/3r1RK1 b - - 0 1,2,
4c0eb5a2,r1b4k/p5p1/1p5p/3Q4/P2N1qn1/2PB4/6PP/R5K1 w - - 1 1,2,
1fd203c0,2k2r2/2n3b1/3Qp2p/6p1/1R1P4/3qB3/6PP/2R3K1 b - - 0 1,2,
79845ac7,r5r1/5qpk/3R2Rp/2p4P/3pP3/p7/bPPQ1P2/2K5 w - - 0 1,2,
e619342f,4r3/5p2/1R3bk1/p6p/7P/1P3BP1/P1P5/1K6 b - - 0 1,2,
74bd4cc5,5k2/p4ppp/2BP3r/2pP3q/6b1/4Q1P1/P4P1P/1R4K1 b - - 0 1,2,
bab62203,6k1/4p2p/n3P1r1/3P2q1/8/2Q3p1/5R1P/6K1 w - - 0 1,2,
bd073194,r5k1/1b2Bp1N/p1n1p1p1/1p6/1P6/P2r1PP1/4B1K1/2b4R w - - 0 1,2,
96ff4cce,1r3k2/2N2pp1/7p/4R3/8/1r1b3P/5PP1/4R1K1 w - - 3 1,2,
ae5461e2,3r1rk1/pbpq1pp1/1p1bp2p/8/P2PNn2/2PQ1N2/1PB2PPP/R3R1K1 w - - 9 1,2,
b168c5ec,r6r/5p1k/pp2p1pb/3pP3/3q4/1P5R/2P2PPP/R1Q3K1 w - - 0 1,2,
10f7324d,r5k1/2p1Rpp1/p7/1p6/1P2Rq2/1Q5P/P2r1PP1/6K1 b - - 0 1,2,
78ded45f,r1b3k1/ppq1r1p1/6Bp/3pb3/8/2P1B1P1/PPQ4P/R4RK1 w - - 0 1,2,
b51674e5,1k2r3/1pp2p2/p1p2P1Q/6B1/8/3p4/Pq3PP1/4RK2 b - - 1 1,2,
984669ef,5k2/1R4p1/p3K2p/5p2/3rp2P/8/5PP1/8 w - - 0 1,2,
319d5b59,6k1/p3B3/2b2bPQ/q1P5/8/P2rp3/8/5R1K w - - 0 1,2,
e6848fb9,4Q3/6pk/4p2p/3b4/P7/1q5P/6P1/5R1K b - - 0 1,2,
1fa444c4,2k4r/2pq1ppp/1nQbpn2/1P6/3P1P2/4B3/6PP/R4RK1 w - - 6 1,2,
4bd42e4b,4r1k1/2p2p1p/1p4p1/pq1R4/1P6/P1P2QP1/5P1P/6K1 b - - 1 1,2,
d1e57573,5qk1/2N3bp/Q5p1/B3pr2/3p4/7P/P4P1P/5RK1 b - - 0 1,2,
81c1a03b,7r/p2R4/4k1p1/4p1r1/8/2P2PqP/PP4P1/3R3K w - - 0 1,2,
205572ff,8/5ppp/R7/4p1k1/1B1n4/8/5PPP/2r2NK1 b - - 2 1,2,
5f6cff21,3r2rk/pp3pq1/2b1p3/4Q3/3P4/P1PB1p1P/5R1K/8 w - - 2 1,2,
08306c3f,r6r/p5k1/2p1pp2/q1NpB1pQ/3Pn3/2P5/PP3P2/R3K3 w Q - 0 1,2,
917d63f6,6k1/4bp1p/Q1p3p1/P3p3/2P5/7R/1P1rqPKN/R7 b - - 0 1,2,
64b941af,5rk1/pbq3pp/2pbp3/3p2N1/3P4/N1P5/PPQ3PP/5RK1 b - - 6 1,2,
2b5ab41b,6k1/b4pp1/1qp4p/8/1P6/P2Q2NP/5PP1/6K1 b - - 1 1,2,
465505bc,8/3B2R1/1k1B4/5p2/1P2bP2/1K2n3/2r5/8 b - - 5 1,2,
50afeab5,3k4/2p3p1/1p6/pP1PPQ2/4n3/8/4K1P1/2q2B1r w - - 0 1,2,
14847d3c,6kr/1p2Rr1p/p2p3Q/2n5/2Pq1PP1/8/PP6/2K4R w - - 0 1,2,
c3268f76,8/5pp1/pp3k1p/2p2P2/Pr2RKPP/8/6P1/8 w - - 1 1,2,
e639a678,r1b2rk1/2q1bppp/p3p2n/1p4N1/4N3/1P1Q4/P1P2RPP/R6K w - - 0 1,2,
820e8fad,r5k1/ppp4p/3q2pB/4n3/8/PR2PP1b/2P2P1P/Q2R2K1 b - - 4 1,2,
60e7d55f,5r2/p5bk/4Q2p/2pp4/5q2/2PP3P/PP3rR1/R5K1 w - - 0 1,2,
da3f2c5a,1k5r/1ppQ3R/p4pn1/4p3/1P2P3/1KP2P2/P4q1P/8 w - - 0 1,2,
8dc4a463,8/pp6/8/3P1Qpk/8/2P2NB1/PP2qPK1/4r3 b - - 2 1,2,
22bf3c32,6R1/8/3r2p1/p2p2kp/P2b4/1P1B1KP1/4R1P1/8 b - - 9 1,2,
25534980,3r2k1/5p1p/2P2p2/1P6/P3q3/5P2/2Rp2PP/3Q2K1 b - - 0 1,2,
7e8b4037,2r4k/5p1p/3p2P1/4p3/1p1pPbR1/qP1P1P2/P3QP2/1K5R b - - 0 1,2,
8a91991d,2r2r1k/2n2p1P/6pP/4p3/1q2P3/1p2B3/2PR1Q2/4K3 w - - 0 1,2,
ecc75a48,2k4r/1pp5/p1r2pN1/1q1p3p/1P1P2b1/P3P3/3Q1PP1/2R1K2R b K - 3 1,2,
30520f78,r4rk1/pp4p1/n1p2pq1/3b4/5R1R/7Q/P1P3PP/7K w - - 0 1,2,
d2eeeca2,2R5/4Qbk1/p2p2p1/1p3rPp/5P1P/P7/1P5q/1K6 w - - 2 1,2,
b5be124b,r3r1k1/pp2ppb1/2p3p1/7p/2PP2n1/1P3BNq/P4P2/B1RQR1K1 b - - 0 1,2,
70532cc3,3r2k1/4qppp/p3b3/1p2P3/1P1pQ3/P1rB3P/5PP1/R3RK2 w - - 2 1,2,
ecf567e3,8/8/3R4/P3pkp1/2pp4/r4P2/5KP1/8 w - - 3 1,2,
a02fce59,8/8/8/1P3R2/6P1/6kP/1r6/7K b - - 0 1,2,
dbac9f3d,5rk1/3P4/6p1/3Pp3/4P3/6bB/2Q2P1q/1R2RK2 b - - 0 1,2,
514c36f6,q7/4Pp2/p3p1k1/1pp3P1/8/3P1Pp1/PP6/R1BQ1R1K b - - 0 1,2,
0a0a7d52,5rk1/1R3ppp/1p6/3B4/p1P5/P4Q2/KPn3P1/6q1 w - - 2 1,2,
6a14c0a9,r1b4k/pp3Qpp/2p2b2/2q2p2/8/2N5/PP4PP/R1B4K w - - 1 1,2,
b13ad839,4r1k1/p4p1p/Pp4p1/7q/2pQ4/2B2PP1/RP2b2P/5N1K b - - 0 1,2,
b7c42847,4rq1k/ppp3p1/6P1/3Q3p/7P/2P1p3/PP5r/3RK3 w - - 0 1,2,
4c6b836d,1k1q4/p3rp1p/BpQ5/6p1/3b1p2/3P4/6PP/2R4K w - - 3 1,2,
b430dea5,5r2/1p3p1k/p1b1p3/8/5n2/8/PPP3R1/2KR4 w - - 0 1,2,
eb880d9e,5k2/R7/3Pb1Kp/7p/1P6/3n4/5r2/8 w - - 4 1,2,
74e84cb7,6k1/1p3pp1/p3n2p/3QP1b1/1P1P4/PB6/6PP/2q2RK1 b - - 1 1,2,
d6c99236,8/8/4bk2/2bB4/R3K1p1/4P3/6P1/8 b - - 5 1,2,
ab8823ab,6k1/pbp4p/1p3p1B/6p1/2P3Q1/P1q1nP1P/6PK/4r3 w - - 2 1,2,
517ca5bd,6rk/bp1P2r1/5N2/p2P4/2p5/PBP2P2/1P5P/4R2K b - - 1 1,2,
9a1bde04,8/2Q3bk/2p2q1p/N1P4P/6p1/6N1/2r2PP1/1R4K1 b - - 0 1,2,
0012b952,5k2/1Q6/p1p2p1p/P1P1p3/1P1bP1q1/3P4/2R5/5R1K b - - 1 1,2,
81423e95,5r2/1R5p/3p2pk/8/4BPP1/3P2KP/1r6/3q4 w - - 0 1,2,
895a97c4,7k/p1R3rp/3B4/8/3P4/3b1P1P/PP3qPK/8 w - - 0 1,2,
4f250b7b,1rb3B1/3p2p1/p1pN2k1/1p3R2/3P4/7P/P4nPK/1r6 w - - 8 1,2,
b4198500,1r3k1r/pQ2pp2/n3bb2/8/5P2/2P3R1/q5PP/3R3K w - - 0 1,2,
462022eb,k2r4/r7/Q7/7p/8/7P/P1R3PK/3qq3 w - - 3 1,2,
e7a92866,2r3k1/5ppp/p4qb1/1p2R3/3P2P1/5N1P/PP2Q3/6K1 w - - 1 1,2,
076336c8,8/p5pp/4Qbk1/8/3P2P1/4P2K/5r1P/4q3 w - - 12 1,2,
06c611fd,8/P1k5/3p3p/2p2pp1/2P5/RP4PK/1r5P/8 b - - 2 1,2,
08076761,7k/r4prp/p3p3/3nP3/3P3Q/6R1/1q4PP/5R1K w - - 0 1,2,
fb0f9b51,7Q/kpp2P2/p6p/6r1/4q3/P4P2/7P/R5RK b - - 0 1,2,
b7e52225,2k4r/pp5r/2bp4/1P2pP2/6B1/P2Pq1pP/2Q3P1/2R2R1K b - - 2 1,2,
f5e214b2,8/6pk/2R4p/8/4n1PK/7P/8/8 b - - 4 1,2,
2f158874,r4rk1/3b1p1p/p3p2p/n2pP3/P1pP1R2/q1P5/3NB1P1/5QK1 w - - 0 1,2,
1d350f82,r4rk1/ppq2ppp/4P3/5N2/3Q2P1/1P1p3P/P7/R2K1R2 b - - 0 1,2,
3615a649,1R1r2k1/5pp1/p3p2p/2p1PP2/2P3P1/5q2/7P/3R2K1 w - - 0 1,2,
005e60e8,7r/p1p3k1/Pp2Pppr/4R1q1/R7/2PB3P/2Q2PP1/7K b - - 0 1,2,
e820bb5a,2r3kr/3Qnp1p/1p1N1bpB/2p2p2/7q/8/PP4BP/4R2K w - - 4 1,2,
8c0b9af1,6k1/p1qbbpp1/4p2p/4P3/3p4/3Q1N2/P4PPP/1B4K1 w - - 0 1,2,
0a9f3b6f,2k1r3/R5p1/2pn3p/2N5/P4bPP/1PB2P2/1KP1q3/8 w - - 1 1,2,
7cf2b635,8/2k5/8/2qQp3/4B3/pP4P1/P1P4P/1K6 b - - 10 1,2,
ac91db5d,1k6/p1p4p/1p2q3/1Rbp4/6P1/4P3/P1P2KP1/1Q5R b - - 0 1,2,
4b88d8ea,r3qk2/1p2bppQ/2p2n2/2P1B3/1P3P2/4P3/5P1P/3R2K1 w - - 2 1,2,
33bbddfe,5k2/1p1r1pp1/p3p2N/P7/8/6Q1/1qb2PPP/5RK1 w - - 1 1,2,
bfebc57e,2r3k1/2q3pp/3bp3/p4pN1/Pp1Pn2P/3QP3/1P1B1NP1/4R1K1 b - - 0 1,2,
71f6ed9c,7k/p5pp/3b4/2pQ4/3p4/PP5P/1B2KPP1/1q6 w - - 7 1,2,
e1629719,4R2r/p2Q1ppk/bpp4p/8/2P5/NP5P/q4PPK/8 w - - 2 1,2,
155ff7bf,r7/1p5k/2nbq2p/p1p1p1pQ/2PpP2n/P2P1P1P/1P1B1P2/1R2RN1K b - - 0 1,2,
72ae9a02,4r1k1/p4qpp/1p3B2/2p5/2P3Q1/1P2b1P1/P3N2P/R6K b - - 0 1,2,
f0a8550e,3r2k1/5ppp/q1Q5/2R1P3/1P6/2P5/1r3PPP/5RK1 b - - 0 1,2,
8e588dbf,4r3/pp3q1k/2n3p1/2b5/8/1P3PR1/2P2r1P/Q6K w - - 0 1,2,
c9467cb7,2N2r1k/p4ppp/8/1R2Q3/P2p2q1/8/P4PPP/3R2K1 b - - 0 1,2,
ac689772,5n1k/ppq3pp/8/5N2/2pPQ3/2P1Br1P/PP3P2/R4R1K b - - 0 1,2,
ae53b019,4r1k1/p2R2pp/4N3/1r2N3/8/7P/6PK/8 w - - 2 1,2,
3bfabed6,Q7/3k1pp1/p3p3/4P3/P1pP4/b7/q1B2PPP/6K1 b - - 0 1,2,
6d152b7b,5q1k/6pp/4Q3/2p1p3/2B1P3/2P5/1r4PP/R5K1 b - - 2 1,2,
c36b43bf,5R2/1q5k/5pp1/2QPp2p/2P1P2P/5NPK/r7/8 b - - 2 1,2,
1e8e2e1a,2r3rk/pb5p/4N3/R4Q2/2p5/5P1P/4q3/7K w - - 0 1,2,
0a1cfd61,3r1r2/2p3k1/p3p1pp/2p1P3/2P3Q1/6RP/P4qPK/8 w - - 0 1,2,
d7fd9816,rnb4k/pp3rpp/5p2/2pQ4/2P5/P3P3/1q3PPP/R3K2R w KQ - 0 1,2,
7107a7a4,5k2/pp2p3/3p1r2/2pP4/2q1PbR1/2N5/PPK5/6R1 w - - 0 1,2,
ad7af669,2r4k/3R1Qp1/pq4np/1p2p3/8/6B1/PP3PPP/6K1 b - - 3 1,2,
f59d3f39,6k1/5p1p/p2P4/2P3p1/3B1b2/1P3Q2/5PK1/1q2r3 w - - 1 1,2,
8248134a,1b2Rrk1/p2P1ppp/8/5K2/2r5/7P/P7/8 w - - 0 1,2,
8c57f6ba,8/7p/p4p2/3Qp3/1k1p4/1P5P/1q3PPK/8 w - - 7 1,2,
95cdea68,r4r1k/pp2Q2p/6p1/5b2/1nB1p3/8/P2q1PPP/1R4K1 w - - 0 1,2,
d6b66d4c,4r1k1/p3rppp/1p1q1n2/3B4/3Q4/2PR3P/PP3PP1/3R2K1 b - - 0 1,2,
1bfa2541,2r5/3p1B2/p4p2/1p2bNk1/4P1p1/PQ3P2/1P5r/5KR1 b - - 3 1,2,
8b64ef12,2k1r2r/5pp1/2N1p3/Q6p/P3bP2/1q5P/6P1/2R2R1K b - - 0 1,2,
dcead972,2r1r1k1/p2n1pp1/1p2p2p/8/2PPPqn1/P2B3P/1B2Q1P1/2RR2K1 b - - 0 1,2,
959cf193,6k1/1R6/p1R4p/P2p1p2/r5P1/6PK/3r3P/8 b - - 0 1,2,
01fa627d,r4r1k/1pb3pp/p2qbp2/2Bp2n1/1P6/P2BPN1P/5PP1/2RQ1RK1 b - - 3 1,2,
4bd9ba33,1r1q2k1/5p1p/2p1p1p1/3pP1NP/pP1P1QP1/r7/2p1bP2/1R4K1 w - - 0 1,2,
aeefd42d,6k1/1R3p2/3p2pp/2pK4/4Pb2/r1B5/3Nb3/8 w - - 2 1,2,
a4b8e807,8/Q4p1k/6pp/5q2/1P4n1/P4N2/5PP1/6K1 b - - 0 1,2,
430eec33,r4rk1/pb5p/1p2p1p1/2p1b3/P7/1PNP2P1/3B2BP/R5KR b - - 0 1,2,
0125ec01,6kb/5p2/pq1p1Bp1/3P4/6n1/3B4/Pr4rP/4RR1K w - - 0 1,2,
ebff9513,7r/pp3p1k/2p1b1p1/5q1n/6N1/2P1Q2P/P1P2P1K/3R4 w - - 1 1,2,
b09ab7d0,1Q6/1p5p/1k4p1/1pp1Bp2/8/KP1r4/P3qP1P/3R1R2 b - - 8 1,2,
f2afb85b,7k/5Q2/1p1bN2p/p7/8/2P3PP/P6K/4q3 b - - 0 1,2,
d3285cb2,R7/8/8/8/8/5K1k/p5p1/1b6 w - - 0 1,2,
49195d8e,8/5pk1/2N3p1/7p/2R2Q2/5P1P/6PK/3qr3 b - - 7 1,2,
825c8719,3rkbn1/pq2p1p1/2p5/5p2/5B2/6P1/P3Q3/3RK1R1 w - - 2 1,2,
71069f9b,7k/5RRp/p1p2p2/K7/7r/2P5/P1P2PP1/1r6 b - - 13 1,2,
d3927eed,3r1r1k/pp4p1/2qb4/5p2/3B4/2P1Q1P1/5P1P/4R1K1 w - - 2 1,2,
dab37778,7b/1p1k4/p3p1P1/2rp1pBQ/8/1P6/K1R2P2/4R3 b - - 0 1,2,
9b73b92c,4rk2/pp3p1n/2p2n2/4qN2/8/1P3P2/P5PP/R1Q4K w - - 2 1,2,
ec3a8596,3r4/1k1r4/1qp5/pN6/Pn2B2Q/5P2/1P3RPP/2R3K1 b - - 2 1,2,
730f1fe1,6k1/2p2p1p/1bN3p1/1p3PP1/4P1K1/3R3P/8/4r3 w - - 1 1,2,
9367c500,8/6kp/R5p1/7n/2N5/2Pr4/PP3PKP/8 b - - 0 1,2,
1121b391,3r3k/1p2Q2p/p3p1p1/7P/1P5K/P6P/5R2/6r1 b - - 0 1,2,
8e30881f,7k/5qp1/3Q3p/p7/P2RBP2/4PKP1/1r5P/8 b - - 7 1,2,
b7b6d145,1r6/2R2p1p/8/K2k4/8/P4R1P/1r6/8 b - - 15 1,2,
95fc7e00,3R4/2p1r3/pkp5/N5bb/1P5p/2P2P2/P1K4P/8 w - - 4 1,2,
3a0f58b4,r4r1k/ppp2p2/3p2qp/5Qp1/PPBNP3/2PP2BK/6P1/R7 b - - 5 1,2,
8460f2eb,5rk1/p3Bq1p/1p1b2p1/2pP4/P1P1Q3/7P/6P1/4R2K b - - 0 1,2,
2457e641,8/pp5p/5ppB/3Qnk2/8/P2PP1P1/5qBP/7K b - - 4 1,2,
3f3b7de8,3qkr2/1bp1bp2/p2p1Q1p/3P4/8/4R2P/P1p2PP1/2r1R1K1 w - - 0 1,2,
007bb4d8,2r3k1/5pp1/bq5p/8/Qp1pB3/4P3/1P3PPP/2R3K1 w - - 0 1,2,
5aa93d9b,1r4rk/5R2/p3b3/1p1n2p1/8/Pp3N2/1P3KP1/5R2 w - - 0 1,2,
60b47bb3,r2r4/pp3Bpk/3b2n1/2p1n3/3p4/3P1R2/PPP3PP/R1B4K w - - 3 1,2,
539f9723,3r2k1/5p2/2R3p1/1pN1P1bp/3P4/1Q1N2PK/5qBP/8 b - - 1 1,2,
20260f4d,7k/1pq1r2p/2n3p1/p5P1/2Bp4/P2P3P/1PP3K1/4RR2 w - - 0 1,2,
517feb4a,7b/4k3/B3p2p/3n3P/3rb3/1K6/P5PB/2R2R2 b - - 0 1,2,
71e6da2d,6k1/Qbp3pp/p2p2r1/1p2p3/2P1P3/1P1P4/P2q2PP/5RK1 w - - 0 1,2,
f8437920,r3k1r1/pp3p2/2p1P2p/1P5n/7q/2N1b3/P1P2PP1/R2Q1K2 w q - 0 1,2,
f1732c12,5k2/1pp2pq1/2n4r/p4Q2/2PP4/8/PP4Pr/4RRK1 w - - 0 1,2,
aedf0a72,Q7/p7/5k1p/4q2r/P1p3b1/2P5/1PB2PPP/R5K1 b - - 0 1,2,
0523340a,6rk/6n1/p4R1p/1p4n1/4B3/4K3/P7/8 w - - 3 1,2,
e528fc84,r5k1/1p2r2p/p1npbQpB/8/2q1p3/2P5/P1P3PP/R4R1K w - - 4 1,2,
129ad7f3,3r1rk1/R5pp/4N3/2p5/1p6/8/P4RPP/6K1 b - - 0 1,2,
5850be8c,6k1/5ppp/1qP5/p2ppN2/Q1n1P3/8/1r3PPP/2RR2K1 b - - 1 1,2,
0b4fe434,7r/8/1R4p1/5k1p/r3pP2/7P/5PK1/1R6 w - - 2 1,2,
14ea5fa5,8/7p/2R5/5ppk/2N5/4PPPK/7P/3rn3 b - - 0 1,2,
49ca7a8e,3R4/k7/4Q1p1/P3p2p/4Pp1b/3P1P2/6PK/1r6 b - - 0 1,2,
acb4158f,6k1/5pp1/B6p/2p2Pq1/1p6/1Pb4P/P1P1QPP1/5K2 b - - 0 1,2,
3a70f3c8,k5nr/1pp5/p7/3P1Qpp/8/8/q4PPP/1R4K1 w - - 0 1,2,
64cc40c0,3r2k1/5pp1/1Q5p/pp2b3/4R3/P6P/1P3PP1/7K b - - 0 1,2,
de522e0e,r4r1k/1p1q1p1n/1p1pb2Q/4n1B1/4P3/3P2P1/P5BP/R4RK1 w - - 2 1,2,
9b5656db,r4rk1/pp3ppp/2p5/4P3/4N2R/P5Q1/1q4PP/5b1K w - - 0 1,2,
7845d695,rn3rBk/ppp2pb1/4b2q/8/5P2/7R/PPQ3PP/R5K1 w - - 4 1,2,
04088a15,8/pp4p1/2p1p1k1/4qp2/4n2Q/6P1/P3BP1P/4K3 w - - 10 1,2,
d4d85cb3,k7/2R5/p1PB4/8/2Kp4/6p1/7p/6r1 w - - 0 1,2,
ad81cfcd,5r2/7k/p3R3/1pq3p1/6Qp/2P4P/PP4P1/7K b - - 3 1,2,
713f55da,4b2r/5k2/p4Ppp/1qQ5/8/5N2/6PP/7K w - - 0 1,2,
cb14f42f,6R1/5p2/5k2/8/P1B2rpp/1P3r2/4R1KP/8 b - - 3 1,2,
7edbdf8d,2k3nr/pp3Qp1/2p3p1/4p3/2P3P1/q2r3P/N2B2B1/1K1R3R b - - 0 1,2,
6b5fe2d6,Q3b1k1/5p1n/3RP1p1/1Pq5/P1p5/2N3pP/6K1/1R6 b - - 0 1,2,
0ac9fde7,4r2k/5pp1/4r2B/p1Pp4/1p6/6qP/PQ4R1/2R3K1 b - - 0 1,2,
841930bd,4r1k1/1p3p2/p1pBr1p1/3p2n1/8/3R1Q2/PPP2PPP/3R2K1 b - - 0 1,2,
5fe45707,8/1Q2bpk1/2p4p/6pn/2P1N3/P4P2/1P3PKP/3r4 b - - 0 1,2,
322122a1,6k1/1P3p1p/1Q6/4b1p1/8/3p4/3BqPPP/3R2K1 b - - 0 1,2,
b5458f6b,4R3/6pk/4R1rp/p4Q2/5p2/5P1P/6PK/4q3 b - - 7 1,2,
3a84d327,3r2k1/p3R1pp/1b4r1/3b4/4Q3/2q1PN2/P4PPP/5RK1 w - - 7 1,2,
918441c9,6k1/pp2p2p/3p2p1/8/1P2P3/P2P2qP/r5P1/2R2QK1 w - - 7 1,2,
8f75a195,4k3/1p4p1/2nQPbp1/5r1p/8/4K3/8/8 w - - 20 1,2,
0368cf85,1r4k1/3NR3/R5p1/1p4r1/2n5/8/PPP5/2K5 b - - 4 1,2,
2b5fa51a,1nr2r1k/8/3p3p/1p6/1P1qB2P/3P1p2/3Q3N/7K w - - 0 1,2,
97135ba0,6k1/q5r1/2p2nB1/Q2ppP2/p3P3/P2PPK2/8/8 w - - 6 1,2,
d7db874e,6k1/q4pp1/P6p/1Q6/8/7P/3r1PP1/1R4K1 b - - 0 1,2,
5e1d4d69,4R3/3Q1ppk/2p2q1p/p2p4/P2P4/2P3PP/1r3PB1/R5K1 b - - 0 1,2,
67eced9b,1q3k2/p2RnppQ/2rNp2p/8/8/7P/5PPK/8 w - - 6 1,2,
024155eb,4R3/ppkq4/2p2p2/7Q/8/5n1P/PP4P1/7K b - - 0 1,2,
6c62d399,8/PR6/2P4p/1B2k1b1/6P1/5PK1/2r5/8 b - - 0 1,2,
b00864d6,4r2k/2p2p1p/1pN4q/3P3r/pPP3p1/5PP1/P1Q3P1/1R3RK1 b - - 0 1,2,
f5b6741d,6k1/1R5p/5Kp1/2r5/8/8/8/8 w - - 2 1,2,
37c9c091,3r2k1/3r1ppp/p4q2/1pp5/6b1/P2P4/1P2QPPP/1R2R1K1 w - - 0 1,2,
0fd02f90,r3r3/pp3p1k/3q2np/2p5/7P/2QB1RP1/PP6/1K6 w - - 2 1,2,
5dae0d7d,6rk/1p4r1/7p/2PbRp2/1P1p4/P2B1P1P/1R1N4/5K2 b - - 0 1,2,
7146843c,7k/1b3Rrp/p7/8/6pK/p2P3P/B1P3r1/8 w - - 0 1,2,
730af37f,2k3r1/1pp2p1p/p7/2b2q2/8/3P2P1/PP1NQP2/R4RK1 b - - 0 1,2,
90449e11,1r4k1/5pp1/2Q1p2p/3nP3/1p1qB3/7P/P4PP1/2R3K1 w - - 0 1,2,
1c2108e2,6r1/1pp5/8/p4N2/8/2R2P2/PP1k3P/1K6 b - - 0 1,2,
685e6386,6k1/p5p1/1p5p/3P4/2P1Q3/1P5P/1r1q1P2/4R1K1 b - - 4 1,2,
29eccadd,8/8/8/R7/6r1/3Nk3/PPP5/2K5 b - - 2 1,2,
ce500ec6,5k2/2p2bp1/1p6/pBq5/P7/2P5/3Q1rP1/6K1 w - - 0 1,2,
7bbc3e7e,1r6/2p1k3/3p4/2bBp2p/4Pp1N/2PP1Pq1/Q7/5K1R b - - 2 1,2,
bacdaa08,6k1/2B4p/p2P4/1pp3p1/6P1/KP6/P5r1/1R6 b - - 0 1,2,
f782283e,2Q5/3q2k1/4pp1p/pP4pP/8/5PP1/7K/2R2b2 b - - 0 1,2,
8a7b550b,7k/1bq2p1p/5pnP/1pp5/8/1P3P2/P2r2P1/4R2K w - - 0 1,2,
e4d4abbc,2r1r1k1/pp3p1p/4pp2/2BpN3/P2P4/R2PQ3/1q4PP/6K1 w - - 0 1,2,
2dd1789e,6k1/1p4p1/p4n1p/6N1/8/5B2/br4PP/2R4K w - - 0 1,2,
d5c9ca2b,5k1r/2p1qppp/2B1p3/8/1Q1P2n1/4PNP1/4P2P/6K1 w - - 1 1,2,
f4094e8a,1r4k1/2nNR2p/5Qp1/p2p1p2/5q2/P7/1P3PPP/6K1 b - - 2 1,2,
15e89317,8/5p1p/4pk2/8/3P1P1K/5QP1/2q4P/8 b - - 1 1,2,
0f476c86,4r3/5ppp/p1n2n2/1ppk4/3p1B2/N1PP4/PP3PPP/4R1K1 w - - 4 1,2,
41b5a9df,r1b4Q/p1q1kpp1/1p2pb1p/4N3/2P5/8/PPB3PP/1K1R4 w - - 4 1,2,
3c1cfd60,4r1k1/p1p4p/1p1p2pB/3bn3/5R2/P7/1PP4P/1K3R2 w - - 0 1,2,
5fca00c7,3Br1k1/p4p2/2b5/2b2Q1P/1p6/6P1/1P3P2/6K1 b - - 0 1,2,
6e2f3550,2rqr3/5kbp/6p1/2n1P3/1p6/4nB1P/1P2N1PB/R4R1K w - - 0 1,2,
86c4b345,2r1b2k/pp5p/2r1pbp1/q2pP3/3P3Q/P7/6PP/R4RK1 w - - 0 1,2,
b33484b2,4r1k1/pp1R1pp1/6np/8/4r3/1P3QPq/P4P1P/3R2K1 w - - 0 1,2,
12cf66bf,8/p4pB1/7p/8/PP1R1b2/4k2P/2r3P1/6K1 b - - 2 1,2,
48327775,r7/p4ppp/1b3k2/1Q6/3q1P2/2Pn4/PP1PK1PP/R1B4R b - - 0 1,2,
eaddb7f4,4r1k1/p3qpp1/2p5/1p6/3P2n1/2P1r3/P1Q1B2R/4R2K w - - 5 1,2,
5d879705,7r/8/4N1R1/5P1k/3pP3/2pP1K2/2b5/1q6 w - - 0 1,2,
a78235c8,1k6/1pp3pp/4p3/1N2n3/8/8/PPPr3P/5R1K w - - 3 1,2,
5bc21366,r5k1/4Rp2/1qP3pp/1p1pQN2/1P6/6P1/r4PP1/4R1K1 b - - 0 1,2,
6b76d2f0,4K3/8/4k3/8/1Q6/8/P7/5q2 b - - 4 1,2,
c9faf924,6k1/p4rPp/4b3/4p3/1P2B3/P6r/3N1PK1/R4R2 b - - 1 1,2,
10f3b63f,5Bk1/pp4p1/1n3q1p/3P2n1/2P1P3/P2N2P1/2Q3KP/2R5 b - - 0 1,2,
7e838b55,3r4/pppqb1kp/5pp1/2PNp1n1/P2nP2P/3P2P1/Q4PK1/R3RB2 b - - 0 1,2,
fc98f5d2,2q5/2P3pk/5p1p/5P1K/5PPP/8/Q7/8 b - - 0 1,2,
aba005bd,8/2Q4p/6pk/4p3/3qNnP1/5PK1/3p4/8 w - - 4 1,2,
cc62474f,3r2k1/8/5Qp1/P3p2p/1P2NR2/2Pr1q2/5P1K/7R b - - 0 1,2,
4e79b699,1k4rr/ppb5/2p2Q2/5R2/2P2B2/2N4P/PP6/R6K b - - 0 1,2,
fd18cdd9,2r3k1/ppp2ppp/5R2/1Nb5/2Q1r3/1P4R1/P2q2PP/7K w - - 0 1,2,
c490dfc7,6rk/ppp2rR1/3pQ2p/4p3/4q3/7P/PP3PP1/6K1 w - - 0 1,2,
52f7f94e,5rk1/R2R1N2/4p2p/2P2p2/1nP5/7P/5PPK/q1r5 w - - 0 1,2,
b6077d70,1r5r/p2p1pk1/4pq1R/3pP1p1/2b5/1B2P3/PPP5/2K4R w - - 0 1,2,
d9c5dbaa,r2q2rk/1b2bQ1p/p2ppn1B/2p5/P2nP3/2pP2RP/BPP2PP1/2R3K1 w - - 0 1,2,
481c21f8,5r2/pp4pk/2p1Q2p/3pN3/3P1q1b/2P3R1/P5PK/8 w - - 0 1,2,
82cbf56b,2k4r/1R3p2/p1B2p1p/N3r3/8/8/P1P1b1PP/6K1 w - - 3 1,2,
8f9e0bdb,3r2k1/p3q1p1/1p4B1/2p3pQ/7P/8/PP3rP1/2K4R w - - 0 1,2,
3fea1167,r7/p4pk1/1q3pB1/1p1P3Q/n7/2P3P1/b2KNP1P/q4R2 w - - 2 1,2,
1e7d946b,3r4/p4pk1/6p1/4p3/8/5PP1/1PR2qPK/2Q5 b - - 2 1,2,
d10aaf4e,8/6p1/8/2R1n1B1/4k2p/2P4P/P1P1r1PK/8 b - - 6 1,2,
2cd15a74,8/kpQ5/p7/6P1/2p1P3/P2qn3/KP6/1R6 b - - 1 1,2,
4377286c,r4r1k/2p3p1/p1Q4p/1p2b3/4B3/2P5/Pq5P/R3RN1K b - - 0 1,2,
52ec92ae,6rk/p3Q3/1p6/3p1q2/3P4/2P2P2/PP3P1P/1R4RK b - - 6 1,2,
0f32cf1b,3r2k1/5pp1/p6p/1p6/2b5/4Q3/PqB3PP/4R1K1 w - - 0 1,2,
dd6ab9d1,r5k1/1p3ppp/p1pb4/P2p2Nq/4P3/2PP4/1P2QP2/R3R1K1 b - - 0 1,2,
8d8a596e,5qk1/7p/8/3bQ3/P7/7P/2P3P1/7K b - - 2 1,2,
3194b0be,6k1/1Q3pp1/4pb1p/8/4P3/6P1/r1q2PBP/1R2R1K1 b - - 0 1,2,
ddcd68cd,2B5/8/2Q3pp/1P1Np3/4kn2/3n1N2/1q3PP1/6K1 b - - 0 1,2,
003bc9c2,6r1/2P2p1k/8/p6p/3Q3q/4PPB1/PP4K1/3R1R2 b - - 2 1,2,
e62e7302,R7/5p1k/5bpp/3Q4/p7/1P5q/2K5/8 w - - 0 1,2,
99ed89a5,rnb2r1k/p3q1pp/2p5/8/2BPP3/8/5P2/2RQ1K1R w - - 2 1,2,
d6f3eecc,3RQ3/p3ppk1/5bpp/8/8/P4PNK/2P2P1P/4q1r1 b - - 2 1,2,
b41f18c2,3r2k1/1p3p1p/p1q3p1/4R2P/8/2P1Q1P1/P4P2/5K2 b - - 0 1,2,
1a757485,7k/2q3p1/1pP4p/p4p2/P1Q1B3/6PP/5b1K/5R2 b - - 1 1,2,
8cad3b6c,4b3/1kp1n3/1pn1q3/3pPp2/3r2p1/1P1Q2Pr/1KP4P/R6R w - - 0 1,2,
abeab062,1k2r3/R7/6pp/1NN5/1p6/1P2P3/P2r2Pb/4RK2 b - - 2 1,2,
53219964,2k1r3/pR4Rp/8/8/2r5/8/6PP/5K2 b - - 0 1,2,
ba3d6d45,r1b4r/1p4pp/pBpk1p2/4pP1B/4P3/8/PPP3PP/5R1K w - - 0 1,2,
a1d909cf,1r6/2Q3p1/4qpkp/4pN2/8/5PPK/7P/8 w - - 12 1,2,
e58eb2ff,7k/3R2p1/p6p/1p3B2/nb6/4P3/5PKP/2r5 w - - 3 1,2,
a1665a12,1k6/2p5/ppBbR3/7p/1P5p/2P5/r5P1/7K w - - 1 1,2,
5ab5e23e,r7/7k/4p2r/q7/1p3P1Q/1P6/1PP5/2K3R1 w - - 2 1,2,
1ce006bc,8/pp1R1N2/5k2/6pp/5P2/PP4PK/2r5/3R4 b - - 0 1,2,
06e14970,2r5/5ppk/8/1p5p/N3P3/P7/1P1R1PPP/6K1 b - - 0 1,2,
210650bf,5r1k/pb1q3p/1p3b1R/3p1B2/3P4/2PK1N1Q/PP2r2P/R7 b - - 2 1,2,
731e04fc,4r1k1/pp3p2/5Kp1/3B2P1/3p3Q/1P3P2/P1P3q1/7R b - - 1 1,2,
90e21765,6k1/5ppp/8/1q2P3/2pQP3/1p5P/1b3PP1/6K1 w - - 0 1,2,
c2afaf22,5r2/1qQ1ppbk/1p1p2p1/1P4np/PP6/3P2P1/4PP1P/1RR3K1 b - - 5 1,2,
209108e7,5k2/5p1P/1P2r3/p4p2/5n2/6R1/2R2Q1K/1q6 b - - 2 1,2,
2eaf5802,5nk1/p2rQppp/1p6/2pB4/1PPq4/P4P2/7P/6RK w - - 0 1,2,
fa889969,5Q2/p3p3/3b2p1/5pk1/8/2r1RK2/Pq5P/8 w - - 4 1,2,
a7b6d9ff,4Q2R/6p1/p4p2/1b1Pp1k1/4PnP1/4qPK1/8/8 w - - 19 1,2,
65f3b31e,4r2k/1R6/1pp4p/3B1r2/5p2/P1P5/1P1R1PP1/6K1 b - - 0 1,2,
499d24bb,2k1r2r/p2p1p2/1p6/2p5/8/2P1BbP1/PPN2P2/RN1RK3 b - - 3 1,2,
f3413ee9,r1br2k1/pp3ppp/3p4/1q2p1Q1/1P6/5BP1/6KP/R1N5 w - - 0 1,2,
0084a6bf,4k1r1/5p2/4p2b/p2pPp1p/Pp1P1Pq1/1P6/4NP1P/R1Q3RK b - - 6 1,2,
487dae3d,1r3k2/1p2RBb1/2p3pp/p1q5/Pn1r4/7P/1P3PP1/1R2Q1K1 w - - 0 1,2,
831c90b6,2R4r/1Q1kr1p1/1B6/7p/6nq/P3P3/4BPPb/5R1K b - - 0 1,2,
8e3af5e1,7R/1b2kpp1/4p3/4P2p/2q2P2/P3Q3/1P4PP/7K b - - 0 1,2,
8abbc468,6k1/1R4pp/p3P3/2p5/8/3r4/PP2r2P/2K4R w - - 1 1,2,
5f59c74c,r5k1/ppq2rbp/2p5/3p2PQ/3Pp1N1/BPP1Pp1P/P2N4/5RK1 b - - 0 1,2,
64c52676,6rk/ppp5/1b3p2/7r/4BP2/P1B2K1P/1P1R4/5n2 w - - 0 1,2,
160b0efd,6k1/pp2r3/4N1p1/3r3p/5Rn1/2B3P1/P5P1/7K w - - 0 1,2,
a7b8fd1f,6k1/3q2p1/4p1K1/4Q3/1P2P3/8/8/8 w - - 8 1,2,
4986d9ee,2r2k2/ppN1Rrpp/1np5/3p1p2/3P4/2P2P1P/PP3P2/4R1K1 w - - 9 1,2,
6e85addb,2R1r1k1/7p/4p1pB/pp1p4/3q2B1/7P/PP4P1/4n2K w - - 0 1,2,
144fa0a5,1r3bk1/5ppp/p2p2P1/3qpN1P/8/8/2P4R/K1Q2R2 b - - 1 1,2,
db80e6a2,1b3r2/1p3rp1/1Bk5/1b6/1P6/2p3Pp/7P/3RR1K1 w - - 4 1,2,
e2375a0d,r6k/1p2R2B/2p1p3/2B5/2P5/p1r3P1/1b3P1P/6K1 w - - 1 1,2,
4a7940b3,3r2k1/pp2Qpp1/3q2p1/8/5R2/5P1P/6P1/7K w - - 0 1,2,
c3ffa631,r1q2rk1/pbp2ppp/1p6/5N2/3BnP2/P1Q3PP/1PP5/2KR3R w - - 0 1,2,
24300509,3r2rk/5Q1p/3P1p1B/p3q3/1p6/5BRP/6PK/8 w - - 1 1,2,
fbf8ba5f,4r3/7p/5Npk/5p2/3P3P/1QP3P1/7K/4r3 b - - 2 1,2,
45478425,1r3r1k/2q1pp1p/2p4B/p3bNQ1/P3p3/1P6/2P3PP/5RK1 w - - 2 1,2,
c5482845,5k2/p4p1p/2p2p2/2Pp1P2/P5P1/1rq4P/3Q2K1/4R3 w - - 0 1,2,
50203947,rq5k/4RQp1/7p/8/8/7P/5PP1/6K1 b - - 7 1,2,
1e6e0e16,2krbb1r/p1n3pp/5p2/Npp5/7N/4n1P1/PPP3BP/2KR3R w - - 0 1,2,
176d9dc1,3r2k1/3Q2pp/4Rb2/2pp4/8/2q2N1P/5PP1/6K1 w - - 2 1,2,
12da6b69,3rr1k1/1pp2ppp/4q3/p7/PbNP4/1R3N2/2Q2PPP/5K1R b - - 0 1,2,
04feb182,1nR2rk1/5pnp/pp2p1p1/8/4N3/7P/PP4P1/1B4K1 w - - 2 1,2,
1e5ecc03,2q1r1k1/bQ3p2/P1Pp2pp/B2P4/7r/7P/6P1/1R3R1K b - - 8 1,2,
92e2ee34,2r1r2k/1b4p1/p6p/3p2q1/8/2P5/PPB1Q1PP/4R1K1 w - - 0 1,2,
dfd99526,6k1/pp3p2/2p3p1/3b1q1p/5P2/P1B1Q1KP/1P4P1/8 w - - 0 1,2,
31c687bb,4r3/3R1p2/4pkbP/6pB/4PP2/5K2/8/8 w - - 2 1,2,
a74f2728,2k5/p1q2p2/2b2p1p/1p4r1/3p4/1B1P2P1/PPPN1Q1K/R3R3 b - - 11 1,2,
ec8c5814,4r3/2p3k1/p4bp1/1P3p2/5n2/3B1P2/PPQ2P1P/7K b - - 0 1,2,
3563d0e3,r5k1/pp1b3R/2pnprp1/8/2PP1P2/4K1P1/PP6/7R w - - 4 1,2,
03c0cfb0,8/6p1/3R4/4p1k1/r2p2P1/4P1K1/5P2/8 w - - 2 1,2,
8701b30f,2br2k1/6pp/p7/3p3q/3Qp3/2P2pPB/PP3P1K/R6R b - - 2 1,2,
3cd62628,2kr4/Qp3p1p/2p5/6P1/2P5/1Kb2q2/PP3P2/3R4 w - - 0 1,2,
eb4acef3,r2q2rk/ppp5/3p2Q1/3PpRb1/2Pn2p1/6P1/PP4P1/R5K1 w - - 0 1,2,
9ef95cdc,2rr4/p1p2Q1p/2PN3k/4p1p1/8/1PPK1P2/q7/2B5 w - - 0 1,2,
d16f8ed3,2br2k1/5pbp/8/1p2p1P1/1Pp1P2P/1qPr1P2/1B4Q1/1NKR3R b - - 10 1,2,
81a908c8,r4r1k/1q2bB1p/6pP/4p3/P2p4/1P4P1/4Q2N/2K2R1b w - - 0 1,2,
115f88b4,r5k1/1p1R2pp/1p3p2/4p2Q/8/P6P/5qPK/8 w - - 0 1,2,
a2fe03e5,3r2k1/5ppp/p3b3/3Nq2P/4Pn2/2P3R1/P1P2PP1/3Q2K1 w - - 1 1,2,
16c2b234,6k1/pp3prp/1qp3r1/4PQ2/8/3R4/P1P2RP1/6K1 w - - 9 1,2,
e5973485,8/1Q1Nk1p1/4pp2/p2p4/2pP4/4PKP1/P1q2PP1/5N2 b - - 5 1,2,
0d724bd5,8/4p1kp/1p4p1/1P1P4/1P1n3q/P1QB1Pb1/4R1P1/4B1K1 b - - 0 1,2,
3c5f5c6f,3r1rk1/p1p2pp1/1p6/4p3/1P2N3/Pq1n2Q1/3K1PPP/BN5R w - - 2 1,2,
069bfbfe,5r1k/p1pRQ2p/1p4p1/4p3/8/2P3bP/P4qP1/3R3K b - - 5 1,2,
611458c3,6k1/R5pp/1p2K3/2p5/P1P3rb/8/8/8 w - - 0 1,2,
a3dc815e,8/5r2/pP1P2k1/2p2qp1/6n1/7R/1PR3P1/4Q2K b - - 10 1,2,
40d06f9a,6k1/3n2b1/b1q3p1/p5PN/1p1PpQ1P/1P2r3/P3r3/4RR1K w - - 0 1,2,
1261e5a9,8/5R1p/6pk/8/6PP/4KPn1/1r6/8 w - - 3 1,2,
93d3c134,6k1/p1R4p/6p1/5p2/4p2P/1R2P1K1/r2r2P1/8 w - - 3 1,2,
46ab2c5e,3r3r/p1p1kBp1/7p/8/8/1P2P3/P3bRPP/R1B3K1 b - - 2 1,2,
ff90a1c3,5r2/5k1p/pq1PRbp1/5p2/2Q5/6NP/Pr3PP1/3R2K1 b - - 6 1,2,
5b70a030,6k1/p6p/p1p1RrpQ/3p4/3q3P/P7/1P4P1/7K w - - 0 1,2,
5616a633,6k1/2R5/4rpK1/4b1p1/P7/7p/8/8 w - - 0 1,2,
ad46ed80,5r1k/ppp4p/3p4/4n2Q/1PPb2P1/3q3P/P2B4/5R1K w - - 0 1,2,
c2be46c0,1rb3k1/3p2pp/4p3/2r5/2PR2B1/1p3R1P/P4PP1/6K1 w - - 0 1,2,
57495cc6,r7/2b3k1/p2qRp1p/1p1p2p1/7n/2PB1N2/PPQ2PPP/5RK1 b - - 0 1,2,
d8880c19,r2q4/b1p3p1/1p1p1r1k/pP1Q3p/P3Pn2/2P4P/3N4/R5RK w - - 6 1,2,
68c1eafa,6k1/1b3pp1/2q5/2p5/2P2B2/1PQ1PP2/6KP/1R6 b - - 0 1,2,
037228ec,5r1k/6r1/p5Qp/1p1B4/3b1P2/5R1P/6PK/4q3 w - - 0 1,2,
7b9b0b18,7r/8/R3p3/4k1P1/1P6/P3P1Kp/2r5/7R b - - 1 1,2,
c37f573c,r1b3k1/p6p/1p4p1/2p1p3/8/2PPQq2/PP3P1P/R3RK2 b - - 3 1,2,
0667e0f7,1k3r2/p7/1p4B1/2p5/6QP/2BP1pP1/Pq3P1K/3R4 b - - 0 1,2,
29b4ff58,6k1/1p2r1p1/p7/2r3Np/6b1/P2B4/1PP5/1K3R2 w - - 3 1,2,
f255c625,3k4/p2p4/1q5p/8/8/P1Q4P/1r3PP1/4R1K1 b - - 4 1,2,
415f0cfa,1r4kr/R3Qpp1/2q2n1p/3p4/3Pp3/1P2N2P/5PP1/6K1 w - - 2 1,2,
888a29f9,r1b2kN1/pp3p1p/2n1p3/8/2P5/3Q4/PB3n1q/1K1R4 w - - 5 1,2,
0fd47c9e,r1r5/4k1p1/4p3/1p1pN1PQ/3Pn3/2P5/3q1PK1/n6R w - - 0 1,2,
8393ff4a,3Q1b2/7p/6p1/4p3/5p1q/6k1/4B1P1/6K1 w - - 6 1,2,
030ce8c7,4r1k1/p3qppp/3p4/2pQ4/6n1/1P5P/PBP2PP1/R5K1 b - - 0 1,2,
ed3369bf,5rk1/4Qppp/p7/1p2p3/4PqP1/P1N5/BPP3P1/6RK b - - 0 1,2,
409d4968,r2q1r2/1p4pk/p2pQ2p/1n1Np3/4Pp2/1P6/P4P2/3R2RK w - - 6 1,2,
e3c21213,1Q3R2/5pkp/4p1p1/8/P3r2P/1PP2bP1/5P2/6K1 b - - 0 1,2,
744a1514,7q/4Q3/5R2/2Np1pk1/3P4/2P3p1/PP3P2/6K1 b - - 0 1,2,
26428c32,r4Qnk/pbq1r1pp/2p5/2PpNp2/5P2/1P2PR2/P1P3PP/R5K1 w - - 2 1,2,
34fa685a,r4rk1/p2q2p1/1pn2p2/2p1bN2/8/1Pp5/P1P3QP/2K2BR1 w - - 5 1,2,
5e7e421e,1R6/6k1/4ppp1/4Q3/5P1p/P6P/q4rPK/8 w - - 0 1,2,
79df36d3,2r3k1/4Rpp1/1p5p/p7/3p4/3B1q2/PP3P1P/4R1K1 w - - 0 1,2,
699f9f14,7r/1rqB2k1/3pQp1p/p3p1b1/4Pp2/3P1P1R/5PK1/5R2 w - - 10 1,2,
67cb2551,5k2/p7/4b3/3Bp3/5r2/2N1b3/PPP3RK/8 b - - 12 1,2,
7d71c751,4B3/8/5kp1/4p2P/4PpK1/3n1P2/8/8 b - - 0 1,2,
7bd5a60c,r4bk1/pR1Q1p1p/3p1Pp1/2pP2r1/P1P1p3/7P/4q1P1/5R1K w - - 0 1,2,
0dfa766f,7k/1Q4bp/1P4p1/8/5K2/3P1P2/6rr/1B6 b - - 2 1,2,
e9cf407b,6k1/Q4Rp1/2r4p/8/8/4P1B1/Pr2qPPP/5RK1 b - - 0 1,2,
6fc424ed,2kr4/1pp3bp/2b2pp1/2B5/1P4q1/Q7/P4PPP/4R1K1 w - - 2 1,2,
3fdfe77e,4n1kr/pq3pp1/1p4p1/6P1/1Q6/P5P1/5P2/4R1K1 w - - 0 1,2,
1ccef67a,r4k1r/2Q2pp1/p1p1p1p1/4P3/5q1n/P1N5/1PP1KP2/3RR3 w - - 5 1,2,
c324b3b6,2r4r/k3b3/PR1pqp2/3Np2p/3nP3/8/2P2PPP/R5K1 w - - 1 1,2,
c9e7505b,8/8/5ppk/R7/pP4PK/Pr6/8/8 b - - 3 1,2,
afca6cd1,7r/2k5/7p/1Qp3p1/P2q4/1P1P1R2/2P3PP/7K b - - 0 1,2,
02fc770d,8/6k1/p6p/1p2N2K/1P4P1/P3R3/2b5/1r6 b - - 19 1,2,
bc6bdc79,2q2rk1/6pp/8/R3Q1n1/2P5/1P6/P4PK1/5R2 b - - 0 1,2,
ba54d423,3Q4/5pkp/1P4p1/4bq2/P7/1p2P2P/4B3/3RK3 b - - 6 1,2,
92765d42,4Rrk1/p4p1p/1q4p1/8/8/P7/2r2PPP/Q3R1K1 b - - 1 1,2,
5a73b115,6k1/8/2pN3p/2B1b1p1/1P2Q3/2q3PP/7K/8 b - - 1 1,2,
70b59dc1,2r3k1/pp3pp1/3Br2p/2P5/P1R5/1Q6/1P1q2PP/R5K1 b - - 2 1,2,
b9942985,4Q3/pp3pkp/3p2p1/3P3P/5K2/1q6/2b5/7R w - - 11 1,2,
bb50ee0e,4r2k/p4Rpp/1pq5/4PQ2/8/P3b1PK/B3b2P/8 w - - 0 1,2,
f92a26bd,8/2BR1p1p/4PP2/5k2/p7/1pP5/1P5r/1K6 b - - 0 1,2,
79f88918,7k/pb2R1p1/1p1q1pQp/8/8/P6P/1P2n1P1/RNB4K b - - 4 1,2,
55f56dfb,3r2k1/4qpp1/4p2p/6N1/pp3P2/7P/6PK/1Q6 w - - 0 1,2,
56bc95ae,1r6/1pR5/1p1p2pk/3P4/5PPP/5K2/bP6/8 w - - 0 1,2,
a3efba89,2r3k1/Q5p1/1p1qppNp/3n4/1P1PR3/P6P/5PP1/2R3K1 b - - 0 1,2,
69f0a132,5rk1/1R6/3p4/p2b1B1p/5N1P/1P4PK/5q2/8 w - - 0 1,2,
af5f3ccd,r1b4k/pp2R3/2p4p/2Q3pq/3P2n1/5PP1/PPB2P2/3R2K1 b - - 0 1,2,
34e8437e,6rk/1Q4Rp/p2p4/2pPpN2/2P1n3/P7/5PPP/4qBK1 b - - 0 1,2,
039de544,2r2r1k/1b1n2p1/p5P1/1p3p2/3p4/2P2P2/PPQ5/q4BK1 w - - 0 1,2,
206369c2,8/5kpp/1p3p2/pN3P2/2P3P1/5b2/1r5P/4R1K1 w - - 2 1,2,
df0dc91b,2R5/p1R2pk1/3Np1p1/4P1Pp/6n1/6P1/PP2rrP1/3K4 b - - 8 1,2,
931fd6b4,4k3/6p1/2p1b3/2q1R1b1/p5N1/P6P/1P1r2P1/1K3Q1R b - - 0 1,2,
1423b209,3rrb1k/1b3Qp1/p3p1Pp/1p2P3/3qB3/P7/1P1N1P1R/R3K3 w Q - 2 1,2,
db675ce1,q3nrk1/3bp1bp/pN1pp1p1/2p5/2P5/P2PP1PP/5P1K/1RBQR3 b - - 3 1,2,
05378faf,4r1qk/1b5p/8/2p3Q1/1p6/7P/6PK/4R3 w - - 2 1,2,
8f6c2499,6r1/1P6/6R1/7K/4kbPP/8/8/4B3 b - - 2 1,2,
1b099e4f,7k/p3Q1bp/1p3p2/2p1p3/2P5/1P2P1P1/P1q4P/2Br1RK1 w - - 10 1,2,
8fe5cc5e,r6k/6p1/p6p/1p2Q3/7q/P1P1N2r/1P3P2/3R1RK1 b - - 0 1,2,
d6472036,6kb/5p1p/p2Q2pB/1pp3P1/3p4/1PnB1P2/PKP4P/4r3 b - - 0 1,2,
efdb5533,4r1k1/ppR3pp/5r2/5Q2/3P4/3B3P/3q1PP1/6K1 w - - 0 1,2,
ad63f981,rr4k1/4qp2/2p1b2p/p2pP2p/3P2P1/P2QKN1P/2B5/2R5 w - - 0 1,2,
e2f3f06a,8/p5R1/kp6/8/PP2n3/1KP3p1/6r1/8 w - - 0 1,2,
f606aca2,6k1/1p2rppp/7B/1n6/6Q1/8/Pq1p1PPP/3R2K1 w - - 6 1,2,
7df5c081,4r1k1/2q2r1p/2p2p1B/p2b2p1/3P4/P7/5PPP/4RNK1 w - - 0 1,2,
3cd8f4a9,2b3r1/4kp1Q/p2qpp2/8/3p4/1B3PP1/PPP3K1/4RR2 b - - 0 1,2,
7ca56163,1r5r/2k2p2/3ppb2/pBp2p2/P1Pq1P2/1P1N2P1/K5Q1/1R6 w - - 11 1,2,
87cf5ed3,r7/p2R4/1k3p2/N2p1B2/1P4P1/2b1P3/P4r2/2K5 w - - 1 1,2,
db7ece87,r1q2bk1/1p1b1pp1/3p1n1p/3P2N1/p1P2pP1/P1NB3P/1PQ2P2/2KR4 w - - 0 1,2,
6e79d105,5r1k/5p2/p4qp1/2QR3B/P3p3/4P2P/1r3PP1/R5K1 b - - 0 1,2,
a795fd3a,4q2k/p1b1r2p/2p2R2/6N1/5Q2/4p2P/PP4P1/3r2NK w - - 7 1,2,
1caba4a7,6k1/pp3pp1/7p/Qn6/8/PP3N1P/1P1rqPP1/R5K1 b - - 8 1,2,
dc8b4bef,5bk1/r5p1/7p/pp2N3/b1p1N3/3p4/7P/1K4R1 w - - 2 1,2,
01a97d78,r1b2r1k/2p2qpp/p2p3B/n1b1pN2/4P1Q1/P7/2P2PPP/R4RK1 w - - 8 1,2,
441bef33,5r1k/p5pp/8/5R2/3P2nq/2N4Q/PP4P1/6K1 b - - 8 1,2,
03b5980d,4r1k1/ppR2p2/6p1/6q1/2Q1r1bp/1P2P3/P4PP1/5RK1 w - - 0 1,2,
2e5c1aa4,4r1k1/p3rp1p/1pq3p1/8/2P2Q2/1P4P1/P2R1P1P/3R2K1 b - - 4 1,2,
4ebe1019,4r1k1/pp3ppp/2r5/2bNB3/2B1P1b1/2PP2P1/PP6/R3R2K b - - 0 1,2,
9535c026,q2r3k/6p1/pb2Q2p/3n4/N2B4/8/1P4pP/6K1 w - - 3 1,2,
55c32f24,b3r1kr/2p4p/p5p1/2b4Q/2P3R1/1P6/PB2q1PP/5R1K w - - 2 1,2,
13ecacdb,5r1k/2R3Rp/7N/1p6/6Pn/P6P/5P1K/1r6 b - - 0 1,2,
53adb3e6,6k1/r3p2p/6p1/r4p2/1p6/1P1B1P1P/3R2P1/1K1R4 b - - 0 1,2,
f1503d89,8/1pr3kp/7p/5R2/1p6/3R3P/1r4P1/6K1 w - - 0 1,2,
695c2999,3r2k1/pp2Q1pp/1q6/2p1P3/3p1P2/4p3/P2B2RP/6K1 b - - 0 1,2,
707de089,8/5k1p/pPr3p1/3p1r2/PP1Bp3/4P1Q1/2q2PPP/R5K1 b - - 0 1,2,
6129318e,b2k3r/p2p1q2/Pp1Br1p1/6P1/4p2P/2Qn4/8/K2R4 w - - 4 1,2,
92eb5bb0,6k1/p4p2/6pp/2p5/8/1KBR4/5q1P/8 w - - 0 1,2,
d76b5cc8,k4b1r/pp3pp1/5n2/5B2/3n4/4Q1N1/PP3PPq/RN2RK2 b - - 1 1,2,
139c825a,1Q6/5pk1/P2Q2p1/4P3/7r/8/3p1P1P/4qRK1 b - - 0 1,2,
beb93cb7,6k1/R7/6pp/p7/8/4PbP1/1r1r1P2/2R3K1 w - - 0 1,2,
8f77a607,1r6/4k1p1/2p1bn2/6QB/1qP4P/1p6/P7/1K1R4 w - - 0 1,2,
0b67d562,2R5/2Pk1p2/6Pp/8/6K1/6P1/6P1/5r2 b - - 0 1,2,
be424c45,2k3r1/p4R1p/2pPn3/1p1p2q1/3b4/P1N2Q2/1PP4P/R6K b - - 1 1,2,
1b26d4fd,2r3k1/2pqP1p1/pn5p/2Qp4/P2Nb3/1P5P/6P1/2R1R2K b - - 0 1,2,
ddbeda20,5rk1/pb3pbp/4p1p1/4P3/1P1p1P1q/P2QB2P/4B1P1/2R2R1K b - - 0 1,2,
6d5a46c3,r7/1p2bk2/pqp1p2p/3n4/3p4/5P2/PPQ2P1P/6RK w - - 0 1,2,
a1c022b9,4R3/2pr1p1p/pk1b2p1/Np6/1P4P1/2P4P/P1K5/5n2 w - - 0 1,2,
627d8bb2,4r2k/pp2PQp1/2n4p/7r/5p2/6qP/PPP3B1/R5RK b - - 6 1,2,
1fad6c60,r3r3/p6k/2Q3p1/2p1P3/8/4n2P/PPP2q2/1K4R1 w - - 0 1,2,
6aff4ffc,3r2k1/1Q3pp1/p1p2q1p/8/PP4B1/8/3r1PPP/R3R1K1 b - - 0 1,2,
5cc0d80e,3r2k1/4b1pp/2N5/p1prPp2/P4Pn1/1P6/2Q3PP/R1BR2K1 b - - 0 1,2,
c0c38744,2r5/k4ppp/4b3/3np3/1R2P3/2rB1P1P/p1PK2P1/R7 w - - 0 1,2,
5601d5f0,6k1/1p4p1/5pPp/1P2p2q/2Pp1P2/2bP4/r2N2Q1/3R2K1 w - - 0 1,2,
d6ffd52d,6k1/5ppb/2p5/2Pp2QP/p2q4/4rB2/P4RK1/8 w - - 0 1,2,
717cc4de,6k1/ppR3p1/2b1p1Pp/2p5/3p4/3P2P1/PPP1K2n/8 w - - 4 1,2,
f034dba8,4R3/5p1k/5p1p/1p5N/2p3PP/2P4K/1r1q2B1/8 w - - 5 1,2,
28554f85,8/7k/3pN1pp/2pPq3/P2b1n2/1P3Q2/2B3PP/7K b - - 9 1,2,
129b318e,3N4/3R4/1P2p3/4Pk2/6p1/r7/4R1PK/2r5 b - - 0 1,2,
f6e85849,q5k1/4Rp1p/5Bp1/1Qp5/p7/P4PPP/1P1r4/5K2 b - - 2 1,2,
b73ebe0b,1k6/1p1P1p2/5n2/B7/PQ2N2K/5BP1/4P3/2q5 b - - 0 1,2,
2a353ff9,r2q1br1/ppp5/1n1pp3/5QPk/5n2/8/PPP2P1P/RN2K1R1 w Q - 1 1,2,
e5537fcf,4r1k1/p2R1p2/2p3p1/2P3p1/1P3b2/7Q/P3q1PP/3R3K b - - 5 1,2,
b1721fd7,7k/p3Np1p/1q3prQ/2p1p3/2Ppbn2/1P6/P4R1P/5K2 w - - 4 1,2,
d158246d,5rk1/8/p5pP/2p5/1p6/2P3Q1/1P4P1/1KB2q2 w - - 0 1,2,
b49b710e,4R3/pp4k1/3p1bpp/1P1P4/P7/2qpQP2/2r3PP/2B2K2 w - - 10 1,2,
e4f0c67b,r3r1k1/6pp/3qP3/pp1P1p2/n2Q1N2/1Pp2P1P/P1P2P2/2KR3R b - - 0 1,2,
394275ab,1rb3k1/1p6/p2qpp2/2p1r1N1/P6Q/1P5P/2P3P1/5RK1 w - - 0 1,2,
a0d41703,5r1k/1b4p1/pq5p/1p2p3/1P1b4/2NQ4/P1BR1PpP/3R2K1 b - - 0 1,2,
e5895e94,6rk/2p4p/p4p2/2Q1p3/1p1q3B/1P6/P1P4n/1K6 w - - 1 1,2,
8791157f,6k1/5ppp/2p1p3/4N3/1r1P2P1/2r1n2P/R6R/K7 w - - 0 1,2,
b27b2f78,4rrk1/1p1q1p2/p2p4/3P2p1/2P1P1n1/1P4P1/PB1Q2KP/R7 w - - 0 1,2,
d0eda7eb,8/1p1r4/2p4k/8/4Qpp1/1P2n3/P3N3/4K3 b - - 3 1,2,
48a6115b,4r3/5pk1/6p1/1PB5/2P2n2/P7/5PP1/5RK1 b - - 0 1,2,
9b14108c,3r2k1/p2r1pp1/7p/8/2b5/2P1QR2/q1B2PPP/4R1K1 w - - 5 1,2,
02e8d54b,1k2N3/pp1R4/1bp3r1/8/7r/1P6/P1P5/1K1R4 w - - 2 1,2,
f966054f,2r3k1/3r1pp1/1pq1p2p/pN2N1n1/Pb1P4/4P1P1/4QP1P/R2R2K1 b - - 7 1,2,
a88c0c64,4r1k1/1p1R1p2/6p1/4q2p/P7/5Q2/1P1K1P2/8 w - - 6 1,2,
53c0b1ba,8/6rk/2P1R1q1/3Q3p/P2P4/5pP1/5PbP/6K1 b - - 1 1,2,
5ffb4cce,8/pk3p1p/1p3R2/8/5B2/2R3P1/PPP2PKP/3qr3 b - - 0 1,2,
5b4e5356,2q4k/1R6/B1P5/p2Pp3/P3Pn2/5P1P/5P1K/8 b - - 7 1,2,
56c8cba7,6k1/5ppp/6b1/8/4p3/2n3NP/3rB1P1/R5K1 w - - 0 1,2,
2b430104,2r2rk1/pp3p2/4p2p/3qP1P1/7P/1P3R2/P1p3Q1/7K w - - 0 1,2,
2124c64a,5k2/2Qn1ppp/2p2q2/7B/7P/6Pb/P1r2P2/4R1K1 w - - 6 1,2,
ddc01abb,5r1k/p5pp/4Q3/2P5/2P1Pr2/4n3/P6P/4R1K1 b - - 2 1,2,
61ec306f,1k4r1/pp3p2/4q3/3N4/4PK2/1P1p4/P2R1Q1P/8 b - - 0 1,2,
f5e8fb6a,6r1/pp5k/1bp2q1p/3p1p2/3PpN1P/2P5/PP1RQP2/6RK b - - 0 1,2,
976bf999,r1b4k/ppq1r2p/3p4/3p2PQ/3P4/2P5/PP1K3P/4nR2 w - - 0 1,2,
2e42061e,2r5/1p4k1/p5r1/5R2/8/1P6/P4R1K/8 b - - 7 1,2,
dfd430d8,2r2nk1/4b1p1/p3n2Q/P2pP3/1p1Pq3/5bR1/1P1B2RP/7K w - - 0 1,2,
65a9b2d7,6k1/pp3pp1/2p3p1/3pQ1Bn/8/2P2P1r/PP2K3/2R1RN1q b - - 0 1,2,
013b24f6,4Q3/5pk1/2p3p1/3b4/p2P1q2/P3p3/1PBNK1P1/7R b - - 0 1,2,
25f6eeea,5k2/pp3p1p/2p2P2/3q4/8/6Q1/PP4PP/6K1 w - - 2 1,2,
537c97f3,r2q4/2p3Bk/1p1p2pp/1P3p2/P7/1Q2Pb1P/5P2/R4RK1 b - - 0 1,2,
40e82a8b,4Rr1k/6pp/p1Q5/8/P7/8/5nPP/3q1BK1 b - - 1 1,2,
d2bd2c5d,5r1k/p7/1p1P4/7p/2Pp1r2/8/P2RR1KP/8 b - - 0 1,2,
bd48678b,3k3r/N1pq2p1/Q4np1/2pPn1B1/4P1P1/8/5P2/5RKB b - - 0 1,2,
986207dd,2r5/5k1p/3Q1Pp1/3P2B1/4pP1P/pPrn4/P3R3/1K2R3 b - - 0 1,2,
6c544727,1n1k1b1r/Rb1pp1pp/1Nq5/2P2p2/8/4P1PK/5PP1/3Q1BNR b - - 0 1,2,
c349eb39,4r1k1/5ppp/4p3/1Q2P3/2P5/1P6/rq3PPP/3RR1K1 b - - 1 1,2,
6250c31e,8/p7/4k1p1/8/1P3B1R/3qp2R/P7/4K3 b - - 7 1,2,
fb6b8386,r6k/ppN4p/2np3q/2p1p3/2P5/3P1Rp1/PP2B1P1/R2Q2K1 b - - 0 1,2,
976517cd,4r1k1/5p2/1q2p2B/1pbn3p/8/5Q2/1P3PPP/5RK1 w - - 0 1,2,
18a91cf4,6k1/1pp3bp/3p4/3P4/2P5/1P2Bp1P/2R2N1K/r7 b - - 1 1,2,
06831750,r3k2r/5p2/p1p1p1p1/8/2Q1PbK1/2N1qR2/PPP3P1/R7 b kq - 0 1,2,
6c9e9d85,8/2q5/6p1/6p1/1P1Q2P1/1K5P/8/1k6 b - - 11 1,2,
d10d94ee,2r2kr1/pp3p1p/3p1Bp1/1B1np3/6P1/2P5/P4q1P/RKQ5 w - - 7 1,2,
c99a95fe,r1b4k/1p3rpp/1n6/pp2p1P1/4P3/2P5/PK2NPP1/3R3R w - - 0 1,2,
8a6ce7f8,7k/p4R1p/4B1p1/6P1/8/r6P/4rP1K/8 w - - 1 1,2,
bca195a7,r5k1/6p1/p3p1q1/3bPr2/Pp6/7R/1P3P1Q/2R2K2 w - - 4 1,2,
cdd72054,5k2/1p6/5PQp/3b4/p7/1q5P/6PK/8 w - - 1 1,2,
52d48fe5,r6k/ppp4p/3b2R1/7Q/3Pr2N/2P1q2P/PP4P1/R6K b - - 2 1,2,
d49a6b17,5r2/4R2p/3p2pk/p2b4/6K1/6P1/P5r1/R7 w - - 0 1,2,
aaed1bb8,1k4r1/1p3p2/p6p/2ppPQ2/3p1P2/3P2R1/PPP1Rq1P/7K b - - 0 1,2,
236b4820,r2r2k1/pp4p1/4p2p/4P3/P3n3/BQ2P3/2Rq1PPP/2R3K1 b - - 4 1,2,
bef3bb30,r2b1Bk1/pp3p2/3N2p1/4p3/2PpP1nq/1P1P2P1/P4P1P/R2QR1K1 b - - 0 1,2,
87ee92df,5k2/p4p1K/q7/3pR3/3QnR2/1P2P2P/P7/8 b - - 4 1,2,
79bb96cb,5r1k/1pp3p1/p2p3p/8/P2PQ3/2P2p2/1PB3PP/2q2RK1 b - - 7 1,2,
1e577c9e,6k1/6pp/8/p4p1B/5P2/3pp1KP/2r3P1/1R6 w - - 0 1,2,
e25c236d,8/2p2qrk/5Q1p/2b5/p2p3R/P2P3P/2r2PP1/R5K1 w - - 0 1,2,
40e46928,8/3R1pk1/p6p/4p1p1/Q5n1/6PK/PP3PP1/2r5 b - - 4 1,2,
80f800fa,8/kpQ5/p7/P7/1P2P3/8/2Rq2r1/4RK2 b - - 3 1,2,
ff1536e6,6k1/5rpp/8/3Bp1b1/3qP3/2R4P/PP4P1/7K w - - 0 1,2,
17bc97a8,r1b2k2/pp3ppp/2p5/2n5/5B2/b2B4/2P2PPP/4R1K1 w - - 4 1,2,
e6aa7810,r3r1k1/ppp3p1/2n1N2p/2p2Q2/6Pq/2P1P2P/PP6/R4RK1 w - - 5 1,2,
e6b8ee7f,1q1r4/1P2Q1pk/5p2/8/8/1R5P/1B3PP1/6K1 b - - 4 1,2,
6f42aa20,8/p7/1p4p1/1P3Pk1/P7/4p3/2Q1Bq2/3K4 b - - 2 1,2,
4cec5082,2r2r2/p4pk1/1p5p/5qpQ/8/1P3PK1/P7/7R w - - 0 1,2,
248bc5c2,rr4k1/2R2pp1/p6p/4p3/4P3/5Q1P/5PPK/q7 w - - 0 1,2,
2b958cde,2br3k/p4Qp1/1b5p/1P6/4B3/6q1/6P1/5R1K w - - 3 1,2,
fdf7d473,4rk2/ppb2p1p/2p3p1/2P5/P2PR3/7P/5PP1/2B3K1 w - - 3 1,2,
73f864e5,1r2r1k1/4Qp1p/6pB/3q4/8/1N5P/Pb3PP1/4R1K1 w - - 2 1,2,
7427c8a6,1r4k1/5pp1/2N1p2p/4P3/Pq6/3Q4/1P4PP/4R2K b - - 2 1,2,
1e63139a,1r6/8/2p2k2/5PR1/p1Pp4/3B4/r7/6RK b - - 0 1,2,
bafc3015,7k/2p2p2/5nB1/ppb1R1r1/8/2P2Q2/PP4rP/5R1K b - - 1 1,2,
199e9991,5r2/8/1R6/8/6b1/7k/5r2/4K1R1 w - - 2 1,2,
fa6ee2ba,5Nk1/2p3p1/7p/4p3/2P4q/6b1/PP2Q1PP/R2R2K1 b - - 2 1,2,
89ea30a5,8/7k/3p1Qpp/2pP1B2/6KP/3P2P1/8/5q2 b - - 6 1,2,
23114367,r2rb3/pp3Qpk/2q1pb1p/7B/P2p3P/8/1PP4R/R2KB3 w - - 9 1,2,
bf72ac97,3r2k1/pR3pp1/3r3p/3b4/8/3B4/q1P1Q1PP/4R2K w - - 7 1,2,
3f462819,1r2br2/4qNk1/2p1p3/p2p4/3P4/1PP3b1/P2Q2P1/R4RK1 w - - 2 1,2,
a34d98bc,1k6/3R2p1/pNp5/P1p2P2/6PK/1P4P1/2P5/4q3 b - - 0 1,2,
15c3aedd,r2q4/ppp4k/3p1P1r/3Ppp2/2P5/8/PP1Q4/2K3R1 w - - 0 1,2,
795f07b5,7r/p2rkpp1/2B1p3/2b1q1P1/1p5P/2P2Q2/PP6/2K2R2 w - - 0 1,2,
ef458392,r2qB2k/p7/1p3p2/2p2P1p/5n1P/1QPP4/PP1K1P2/3R3R b - - 0 1,2,
ebc0897c,6k1/6b1/1p4Q1/8/3pPpPq/BP4p1/P2P2K1/4R1N1 b - - 0 1,2,
fd95f762,3r2k1/pp3p2/5Kp1/7p/5P1P/1QP2nP1/PP3q2/8 w - - 0 1,2,
c4097648,6k1/5pp1/2p1p2p/1qPp4/2r5/R6P/2Q2PP1/6K1 w - - 1 1,2,
93e1a63d,8/1p3k2/8/1K2R3/1P3P2/P3R1P1/2q5/8 b - - 0 1,2,
3556e6dc,2r4k/5ppP/p4R2/1b2p2P/q3P3/2N2P2/1P1B2Q1/1K4R1 b - - 4 1,2,
d228699b,r1q2r1k/p5p1/2pR3p/1pn5/8/P1N1Q2P/BPP5/2K4b w - - 0 1,2,
c2b82c3d,7k/pqr1pQ1p/1pp3rB/3n1p2/8/3P2P1/P4P1P/4R1K1 w - - 0 1,2,
6f360759,8/p2Q2bk/1p2P1p1/2p5/2P5/6P1/P2P1qBP/7K b - - 3 1,2,
383b4a88,7r/1P2Qpk1/4p1p1/4P3/N2p1P1p/P5n1/2r2RPP/6K1 b - - 0 1,2,
0d5db239,5k1r/5pb1/p1nN2p1/8/5Bp1/KP2Q2P/2q5/3RR3 b - - 2 1,2,
568f5e1c,3rr2k/2p1np1p/p5bB/5NR1/1p2N3/3p1P2/P2K2PP/8 w - - 4 1,2,
797de89f,4Q3/6p1/7p/2Bkp3/3n3P/6q1/P5P1/5R1K b - - 0 1,2,
dc87f604,8/1R6/p7/1pPpR1bp/3P1kr1/7K/r7/8 w - - 5 1,2,
d9fcd449,3r2k1/p3R1p1/1p5p/2p5/5n2/B5P1/PPP2P1P/6K1 b - - 0 1,2,
875a21b0,1b1r2k1/p6p/1p1qp1p1/3B1p2/1P6/P6P/3BQPP1/2R3K1 b - - 0 1,2,
ef4a4a57,1nr4k/5p2/1p2pPp1/pBp2q2/P4Q2/2P2PP1/1P4K1/8 w - - 0 1,2,
eb7902da,r4r1k/pp4p1/2n5/6N1/3ppq2/7K/PPPN1P2/R2Q4 w - - 2 1,2,
4516ae55,7k/ppp2Qb1/2np3p/8/3P1p2/PKP2P2/1PBq4/r7 w - - 0 1,2,
7df7198f,8/p4pk1/1p1b2qp/3Q2p1/3P4/5NP1/PP3PPK/2r4R b - - 3 1,2,
5996cd7a,2r2r1k/1b1n1p2/1q1p1n2/pp1PpN2/4P2P/1B3p2/PP1Q4/R3K2R w KQ - 1 1,2,
52a2aeb1,2r3r1/3b3k/pq3Pp1/3pP3/1p1N4/3P4/PP2N3/K2n2R1 w - - 0 1,2,
f6a75634,4rk2/5pp1/2B3b1/p3P3/2P2P2/1Pb3K1/P7/3r3R w - - 0 1,2,
70484dcc,2Q5/8/8/p6p/3P1p1k/1P3P1P/P5K1/2b1q3 w - - 0 1,2,
c87488ee,2r3k1/n4Npp/1p6/pP1Q2P1/1q1Pp3/7P/5P2/3KR2R b - - 2 1,2,
513859ae,r2qk2r/3b2b1/pp1P1p1p/2p1pPp1/2B5/4BQ1P/PP4P1/5RK1 w kq - 0 1,2,
032cd315,1kr5/pp1n1pp1/3qp1p1/3p4/2nP2PP/PPN2P2/K1P5/R2Q3R b - - 0 1,2,
c1855e25,4rrk1/p1qnQ3/bppp3p/5p1P/2PPp3/2P2B2/P3PP2/R4R1K w - - 4 1,2,
45f99639,2k4r/ppp5/3p1Rp1/3P4/1PPK4/P5r1/6PP/7R b - - 1 1,2,
88fada9f,6k1/4Rp1p/3p2pQ/3P1qN1/2b5/8/P4PPP/1N4K1 b - - 0 1,2,
fb5d9ac2,2kr4/p1p5/1pn2p2/1QNp4/3Pp3/2P1q3/PP6/R2K4 w - - 0 1,2,
03ec4227,5k2/5p1p/1q1p2p1/3P4/5B2/7P/1r3PP1/4R1K1 w - - 0 1,2,
6767e2d4,r2k3r/pbq2ppp/1p1p4/1B1n4/4QP2/8/PP4PP/4RRK1 w - - 2 1,2,
cf91fb78,3r2k1/p3Rpp1/7p/8/P7/5qP1/2Qr1P1P/4R1K1 w - - 4 1,2,
6f2612ec,6R1/1p5p/4p2k/1K2bp2/3rp3/6r1/P3R3/8 w - - 0 1,2,
159e99e1,b1r2k1r/3p1p2/4Pq2/4R3/p1BQ2Pp/P4P2/6KP/1R6 b - - 0 1,2,
355a5ecb,8/1kp2p2/8/1N2p1p1/2K1P1Pp/8/1qP2Q1P/3r4 w - - 0 1,2,
c3a77d2a,3r3k/pp3rp1/3R1pPq/2p5/2P5/1P5P/P5P1/7K w - - 0 1,2,
d7615229,r4rk1/1b2bppp/pp6/7R/2PnNBq1/P2Q4/1PN3PP/R5K1 w - - 7 1,2,
dca891fd,r1b5/6kp/p4p1N/2bPr1pQ/2P2p2/6Pq/7P/RB3R1K w - - 1 1,2,
bfda96cd,8/3N1Qpk/pp2pp1p/8/8/P1P2bP1/1P3qPK/8 w - - 4 1,2,
edc8bde1,7k/6p1/4p2r/2Q2p2/3P4/4PP2/7q/5KR1 w - - 0 1,2,
f776b5f0,8/pp3Qrk/4p1rp/2BpP1PR/3P3R/3b1PK1/8/3q4 w - - 1 1,2,
e32413e2,8/1R5p/6pk/p7/6PP/rp3K2/8/8 w - - 0 1,2,
25fe5b89,8/7p/4R1Pk/3B4/r7/6P1/1r5P/6K1 b - - 0 1,2,
da1464e4,N4k1r/p2n1p1p/bp6/8/1q2PQ2/2P1B3/3K3P/3R3R b - - 0 1,2,
9d0a8f6e,4r1k1/p1p2ppp/8/3B1r2/2P3Q1/1P6/P4RPP/6K1 b - - 0 1,2,
b6645351,2N3k1/6rp/2p2pp1/2P5/8/3n4/5PPP/4R1K1 w - - 1 1,2,
0c2bddc5,8/6p1/p1B1p3/4Pk2/P2P3K/r7/8/3R4 b - - 2 1,2,
7e6f224e,5k2/p4p1p/4p1p1/2b3P1/4PP2/2BR4/2r4P/7K w - - 1 1,2,
302e9157,4R3/5Bp1/1p3p1k/pP3P1p/2Pr1p2/1n3K2/8/8 w - - 4 1,2,
391733d4,1k5r/1p3R2/1p1Nn3/2b1r3/2R3P1/P2P4/7P/7K w - - 10 1,2,
8159e170,2r2rk1/5pp1/2q4b/p7/1p1P2R1/1B1Q1P1P/PP6/1K4R1 b - - 4 1,2,
07f14171,1r2k3/3R3p/4p1pP/6P1/pP6/r3q3/2PQ4/2KR4 b - - 5 1,2,
6e50a7d6,1R6/p1P2ppk/6rp/1Q1p4/3P3q/P1P2P1P/6PK/8 b - - 0 1,2,
fef442ac,5k2/r4pb1/pp1p3p/2pN1Qq1/2P2p2/P2N3P/1P4P1/6K1 w - - 1 1,2,
15b5ba57,8/5p1k/1Q4pp/6nq/8/6P1/5PK1/5R2 b - - 2 1,2,
f93eafb1,2bk3r/2q3pp/2p2p2/4pP2/1P1pP3/1P1K1BQ1/r2P2PP/1N1R1R2 b - - 0 1,2,
977ed10b,1r1r2k1/pb2qpp1/1p2p2p/2p1b3/2P5/3Q4/PP3PPP/1B1R1RK1 w - - 6 1,2,
63dcf160,2r5/5k1p/4p3/p7/4r3/1P6/P4P2/3R1RK1 b - - 1 1,2,
65590f0b,2k3r1/p3R2R/2pK4/2Pp4/5P2/6P1/4r3/8 b - - 16 1,2,
acd96914,5k2/R3p2p/P3B3/r3PKP1/8/8/4b3/7r w - - 3 1,2,
faaf2f93,6k1/p1R3P1/2p2K2/8/4p3/1P6/6r1/8 w - - 0 1,2,
bd7f1d60,3r1k2/ppp3r1/2nq4/7Q/3p2n1/P2P3P/1P2RPP1/4R1K1 w - - 2 1,2,
ea859939,5r1k/7p/1p1Q2p1/pPp3r1/P2b4/3P4/4B2P/5R1K b - - 9 1,2,
c2c035b0,1k1r4/pbqn4/2p2p2/2b1p3/P3P3/2Q3P1/1B1RB1PK/3R4 b - - 0 1,2,
4fbf633d,r5k1/pp4b1/2n2q2/2pRp1Q1/8/2P3pP/PP3P1N/2BR2K1 b - - 0 1,2,
132a2c71,8/5kr1/p7/1p6/7K/P1P1Q3/1P4r1/7R b - - 0 1,2,
fdba76f3,8/pk4p1/5p2/1Pr4p/3p2nP/1n1P1P2/1P1BK1P1/3RNR2 b - - 0 1,2,
316373f3,7k/p6p/2r1RqpP/n1p5/3P4/2PB1P2/P7/6K1 w - - 0 1,2,
5bbcfa78,4r1k1/6Bp/6b1/r1p5/3P4/5Q1P/1q3PP1/4R1K1 w - - 1 1,2,
223487f4,6k1/2R3pp/8/4N3/P3n3/1p5P/1P1rp1PK/8 w - - 0 1,2,
180e6fd0,6k1/p4ppp/1p3r2/3P4/q1P1P3/6PQ/P2r3P/3R2K1 w - - 0 1,2,
6f761328,2rk1q2/p3n3/1p2P3/3pQ3/3P4/5P2/P1PK4/8 w - - 2 1,2,
d51d76a7,4r1k1/1p1Q1ppp/p2p1q2/8/2nN4/4r3/PPP2PPP/R3RK2 w - - 1 1,2,
e317322c,r7/p4pk1/2pb1q2/3pp3/P3P1nP/1PN5/5PQ1/2R3RK b - - 0 1,2,
a14aad76,4k3/2q2p2/4p3/8/1Q2N3/P4K2/1Pr5/8 w - - 2 1,2,
4360e0af,6k1/4p1b1/3p2Q1/3q1p2/2r5/8/P5PP/1R5K w - - 0 1,2,
576496ff,r3r1kb/2p2p2/p2p4/1p4B1/P1n3q1/2NQ4/1PP3P1/2K4R w - - 0 1,2,
69a8d1d5,r4rk1/pp4pp/5n2/3pNQ2/1q3B2/bN2PP2/P6P/K2R2R1 b - - 0 1,2,
20f11a12,2r3k1/1pr4q/4pR1p/3pP1p1/1B1P2P1/P1P5/5Q1P/6K1 w - - 4 1,2,
d367f4f1,5k2/3r4/2R3Kp/3P2p1/1P4P1/5r2/1P1R3P/8 b - - 2 1,2,
13c763be,6k1/p1q3pp/1p3pp1/6r1/3bR3/2P1QP1P/PP3P2/5K2 w - - 0 1,2,
b5286541,4rr2/p1q3pk/2p1Q3/2Pn1Rp1/4R3/6P1/P4P1P/6K1 w - - 0 1,2,
05d8a63f,r5k1/pb1n3p/1p2p2p/4Np2/3Pn1q1/2P5/P1Q1BPPP/1R2RK2 b - - 1 1,2,
dd687723,4q3/pQ5p/1p4pk/r3p3/2Pp2PP/3P3K/PR2Pr2/8 w - - 1 1,2,
06053ef4,6rk/5q1p/1p2n3/p7/P1nN4/2Q4P/5P1K/1R1R4 b - - 1 1,2,
44902e99,2rr4/3qb1p1/p2p1p1k/1p2pR2/8/2P3QP/PP4P1/5RK1 w - - 0 1,2,
5d7da1d7,3r2k1/Q5pp/1p3p2/4p3/3nP2P/1PB3P1/1PPRqP2/7K b - - 2 1,2,
baa30c97,2kr3r/pppq4/1b1p1n2/3PN3/8/2N3PP/PP4B1/R2Q1R1K b - - 0 1,2,
59f78df6,1nrq4/pb3p1k/1p4np/4PN1Q/3P4/2P5/P1P3PP/R5K1 w - - 0 1,2,
437dab51,8/1p1r4/1nn1p2R/1p4k1/3P4/1PPKpPp1/r7/7R w - - 0 1,2,
1fadfec0,3r1bk1/pb1Q1p1p/1p4p1/4qn2/8/1B2P2P/P3NPP1/1R4K1 w - - 0 1,2,
19679c7a,8/2p2rp1/8/R3P1k1/8/4n2Q/P4qPP/6RK b - - 8 1,2,
be336bb8,5r2/p5pk/1p1R4/4p3/1P2Pp2/PBR5/5q1p/1K6 w - - 0 1,2,
37c309f9,8/2R5/7p/8/3p4/3k2pP/r5P1/5KB1 b - - 0 1,2,
c6d0955c,1r2r1k1/pp3ppp/5q2/3B4/2Pp4/1P2Q3/P4PPP/4R1K1 w - - 0 1,2,
f9961b4d,3r2k1/4Rpp1/7p/4PQ2/1q6/7P/6PK/8 w - - 1 1,2,
f4d85314,Bn4k1/p7/2p3p1/6Pp/3b1B1K/7P/PP4q1/R2Q3R b - - 0 1,2,
949f0a74,2k2b1r/Qb3pp1/1B1r3p/2P1p3/1P6/P4P2/5P1P/R4RK1 b - - 0 1,2,
95d168d2,r5k1/p2b3N/3p2p1/1pp1p3/3qP2P/1P1P1r2/PP4Q1/1K4R1 w - - 0 1,2,
5b54a905,5rkr/1pp1n1pp/1p1p4/6q1/4P3/2P4Q/P5PP/5RK1 w - - 0 1,2,
a11d5dec,4R3/R7/1p5k/2b3p1/7P/7K/pr6/8 w - - 0 1,2,
0ee697e5,4r1k1/bpp1rpp1/p2p1q1p/8/8/1NPQn1B1/PPB3PP/R6K w - - 5 1,2,
401c8239,2r2r2/4ppk1/pq1p2P1/1b1P3R/1p4P1/5P2/PPPQB3/R3K3 b Q - 0 1,2,
2bf153fe,2q3k1/p4p1p/1p4p1/4b3/1Q1N4/PP2P2P/5PP1/6K1 b - - 0 1,2,
9ab0ceb0,r2r2k1/pp1q2pp/1bb3p1/4P3/1P3N2/P3B1P1/1Q3P1P/2RR2K1 b - - 0 1,2,
423fd5dd,7k/pp5p/2n2r2/8/1pP3Q1/8/q4PPP/4R1K1 w - - 0 1,2,
3a55afa0,2R5/1p3kpp/p2qrp2/3p1Q2/3P4/P6P/1P4P1/7K w - - 4 1,2,
0de6f374,2k5/pp6/2p2pp1/4q1rp/2R2n1P/Q7/PPR2PP1/3N2K1 b - - 0 1,2,
e1ab1121,6k1/R7/6K1/p7/2P2p2/1Pb1r2P/P7/8 w - - 0 1,2,
3f36d3a0,4nrk1/1p3ppp/pq6/3PPbBP/P1P5/2N2Nb1/3Q2P1/R4K1R b - - 0 1,2,
e16b2c84,2r1k2r/2qp1pBp/4p3/p7/Nn2P3/1P3N2/PK4P1/3R1Q2 b k - 0 1,2,
237170ae,r6k/3R3p/8/4p3/1pP1Pp2/rP1B1P2/6P1/1K1Q4 b - - 0 1,2,
99cc662c,r5k1/ppnq2pp/2p1b3/5Q2/3P4/P7/1PP2RPP/2K2R2 w - - 7 1,2,
944853c3,8/1R3p2/3Npk2/P3n1p1/7p/2P4P/1P3rPK/8 b - - 0 1,2,
4c125ee7,6rk/6p1/2QR3p/p7/P7/1P2PpPP/1q3P1K/3R4 b - - 0 1,2,
212e8b10,4r2k/p3rpp1/2R4p/7q/8/5Q2/PP3PPP/3R2K1 b - - 0 1,2,
b25bdfeb,2N2k1r/1p3p1p/p5pP/4p3/8/bqB5/1Q4P1/2KR1BNR b - - 0 1,2,
4e5f2f34,6k1/p4p1p/1p1q2pB/3p4/P7/5N2/1r4P1/2R3K1 w - - 0 1,2,
f07a5956,3r2k1/pb3ppp/8/8/2p5/6P1/PB2PRBP/7K b - - 0 1,2,
2a039c6a,Q6R/8/6k1/6pp/8/6PK/r7/8 b - - 0 1,2,
a3fb9c92,2r2r2/p7/1p2Qq1k/3p4/8/6R1/P5PP/7K w - - 2 1,2,
7d634f48,4r3/p4pk1/1p4p1/3P1n2/2Pq4/1PQN4/1P4PP/5R1K b - - 5 1,2,
52f7c808,8/1p2kr2/2pR2RP/5P2/1q4P1/2r5/6K1/8 w - - 10 1,2,
1b3d8d2b,3r2k1/1p4p1/p1p2p2/3b3Q/1P6/P1q2P1P/2B3P1/4R1K1 w - - 5 1,2,
b938a5e8,2q3k1/5ppp/7r/pp6/8/PP1QP1PP/2P2P1K/3R4 b - - 9 1,2,
df9432d0,6rk/1bR2Q2/p3p2p/Pp2NpP1/1P5K/4p1P1/5P1P/5q2 b - - 0 1,2,
756eabbc,r3q3/p3b1rk/2bpNp1p/2pN1P2/5Q2/8/PPP4P/R1B4K w - - 0 1,2,
6ce362b5,8/8/8/8/8/1P2R1pk/2r5/6K1 b - - 3 1,2,
bd7f0966,r7/pp6/k1n2B1p/6p1/1Q2P3/2R5/P3b1PK/5q2 w - - 6 1,2,
b82bf5b2,1rb2k2/2p2pb1/p1B5/1p5q/4N3/7P/PP3PP1/3R2K1 w - - 0 1,2,
c9b171d4,6k1/1R3p1p/8/1p4KP/2b1P3/P7/4r3/8 w - - 3 1,2,
c0943b94,r1b2rk1/1p1p2pp/4p3/p5N1/3n2P1/3Bn3/PPP4P/5RK1 w - - 1 1,2,
0ff447cf,7k/1R6/6pK/3r4/1p6/6P1/8/8 w - - 0 1,2,
2a99547e,3rr1k1/1pp2pp1/pq6/6N1/1P6/P2b3P/2P1QPB1/4R1K1 w - - 0 1,2,
898a363e,6k1/p4bNp/3B2pP/1p4R1/1Pp1P2P/P4r2/1KP5/8 b - - 0 1,2,
f47890dd,r5k1/1B3pp1/7p/8/1R6/3P2Pb/5P1P/6K1 b - - 0 1,2,
6776fcd6,8/2R1b1k1/q2p1p2/P2Rp1pp/1P2P3/5QPP/5PK1/r7 b - - 10 1,2,
fbd506a1,8/p3pr1k/8/4bq2/P3Q3/6RP/1P4PK/8 w - - 3 1,2,
5d3841f1,8/1p3kp1/p1b1p3/8/4n1P1/2PNP3/PP5r/R2R1K2 b - - 1 1,2,
ff1c4f91,8/8/5R2/1k6/p5P1/2rr4/PK3R2/8 b - - 0 1,2,
616ae1b0,5k2/ppR2pp1/7p/3r1N2/8/1P1n4/P1K4P/8 w - - 4 1,2,
6b8a4eab,1k1r3q/1pp1n3/p7/4P3/3P3N/2P2Qp1/P7/1R3R1K b - - 2 1,2,
fdf986da,6k1/1p3ppp/p1n5/3B1q2/PP1b4/3P4/2P4B/1R1Q3K b - - 0 1,2,
237507cc,r4rk1/2p2p2/1p2p1N1/3qP1N1/3P4/6K1/2Q3P1/q7 w - - 0 1,2,
999c07e5,8/5pk1/3p1q2/2pPr1p1/2P1PbP1/1P3P1K/4N3/Q4R2 b - - 0 1,2,
c8a1077c,r5k1/pp4pp/3p2r1/3P1b2/3q4/4R1PP/PP2Q2K/R7 w - - 0 1,2,
b4555bcd,6k1/pp3p1p/6p1/2p3B1/2n5/3b1NP1/PPr4P/R2K1R2 b - - 2 1,2,
0d255296,1r4r1/2p1kp1p/5p2/5P2/1P1Q4/P2BP3/2P3PK/2B1qR2 b - - 0 1,2,
5fb44df8,2k5/1p4R1/p1p5/5r2/6P1/8/PP4r1/1K5R w - - 0 1,2,
d03f44eb,1r4k1/2Q2p1p/6p1/8/2nq1P2/1P4P1/P5BP/R1B4K b - - 2 1,2,
3e1e07f4,5r2/1p4k1/2p1B3/1PPp2p1/3P1p2/2rn1Pn1/6KR/7R w - - 0 1,2,
8bf74bd5,6k1/pp2r1p1/2p2bQ1/1q1p2N1/8/8/PP3P2/1KR5 w - - 3 1,2,
f386bbd6,1r6/R7/8/1p1B4/8/P7/1PP2kPK/8 b - - 2 1,2,
93fc3172,2k1b3/ppp5/2n1R3/6p1/q1r5/P1B5/1PP3r1/1K1R4 w - - 0 1,2,
f203b607,8/1p3rk1/2pQ3p/4pqp1/8/6P1/1r3bK1/6BR w - - 0 1,2,
95f7aaa9,4R3/1p3pk1/p5p1/2q5/8/2P5/PP2QnPP/6K1 b - - 4 1,2,
831c66aa,6r1/pp3ppk/3b3p/4p3/6QR/P2q4/1P6/K5R1 w - - 6 1,2,
739e0d14,8/5p1k/p2R3p/1p3Np1/4P3/1P3nPK/P1r4P/8 b - - 1 1,2,
760ead9c,3qb2k/4r3/3p1p1p/rppB1P2/3pP3/P2P4/2PQ2PP/R5K1 w - - 0 1,2,
69dc227d,r3r3/pp1n3p/2k2np1/2p5/2P2B2/3P4/PP2RPPP/4R1K1 w - - 2 1,2,
96b3cf03,3r2k1/5ppp/bQp1p3/8/1p2P3/1P4N1/5PPP/3R2K1 b - - 0 1,2,
8e17fd27,4r1k1/2p2pp1/p1p3Qp/8/3P1b2/2P2R1P/P1P1rPP1/R5K1 b - - 0 1,2,
96e3aebd,1r6/p3ppk1/2pp1np1/8/Pq2P1b1/2NBQ3/1rPK4/2R4R w - - 2 1,2,
0e576442,r5k1/p4ppp/3bP3/1p6/4p1qn/PNP3P1/1B2RP1P/R2Q3K b - - 4 1,2,
38c92795,5k2/R4pp1/p2r3p/1p5n/8/2P5/P1KB1P1r/4R3 w - - 6 1,2,
4d6a325d,4Q3/7p/5p2/5kp1/p7/7P/q4PPK/8 w - - 2 1,2,
6cd91290,2r5/6pp/2P2p2/5P2/KNk5/7P/3R1P2/8 b - - 0 1,2,
be297dc9,2r3k1/1p3pp1/p1nb3p/3p4/3P2n1/P1N1RN1q/1P3P2/2RQ1BK1 b - - 2 1,2,
3dc37757,8/5ppk/2P4p/8/8/4PQPb/3qBP1P/6K1 b - - 0 1,2,
2370e545,r3n1k1/6pr/p1p3Qp/3p3P/8/3P4/P1q2PP1/4R1K1 w - - 0 1,2,
822164e3,r7/pbp4k/1pn3NP/8/1n1P4/2N5/qPPQ2P1/2KR3R b - - 2 1,2,
09385568,1k4r1/1bq2p1p/pN3Q2/2p2P2/P7/8/6PP/1R2R1K1 b - - 6 1,2,
0a64292c,2r3k1/R5pp/1p1pR3/6r1/3P4/8/PP3PPP/6K1 b - - 0 1,2,
34d67399,1R6/8/p5r1/5R2/k1PPn3/8/1P4r1/2K5 w - - 6 1,2,
a8caaf5d,2r1r3/1p2bpk1/p2p2p1/5bN1/2pq1P1Q/8/PP2p1PP/2R1R2K w - - 6 1,2,
2d3f124f,3rr1k1/1pp2ppn/p2b3p/1P2q3/P5N1/2P4P/1BQ2PP1/R3R1K1 b - - 1 1,2,
5a6f2719,7R/7R/2B4p/8/6pk/1p5P/3r2PK/8 b - - 0 1,2,
d424f614,3q2k1/1b2br1p/pr4p1/6Nn/8/1BBP4/PPP3P1/5R1K w - - 0 1,2,
11b7a0fd,2r2r2/4ppk1/2p1b3/p1R5/3n1K2/1P1N4/P5B1/7R w - - 2 1,2,
7331ff23,6k1/ppQ1p3/4p1p1/4n1Kp/5rR1/1N6/P5P1/8 b - - 0 1,2,
a07cf090,6k1/p1p4q/1p1p2r1/4n1Q1/6P1/2P5/P1P2R2/6K1 w - - 1 1,2,
d41f6dde,3k4/2b2r2/p3pq2/2Q5/4R3/5R1P/P1P2PP1/6K1 b - - 2 1,2,
6b98fe3a,6k1/3R2p1/1p2r1P1/4p3/1p1p4/r7/2K2P2/6R1 w - - 2 1,2,
9c00e236,1k5r/pbp2p2/1p1p3Q/8/1PP5/P1n1P3/2B2PP1/3R1RK1 b - - 0 1,2,
fffbb9c9,6k1/5pp1/6p1/8/pR6/Pb3rP1/1r5P/4R1K1 w - - 0 1,2,
1f5491ae,3Br3/1b3kpQ/4q2p/1Pb1p3/2Pp4/7P/2B2PP1/1R2R2K b - - 0 1,2,
6e1c152a,2r2rk1/5pq1/pp6/2p3NQ/Pn2N3/1B1Pp3/1PP5/2K5 w - - 1 1,2,
a1745b5e,4Rrk1/1bp3p1/1p5p/p4pq1/3P3N/6Q1/5PPP/RB4K1 b - - 0 1,2,
502cece7,6k1/1R4pp/4K3/p2n2P1/8/1P1p4/P7/2r5 w - - 0 1,2,
3a17faac,8/pBp4p/1p1P1kp1/8/1P3PKP/P5R1/4r2r/1R6 b - - 0 1,2,
ec874cf1,1r4k1/1p2p1qp/pQ2p1p1/3p4/P2P4/2N1b1P1/1P2P1B1/5R1K b - - 0 1,2,
c5eb057c,r6k/ppp4n/3b3R/4q1p1/8/3B3P/PPP3P1/5Q1K w - - 1 1,2,
9324be82,r5k1/1p4pp/p3Rp2/5q2/1B1N4/Q2p3P/1Pr2PP1/R5K1 b - - 1 1,2,
f4d35c48,1R6/1P6/7p/6p1/6P1/6PK/1r5P/5k2 b - - 0 1,2,
961ce63d,r5k1/2pN1ppp/1pPb4/3P4/4P1Q1/7P/5PP1/R5K1 b - - 0 1,2,
59e197b1,1r3rk1/ppp2ppp/3p1q2/6n1/2P5/1P1BP1P1/P1Q2PKP/R4R2 b - - 6 1,2,
60db3588,r4r2/p4N1k/1p5p/3p2PQ/3P1q2/2P4P/PP3P2/6K1 w - - 0 1,2,
6b9e6a82,2r3k1/p7/2Bp2pp/3P2rq/P1PQNp2/5P2/5K2/1R2R1N1 b - - 7 1,2,
b745e396,2r3k1/6p1/p5P1/1p1R4/8/8/2r2PP1/3R2K1 w - - 0 1,2,
200eda75,6k1/7p/pp1b1B2/2p2p2/P2n4/1P5P/4r3/2R2R1K b - - 2 1,2,
3ff70150,8/8/4b3/1p1kbppp/7P/PP1P1P1K/2P3P1/4R3 b - - 2 1,2,
afa43025,r4r2/4R3/1p4pk/p2pp3/7B/1P1n4/5P1P/6RK w - - 0 1,2,
275b2eb3,5bk1/4p2p/pq1pP1p1/1p6/5Q2/2NnP3/PP4PP/6K1 w - - 2 1,2,
935c29ad,8/2q4r/4p1k1/p1p1PpP1/Pp1p4/1P1P1BK1/2P2B2/5Q2 b - - 0 1,2,
3a9fb66f,2k5/1p6/2pK4/3n4/4r3/4p3/1P4R1/4B3 w - - 2 1,2,
c62e13a4,8/pR5p/1p1n2pk/8/5KP1/2r2P2/r6P/5R2 w - - 4 1,2,
166d8cff,r7/ppp1kNpp/8/3Qp3/4Pq2/1B3P1b/PPP4P/R3R2K b - - 2 1,2,
5c77eefd,8/8/5k2/2R2pp1/8/4PKP1/7r/8 b - - 3 1,2,
98fbfdab,r2r2k1/1p1b2Pp/pqnP4/5p2/1P3p2/P4N2/1B3PP1/R3KB1R w KQ - 0 1,2,
7d248cc0,r2r4/p1pk4/2p2Qp1/4Bb2/6p1/2P5/P1Pq2PP/5RK1 w - - 8 1,2,
57c0f311,r3r1k1/pp3ppp/2p5/3p4/3P2bP/2PQ4/PPBn1q1P/R3R2K w - - 0 1,2,
9f77209f,r4rk1/2p1bpp1/p2p4/1p2P2p/4Pnq1/2P2NP1/PPB2P1P/R2QRK2 b - - 4 1,2,
c9601c73,r5k1/pNR5/5pp1/8/3PRn2/8/PP1r3P/7K b - - 0 1,2,
fa2ffd4d,8/1R2Qp1k/5qpp/8/8/7P/5PPK/r7 b - - 5 1,2,
201edb94,8/p4pk1/6p1/8/5qNp/1P4bP/P1P1Q1P1/7K b - - 3 1,2,
cb816f04,5k2/5p1p/1r2p1p1/8/3Q4/1q5P/5PP1/3R2K1 w - - 2 1,2,
57e661d3,r4rk1/p4ppp/bb2pq2/1p1pN3/1P6/P5P1/2P2PBP/RQ2RNK1 b - - 0 1,2,
42c57238,k5r1/1p6/p1pQ4/5Bq1/6n1/8/P1P3RP/3N3K b - - 1 1,2,
bec7798d,5r2/1b4k1/3R4/p1p3p1/PpPb1pP1/7K/3B4/2Q4N b - - 0 1,2,
e5ca79b2,1k2r3/1pp2ppp/p4n2/8/q7/3QB2B/1nP2PPP/3R2K1 w - - 2 1,2,
c7167cfe,1B5k/p3PBpp/8/4Rp2/3P1n2/8/PPr2P1P/6K1 b - - 0 1,2,
dd60ae1d,8/8/p7/1p2PR2/8/KPk2P2/P5r1/8 b - - 0 1,2,
9759ec69,2b4k/pp4pp/5r1q/n4p2/8/5N2/PQP2PP1/4R1K1 w - - 0 1,2,
ef250c24,2Q2R2/1pp3pk/1p5r/4p3/2P1Pn2/P2P4/2r5/3R2K1 b - - 8 1,2,
b3cadd0c,2rk2r1/5p1p/3p3Q/2qNpP2/1p2P1P1/pP5P/P1P5/1K1R3R b - - 0 1,2,
73f90b6f,r5k1/pp3r1q/2p1QB2/2bpP3/6P1/2P5/P1P4P/R4R1K b - - 0 1,2,
d7a28627,r3r2k/ppp3p1/4q3/7p/4bQ2/2P1B1NP/PP3PP1/R2R3K b - - 5 1,2,
0adef148,3q2k1/Q1R3p1/3Bp2b/4P2p/2P5/5P2/5KPP/3r4 b - - 8 1,2,
9d728f4f,2b2r2/5p1k/3Npb2/2n5/4P3/3R4/q1PK3P/6R1 w - - 0 1,2,
176ab089,2r5/q4pkp/p3p1p1/1p2P3/5B2/PQ3N2/1Pr2NPP/3RR1K1 b - - 0 1,2,
8d531010,1b2rq1k/p5p1/1p1p3p/2pN4/1PPn2Q1/P1NP2P1/3R2BP/6K1 b - - 2 1,2,
d55aac68,3rrb1k/2n3p1/1p3pQB/p4N2/4q3/2P4P/1P4P1/5RK1 w - - 0 1,2,
cb0015ae,r5k1/1p1R1ppp/8/1p2N3/q1p1BP2/6P1/rP3P1P/1K1R4 w - - 6 1,2,
aa920bb8,3r4/2R3B1/8/1k2pP2/4P3/P1P3R1/2K5/3r4 b - - 2 1,2,
1819b04c,r5k1/pp1bR1b1/2n3P1/2pq1r2/3p3Q/1P6/PBPP4/2K4R w - - 6 1,2,
77e85ae6,4r1k1/p4p1p/8/1ppp4/4rNB1/1PPKPQ2/P6q/R1B5 b - - 0 1,2,
594d1017,3r2k1/1p3ppp/p5q1/8/2Pr4/P6P/1PRBBQP1/3KR3 b - - 3 1,2,
bac4ef44,4rk2/pp2q1p1/2pb2Qp/8/3P4/1B5P/PP3PP1/R5K1 b - - 0 1,2,
2ff1747c,3r3k/8/6pK/7p/2P1QP2/3q4/6P1/8 w - - 4 1,2,
b39bdb13,2k3r1/2p2p2/p4pr1/P3PN1p/5P1q/4Q3/6PP/R4RK1 b - - 1 1,2,
cc3697f0,1r3rk1/1pp5/3p2p1/3Pq3/p7/P2Q4/1PP4P/1K4R1 w - - 0 1,2,
8979b02d,4Q2R/6k1/3q2r1/6r1/8/3p3P/5PP1/3N1RK1 b - - 6 1,2,
577470fb,4r1k1/5ppp/p2N2n1/3Q4/1q1P2P1/8/1PP5/2K1R1R1 b - - 0 1,2,
c2e12bf0,1k6/pp2bp2/3q2p1/6Pr/2R1Q2P/PP2P3/KB1r1P2/2R5 b - - 2 1,2,
7ba55fd0,rnbk4/1p4R1/p3pr2/5p2/3p1P2/7R/PPP3P1/2K2B2 w - - 2 1,2,
c0cefb8c,r1b2rk1/2R5/p3p2p/3pP1pq/1p4p1/3BP2P/PP3Q1K/2R5 w - - 0 1,2,
a0540fdc,8/5ppk/8/pPQp2q1/3Nb1P1/P3P3/5P2/6K1 b - - 0 1,2,
a2d165ff,6r1/ppkb1Q2/4p2p/3pP3/3q1P2/2P5/P6P/R4R1K b - - 0 1,2,
2d96a69b,1r4k1/4p2p/2b2pp1/8/2N5/P2R2P1/4PP1P/6K1 b - - 2 1,2,
1bbe9777,r6k/5p1p/5P2/5p2/1P2b3/P1Q3P1/7q/K1R5 w - - 0 1,2,
835f39cb,1q4k1/p3ppBR/6p1/2pPpb2/8/1r1B1N2/3Q2P1/2KR4 b - - 0 1,2,
9a87091c,8/1R6/8/6B1/1bP4P/5k2/r7/5K2 b - - 7 1,2,
9c4ed1e2,6k1/2R2p2/3p2p1/1p1P4/3Pb1P1/5Q2/1q2r1BK/8 w - - 1 1,2,
c0ef9f83,5r2/2p1np1k/p1n3b1/2b2Np1/2P2p2/3B1N1P/PB4P1/3R3K w - - 5 1,2,
986aaa26,5b1r/p2q1k1p/2n2ppB/8/8/7P/P1P1QPP1/4R1K1 w - - 4 1,2,
936304b7,r4qk1/3n1rB1/b4bB1/p2p4/P1pP2Q1/7R/6PP/RN4K1 b - - 0 1,2,
30abc448,6k1/5p2/6p1/7p/3B1P1Q/1p1qP2P/2r3P1/4K3 w - - 8 1,2,
162b26dd,1r5k/6p1/7p/5Q2/2p1B3/2Pp4/5PPP/4qNK1 b - - 3 1,2,
ee7c0472,4r1k1/5p1p/6pQ/p4pN1/Pn1q4/8/6PP/2R4K w - - 0 1,2,
67b92ef8,6r1/pp3p1k/2pp2r1/5N1p/4P2P/P1PP1Qpq/1P4Rn/6K1 w - - 3 1,2,
a7deb103,4r2b/pp6/1q1p3p/3P1Qrk/2P4P/8/PP4N1/7K w - - 3 1,2,
42d91ae1,3r3k/Q1R4p/5p2/4pn2/1P6/5qPP/5P1K/8 w - - 2 1,2,
966d5b7c,r3k3/pp6/2p2pq1/3p4/7r/2Q1P1P1/PPP2P1p/2R1R2K b q - 1 1,2,
b2380ffd,4rrk1/p3p3/1qp2p1P/5Q2/8/1P2P1P1/6P1/5bK1 w - - 0 1,2,
f61fdd35,6k1/r3pp1p/3p2p1/8/5P2/p7/2q3PP/QR5K w - - 0 1,2,
b3459fe4,6k1/p4p1p/1p2pBp1/1P2Pn2/8/2r2QPP/5R1K/4q3 w - - 6 1,2,
a9bd7adf,4Q3/7k/7p/4p1pK/2P3P1/5p1P/3R1Bq1/r7 b - - 1 1,2,
b688aa0f,r3R3/ppp2Qpp/2k5/8/2Pq4/3P4/P4PPP/R5K1 b - - 0 1,2,
378497ec,r5r1/ppb1k1q1/4pp2/2P4p/1P5P/PQ3P1b/1BB2P2/R5RK b - - 4 1,2,
9c2c0718,3QR3/p4rkp/6p1/2rp1p2/8/5B1P/1q3PP1/2q2RK1 w - - 0 1,2,
d420f4fb,6k1/p4ppp/1p1pr1r1/1P1Qpq2/P1P1n3/4P2P/1B3PP1/R4R1K w - - 4 1,2,
311960e4,6k1/1b4p1/p3p3/1p2P1Q1/8/P2B4/1P3qPP/2B4K b - - 0 1,2,
92817bcb,2r2r2/5p1k/p2q2p1/1p1p3p/3Q3R/2P3R1/P5PP/6K1 w - - 10 1,2,
f9703ad8,8/pp5p/1k3p2/2p5/4B3/PK2P1P1/1brr1P1P/1R3R2 b - - 1 1,2,
2d3af293,3r2k1/pp3ppp/2p2q2/2P1p3/1P4Q1/P3P1P1/3r1PBP/2R1R1K1 b - - 0 1,2,
263db96c,4k3/4p2p/p3Nr2/1p3P2/4P3/np5P/7K/3R4 w - - 3 1,2,
f144cb13,1rb3k1/p4rpp/1np4q/3p4/3PQ3/2PB4/PP4PP/5RK1 w - - 0 1,2,
ef1e4926,4q1k1/5R2/3K2P1/2p2N2/3b4/3P4/2r5/8 w - - 4 1,2,
352fec3b,5bk1/pp1Q3p/2np2p1/3Np3/4P3/7P/PPPq2P1/7K w - - 0 1,2,
13dde3fa,6k1/6pp/8/2p2NK1/1r6/8/1r2R2P/8 w - - 0 1,2,
cac694e1,2r3k1/1R3pp1/p3p2p/3pP3/5QPn/q6P/P1r2P2/R5K1 w - - 1 1,2,
e848fcd5,8/6pk/2R2b1p/2B5/PP4P1/1K3R1P/2r5/2r5 b - - 0 1,2,
75e649f4,r3r3/ppp3k1/2n3B1/6q1/3P4/2P1n3/PP3QPb/2K5 w - - 0 1,2,
2dc8ac11,r2r2k1/ppp2ppp/1b2b3/5q2/4N3/3Q4/PB3PPP/3R1R1K w - - 8 1,2,
f5e15b37,r5rk/p5p1/1p1Bqp1p/2p1P3/5Q2/P1P4R/1P4PK/8 w - - 0 1,2,
be61dbc6,5rk1/1p1b4/1q2p1pP/p2p4/3P4/1P4Q1/P1n1B1KP/2B5 w - - 0 1,2,
c81180bb,4r3/1p3p2/pbp2kp1/3p4/5P2/P1PQ1R2/1P1B2KR/4r3 b - - 2 1,2,
206dd4f4,7k/1p4r1/7B/p3PQ2/2nP4/P1q5/6PK/5R2 b - - 0 1,2,
0ca62558,4r3/pp3pk1/2p2p2/1q6/3P4/P1P2BP1/1PQ2P1P/6K1 b - - 2 1,2,
33094d5c,2k3r1/pp1n1p2/2pq1b2/3N1Q2/3P3p/4PNP1/PP6/2R2RK1 b - - 0 1,2,
f1cd3ecf,5k2/p1p1rpp1/1bB4p/5b2/8/2P4P/2r3P1/3RR2K w - - 0 1,2,
d2341213,r2q2r1/pp3pk1/5Np1/5nP1/1b6/1B1P4/2P5/3K1R1R w - - 3 1,2,
a7d18d26,3rr3/1Q6/pp6/1kp5/8/2B5/PPP2PPP/5K2 b - - 2 1,2,
f68809ff,5rk1/2b3p1/p4p1p/1p1p3q/1P1P3B/2P2Q2/P7/5RRK b - - 0 1,2,
25de30f7,5r1k/6pp/1p6/3P4/1P6/P2b2Q1/5RPP/2q2BK1 b - - 4 1,2,
82c1af05,r7/4R3/2n1p1k1/p2pPp2/2pPnB2/7K/6N1/8 w - - 4 1,2,
cf7834cf,6rk/1b6/4p1r1/pp1q2p1/2pP3P/2P5/4QRP1/5RK1 w - - 0 1,2,
66d06d5b,5k1r/3p1ppp/3r1qn1/p1p5/Pp1p4/3P1Q2/1PP2PPP/R1B1R1K1 w - - 0 1,2,
4b6923b7,2r5/1R5p/6pk/5p2/4P1PP/2p2P2/2K5/8 w - - 0 1,2,
b2053ab2,6k1/8/2N3pp/2Ppb3/1P2q3/p6P/P2Q2P1/7K b - - 0 1,2,
02139156,7k/6p1/p6p/1bQ5/3P4/BKP5/PP2qP2/8 b - - 8 1,2,
249e28a2,r5k1/pp3p1p/2p3p1/4Rbq1/P1PQ2n1/5B2/5P2/4R1K1 w - - 0 1,2,
680a7ef5,7Q/3kNp2/3p1np1/p2P4/Pp1NP2P/1Pnq4/6K1/8 w - - 1 1,2,
6071647c,3rr1k1/2R2pbp/p5p1/1p1Q4/4B3/5P1q/P1R1KP2/8 w - - 4 1,2,
2109c912,2r3k1/p2B1pp1/1p2rn1p/3pN3/QP1n4/P3P1P1/5PP1/2R2K1R b - - 0 1,2,
2897c52f,1k1r3r/2p2pp1/2P1p3/p2p3p/Pb1P2b1/3QPqP1/1P1N1P2/2R1K1R1 w - - 3 1,2,
8af42371,k6r/1p3p2/pPpQ4/P3p3/2P5/5P2/3RKRP1/1q5r w - - 1 1,2,
ae49bbfc,6k1/pR6/3pr2p/P5p1/6K1/P2r4/2R5/8 w - - 0 1,2,
b3d8bfa3,6R1/4rr1p/3q1p1k/6p1/p6P/4Q3/5PP1/4R1K1 w - - 1 1,2,
ccfcde13,2k4r/pp2R1pp/8/1Pp5/3r2n1/P2B1Qpq/2P2P2/R5K1 w - - 0 1,2,
1dfe7525,3r1r2/1ppb1pkp/p5pq/3PR3/P2n2N1/2N2QP1/1P3P1P/R5K1 w - - 5 1,2,
d034b4fe,1r2kr2/pb1p2q1/1p2p1Np/2p1P1p1/2P5/2P2Q2/PP4PP/5RK1 w - - 0 1,2,
6fd8010e,k6r/pp1Q4/3B4/4P1P1/8/PP5P/8/5qRK b - - 2 1,2,
09a5260a,2kr3r/pp1n4/2p1R3/3p3p/N2q2n1/6Q1/PPP2PP1/R4BK1 w - - 0 1,2,
f1f4ac8a,1k6/1p3B2/p1p5/2p5/2P1P1pp/R2P2P1/3r1P1P/6K1 b - - 0 1,2,
b6b64218,2r4k/2PqbBp1/2R4p/5p2/3p4/2r5/5PPP/2Q2RK1 w - - 5 1,2,
7be2d2f4,5bk1/2Q4p/p3P3/5pp1/8/2P4P/3q2PK/8 w - - 2 1,2,
a05cf96a,8/1p3ppk/b6p/p2pq3/P5Q1/1P4N1/2R3PP/6K1 b - - 0 1,2,
8c1f6e6a,4N3/4B2p/1p5k/5pp1/3bp2K/6P1/4B2P/1r6 w - - 0 1,2,
4c132db9,6k1/2q3p1/p1p2p1p/P2p1nPQ/4b2P/1r6/8/2R1R1K1 w - - 0 1,2,
bb5752e7,2Q5/pp2kpp1/1q2pb1p/3r3P/3P4/2P2P2/2B2P2/K2R3R b - - 0 1,2,
ebdeb43a,r5k1/1b3r2/p2qppp1/1p1p4/5P2/1PPBP1PR/1P1K2P1/7R w - - 2 1,2,
980f69c3,3r3r/pp3k1p/1q3P1Q/3p1p2/8/8/PP4PP/R6K w - - 0 1,2,
8fbcf25b,1k1r3r/1p2R1Q1/p1p5/2p5/2Np1P2/3P2P1/2P1R1K1/1q6 b - - 3 1,2,
62c161ee,4rr1k/ppQn2pp/8/8/8/3p4/PP3RPP/RN4K1 b - - 0 1,2,
f82329ef,4rk2/p3r1bQ/1p2Pp1R/8/2pqBn2/8/PP5P/6RK w - - 0 1,2,
e7429e99,6k1/4rppp/3p4/p1pP1Qq1/1pP5/1P2b2P/P4PP1/4RK2 w - - 0 1,2,
57529b5e,3k4/p1pb4/1pBb4/7p/3P1P2/2P1R3/q4P1P/4R2K w - - 2 1,2,
40b9448b,6rk/2q2p1p/ppn1p3/3p1p1Q/3P4/2PN2PP/PP6/R4RK1 b - - 0 1,2,
f782a1f5,2k3r1/pp4qp/1b1Q4/4N3/1P6/P5P1/5P2/4RRK1 b - - 0 1,2,
b780cf66,8/1Pq2p1k/4p1pp/8/7r/P4B2/4QPP1/1R4K1 b - - 2 1,2,
0e5af037,5rk1/p3P1p1/1pb4p/2p1Q3/2Pp3q/3P3P/PP1B2P1/4R1K1 b - - 0 1,2,
1efe030a,rn4rk/1b1nR3/p5q1/1p1p4/3P4/2P1Q3/PP3PPP/RN4K1 w - - 9 1,2,
853e1415,6kb/p1Q2p2/1p3Pp1/1q4Pp/4r2P/2P4B/PP5R/3K4 b - - 0 1,2,
7edae162,2B3k1/p4pp1/1p5p/2b5/5B2/5P2/PP2qP1P/RQ4K1 b - - 0 1,2,
10740b33,6k1/1b3rp1/4p2p/3pR3/1p1P1q2/1P1BR1PP/P3Q2K/2r5 b - - 0 1,2,
bc59f8c7,2kr4/pp3p2/4p2p/2b1B3/1qQ1R2P/8/PPP2PP1/2K5 b - - 1 1,2,
fc552754,8/p4k2/1p1p1np1/1P1Pp3/P1q1P2P/2N1Q1PK/8/8 b - - 4 1,2,
02ca402a,4k2r/ppp2p2/1qn2bp1/6N1/1P3PQP/P1p5/2P3P1/1K1R4 w k - 1 1,2,
c2e1a622,6k1/5p1p/2B1bQp1/1P4P1/4P1qP/8/5P2/R4K2 b - - 6 1,2,
bbb39cf6,4r3/4PR2/3p1pp1/2b3k1/1p2P1P1/8/6P1/3R3K b - - 0 1,2,
a2dd841f,1r3r1k/7p/p2N1b2/4p2p/8/1Pp2P2/P1P3R1/1K4R1 w - - 0 1,2,
d2ea44f7,3r2k1/2q1P1p1/6Pp/1p3P2/1n6/pP2QB2/P2p4/1K1R4 b - - 0 1,2,
63801d10,r3r1k1/pp3p1p/3b2B1/4q3/8/P4Q1P/2PB1PP1/RR4K1 b - - 0 1,2,
c902c78e,r2qr1k1/6pp/p1p5/1p2BQ2/3P4/2P1n3/P3N1PP/5RK1 w - - 1 1,2,
7db933af,r1b2r2/pp1n1p1k/5B1p/q1pp2P1/1bP5/1Pp5/P3PPP1/R3KBNR w KQ - 0 1,2,
76d7f382,r1bq2r1/bp3p1k/p3p3/3pPpP1/3N1P2/P3P3/1P5P/R1BQ2K1 w - - 0 1,2,
43559e5a,8/6pk/p2r4/3p1q1p/4pn1P/2P3P1/PPQR1P1K/7R b - - 5 1,2,
856b832e,8/p6Q/3N4/4Rpp1/5k2/7K/PPr4P/8 b - - 1 1,2,
1f1c128e,1r4k1/R2Q1p1p/6p1/4b3/4q3/6PP/5P1K/2r5 w - - 0 1,2,
89a63dff,5kr1/5p2/3R3p/3Bp3/1P2P3/P4R2/2r4P/7K b - - 0 1,2,
2ace137e,8/p4p1k/5Qp1/1P2P2p/5P1K/6P1/P4q1P/8 b - - 0 1,2,
e796bbb6,8/R7/6pk/2b5/5PP1/r6P/p5K1/8 w - - 4 1,2,
e554220c,k1q4r/3b1p2/1Q1p4/p2Pp1pp/p1p1P3/2P5/1R2B3/1K6 w - - 0 1,2,
73086e65,r1b4k/pp3Qpp/2p5/5q2/3Pnp2/5P2/PP3BPP/R5K1 w - - 0 1,2,
e795278a,5r1k/2q3r1/ppp1B1Qp/3p3p/PP1P4/4P1P1/5P1K/4R3 w - - 5 1,2,
f6870db5,1k1r3r/p1p2p1p/2p2p2/8/8/8/PPP2PPP/3RK2R b K - 1 1,2,
0b9a28db,k5r1/2R4p/P4p2/1p3P2/2pq4/8/4Q1PP/R6K b - - 2 1,2,
9f865314,5r2/R7/6p1/2B4p/1P2b2P/P1k1P3/4K3/8 b - - 2 1,2,
2372c253,4r2k/pp5p/1q4pQ/3r2b1/6P1/3P4/PP5P/2R2R1K w - - 1 1,2,
da35e074,R7/4k3/P3B3/1p1P4/4P3/2PK1Pb1/1P3r1r/5R2 b - - 1 1,2,
dde376ec,r3kb1r/2p2ppp/p2p2q1/1p2pN2/4Pn2/1B1P1P1b/PPP2P1P/R1BQ2RK b kq - 12 1,2,
dbbb6023,6k1/8/R3p1K1/1p2Pp1p/1P1q4/8/7P/8 w - - 0 1,2,
c2590093,8/8/3R4/6pk/4p3/4bp1P/3p2PK/8 w - - 0 1,2,
0b76c92e,4Q3/5pp1/5P1k/p3p2p/4Bq2/P1P2P1K/6PP/3r4 w - - 1 1,2,
af94c6ed,4Rn2/5k1p/p5q1/5pQ1/1p1p3B/3P4/r6P/7K w - - 0 1,2,
7e626765,5k2/pR5R/7p/7K/2r5/P4P1P/1P3br1/8 w - - 6 1,2,
2a710181,4Rr1k/p2R3p/1p4p1/2q5/8/1Q6/PP3PPP/6K1 b - - 0 1,2,
620dc0ae,5r1k/1p4r1/p3Q3/4PN1p/3P4/7P/P1q3P1/3R3K w - - 2 1,2,
ff7c84ae,r1b2rk1/3pQppp/p7/1p2R3/8/8/PPP4q/1K2R3 w - - 0 1,2,
33fa8fbc,2r4k/pp1Q3p/8/3Nq1P1/3p1p2/4b3/PP5P/4RR1K b - - 0 1,2,
892e4956,3r4/p1k5/Pp2Q3/1P1p4/4q1P1/6K1/6P1/8 w - - 2 1,2,
f205588f,6rk/1Q3R1p/p7/2p1p3/4PR2/P1P5/1P4PK/4q3 b - - 0 1,2,
3624f463,r3r1k1/pR4p1/3p1p1p/2p4Q/2P1q3/8/P5PP/5B1K w - - 0 1,2,
fd18909c,2kr4/5pp1/2B5/p7/P2P2p1/2P5/2QN1qP1/1R5K b - - 0 1,2,
d52459eb,k3r3/pp1r1ppp/5n2/8/Pq1P1Q2/5b1P/5PPB/R3R1K1 w - - 0 1,2,
e04d738b,r5k1/4ppbp/p5p1/q2N3P/1n4P1/1P3P2/1BPQ4/1K1R3R b - - 0 1,2,
228e7b16,1r1qr2k/1bp4B/1pn3QR/4p1b1/p5P1/1NP2P2/PP2R3/1K4N1 b - - 0 1,2,
eea0cb7e,3r2k1/p2r2pp/1p2R3/8/nP6/2q5/P3QPPP/4R1K1 w - - 0 1,2,
14c98a7c,b4rk1/5p1p/1q2pp2/8/2p1PP2/2BnR1P1/6BP/3Q2K1 w - - 2 1,2,
d5d84260,7k/pp4p1/1q4bp/3rB3/3p3n/7P/PP3QP1/4R1K1 w - - 0 1,2,
c0f91648,r5r1/4pp1k/2qpb2p/p1p1n2N/PpP1P2R/1P1PQ2P/6P1/R5K1 w - - 3 1,2,
6ad04fc2,8/2PR2p1/5r1k/7p/B5p1/1P4P1/P1n3KP/8 b - - 1 1,2,
8fc10837,8/p5rp/1p5k/5Kb1/8/4P1R1/6PP/8 w - - 5 1,2,
48bbec99,rr4k1/pb3ppp/1p1N4/5N2/6P1/P6P/1P6/5RK1 w - - 3 1,2,
cb602d5e,5rk1/5ppp/4p3/3bP3/3P4/2QNB3/1RN1KP2/7q b - - 3 1,2,
a9bea00d,5bk1/5p2/5Ppp/p7/4Q1PK/1Pr4P/P7/8 b - - 7 1,2,
ef1c851b,4r3/1pR5/p5kp/6p1/P5P1/1r6/6PK/3R4 w - - 4 1,2,
0ac9160f,5r1k/ppN1n1pp/6rN/2bB3q/2P3bP/3PP1P1/PP6/R4RK1 w - - 0 1,2,
fe5439c7,2r2rk1/3p1p2/p1q1pB2/1p5p/4P1nP/b7/P2Q1PK1/3R3R w - - 1 1,2,
4963b2dd,5k2/R5p1/4K2p/8/6PP/pr6/8/8 w - - 3 1,2,
298929ef,k7/P4p1p/1p4p1/2qr4/4Q3/2P3PP/1P1r1P2/R3R1K1 b - - 0 1,2,
82f82dd5,1QQ5/5kpp/5p2/3Pp3/1q2P3/5P2/6PP/r5BK b - - 0 1,2,
3312c522,8/R7/8/5k2/3r2pp/6P1/P4P1P/6K1 b - - 0 1,2,
feb16ef1,5k2/1p2r1bR/2p3R1/p3r3/P1B5/2P5/1PK5/8 w - - 9 1,2,
0a61e3b3,4r1k1/1p1q1pp1/2p4p/7r/3P4/1Q2P2P/5PP1/R5RK b - - 3 1,2,
578a774c,8/3q4/3r2Pk/p3Qp1B/4bP1K/8/PR6/3q4 w - - 1 1,2,
f936eef1,6k1/pp3p2/3p1Qp1/2p2q1p/3r4/5P1P/PP4PK/4R3 w - - 2 1,2,
da6b8fce,r4rk1/pp3pp1/2p4p/8/3Pn2q/1PN3P1/1PP3K1/R1BQ2R1 b - - 0 1,2,
b66399d4,3r2k1/2Q2ppp/4pq2/2b5/8/2P5/PP3PPP/R1B2RK1 b - - 5 1,2,
59269fe6,4rk2/6R1/p1b5/1p4pp/3Bp3/1PP5/1P4rP/2K1R3 w - - 2 1,2,
fe320338,4rr2/b5R1/p1p2p1p/2Pp1P1k/1P4q1/P2P2P1/1B3R2/6K1 w - - 0 1,2,
5c67d6f7,r5rk/1pp2p1p/1qn5/3B2Q1/1p2P3/P1PP1P1P/1PK5/6R1 w - - 4 1,2,
81b886b2,6k1/p1p5/2Q2p2/4pPp1/2R3P1/2P2q2/PP1r2BK/8 b - - 0 1,2,
3730cbf5,r3b1k1/ppp1Qn2/1q2N1p1/3p4/6P1/1PPP4/P5BP/3n3K w - - 0 1,2,
725e978e,4r1k1/1p2r1p1/p7/3p2N1/6qP/2RQn1P1/PP6/6K1 w - - 0 1,2,
a52cbab5,r4rk1/pp3ppp/3NpB2/3p2R1/b7/2P2P2/P2q2PP/R5K1 w - - 0 1,2,
fbe1810d,r4rk1/1p2b1pp/pB1p4/P2Pp3/2P1B3/2K3R1/1P2qP1P/6R1 w - - 0 1,2,
ac55ee3b,2r2rk1/1pbQ3p/p6p/3p4/P3Bn2/2P5/1P4PP/R1B2RK1 b - - 0 1,2,
b48375f0,1k2B2r/1bpQ2Bp/p7/1p6/8/8/Pq3PPP/RN4K1 b - - 0 1,2,
d868c374,7r/2R1bpkp/4pn2/6B1/1q1Pp3/6P1/r4PKP/2Q5 w - - 0 1,2,
b954ed3c,4r3/2p1qp1k/1p1r2p1/p1p3Rp/4P2P/2Q2PR1/P1P2P1K/8 w - - 0 1,2,
69bc0612,r4rk1/2R1QNbp/4p1p1/3pP3/1p3P2/7P/6PK/5q2 w - - 0 1,2,
a4349bca,1Rr3k1/5ppp/p7/4Q3/2q5/7P/5PP1/6K1 w - - 0 1,2,
33a28da5,8/8/3K4/3B3k/2P5/6Q1/8/q3r3 w - - 0 1,2,
8d20ca06,r1kqQb1r/ppp1p2p/6p1/8/2B5/8/PPbP1PPP/R1B1K2R w KQ - 0 1,2,
295ecba9,2kr4/Qpp4p/2b3p1/5p2/2Nn1P2/3P4/P3r2P/2R2K2 b - - 6 1,2,
b8250a37,8/p6p/3Q2p1/5p2/6P1/7k/P6P/5qRK b - - 8 1,2,
7e4393f7,5rk1/pp2Q1p1/1b2p1p1/1P1p4/6P1/3K3P/P4r2/4R2R b - - 3 1,2,
18bcf516,2b2k2/5p1p/2n2Pp1/8/1r2P3/pPr5/P1PRBK1P/3R4 w - - 0 1,2,
6e74de05,r1q1r1k1/1b3pbp/p2P1np1/1Pp1N3/8/R1N4P/1P2B1P1/2BQ1R1K b - - 0 1,2,
6c20279d,3r3r/bp1N1pk1/p1p5/3pp1PB/q3P3/2PP4/PP6/1K3R1R w - - 7 1,2,
e782fb3f,2k5/1p1q1pp1/p7/B1P1Q3/5K2/2PP4/P5r1/3R1R2 b - - 0 1,2,
40cb70d3,r3r1k1/1R3pp1/p2b3p/3B4/3p4/P1q2Q1P/2P1nP2/5R1K w - - 0 1,2,
c2262a53,2r5/6pk/1qR5/p2QpP1P/1p6/8/PPP5/1K4R1 b - - 0 1,2,
6cbbce36,r3r1k1/pp3ppp/2p5/4Rq1b/2BP4/2P4P/P4PP1/4R1K1 w - - 0 1,2,
cca79371,r4r1k/p3R2p/5p2/1p2n3/6N1/2nB4/2P2PPP/6K1 w - - 3 1,2,
73b74920,6k1/1R2R1p1/7p/8/3r4/5P2/r5PP/6K1 b - - 3 1,2,
d637c700,3r2k1/pp2p3/4p1NQ/2pp4/q3P2P/2PP2P1/PP3r2/1K1R3R b - - 0 1,2,
8ac331bc,r3q1k1/1p2b1p1/2p1Rr2/6N1/1p1P2P1/3Q3P/PPP5/6K1 w - - 0 1,2,
363b66a3,1k1r1br1/1p1q1p2/1Pp4p/4pN2/Q3Pnp1/8/1PP2PPP/4R1K1 w - - 2 1,2,
79b4f92c,r4r2/1pq2p1k/p6p/2p1bP2/6R1/P2P1P2/3Q1P1P/6RK w - - 0 1,2,
19a3d2c3,8/8/5N2/8/5Q2/2P1K1P1/2k3b1/q7 b - - 3 1,2,
e0889373,r7/6pp/1RN2k2/8/4n3/8/6PP/6K1 b - - 0 1,2,
28916558,rn3r1k/pb3pp1/1p2p3/3p4/2Pp2P1/5R2/PPQKB2P/q7 w - - 0 1,2,
abc4f7e1,8/R5bk/6p1/2R4p/1p2rP2/1P5P/2P2PP1/1K6 b - - 0 1,2,
7cc30657,2rqk3/1p3pQN/p2p4/4p3/1PP5/3B1b2/P4P1K/R4R2 b - - 0 1,2,
375c6900,3r3k/ppp2Bpp/1b5q/5N2/8/5n1r/PP3PQN/R5RK b - - 4 1,2,
844707d5,2r3k1/4R2p/5Qp1/8/8/2q2PK1/p7/8 w - - 0 1,2,
a366cfdd,k2r4/pp1n1pp1/2p4p/q2R3P/4N3/6Q1/PPP2PP1/1K3B1R b - - 0 1,2,
e72183d2,r4rk1/pp1b2pp/2nbp3/8/2pPQ3/2P5/PPB2qPP/R1B1RN1K b - - 2 1,2,
88822f06,r1bq1rk1/ppp2ppp/2nb1n2/3N2N1/2Bp4/P3P3/1PQ2PPP/R1B1K2R w KQ - 0 1,2,
dd68cfc6,5rk1/7N/p2p1npQ/q2Pnb2/5N2/Pp3P2/1Pr3P1/K2R1B1R b - - 0 1,2,
c1f0c736,4r2k/p5rp/2p3p1/q7/3P1P2/6n1/BPP3P1/K3R2R w - - 0 1,2,
bb351743,r6k/1pQP2p1/1p1p1q1p/8/4P3/7P/PP2n1P1/R1B2N1K b - - 2 1,2,
07955771,8/pp3P1k/2p4p/3p3Q/4rq2/2P4P/PP2r3/6RK w - - 1 1,2,
77d6a48b,8/7p/Q7/6pk/8/7P/6PK/4q3 w - - 0 1,2,
346f7487,8/1p1R2p1/p4p1p/1p4k1/nr4P1/5R2/7K/8 w - - 1 1,2,
0defd402,6k1/2R2pp1/7p/4r1b1/8/P3P1Pb/1PNRPK1P/8 b - - 4 1,2,
b7c06088,6k1/p4ppp/4p2b/3q4/Pp6/1P1n1PPP/1BQ1P1K1/8 w - - 0 1,2,
6b98744c,5rk1/pp3p1R/2b2qp1/2n1B3/2P2P2/3r3R/P5PP/6K1 w - - 0 1,2,
358c8242,r5k1/8/p2p3Q/1pp2R1p/3bP1q1/P5P1/2P4P/1R5K b - - 0 1,2,
efc0d9e4,r5k1/1pp2p1p/p5q1/6p1/3BQ3/8/bP3PPP/4R1K1 w - - 2 1,2,
d6449309,8/p4p1k/K2R4/8/6RP/2r2P2/Pr6/8 b - - 5 1,2,
fcf1220a,5r2/5pk1/3R3p/1q1P1Q2/4P2P/Pp6/1P6/1K6 b - - 0 1,2,
280bef96,6k1/pQp2pp1/2pq3p/8/4P2P/2P1bP2/PP2K1P1/4R3 b - - 0 1,2,
0cb04d71,7k/7p/pp1rR1p1/2p3P1/3p4/PB4b1/1PPK4/8 w - - 4 1,2,
0aca5c05,3rkb1r/pp3pp1/2p2p1p/5Q2/4p3/2P5/P1P2PPP/2K2BNR b k - 0 1,2,
33920d22,4rk2/p1q2p2/4r1b1/1p1p1NQ1/2p5/2P5/PP4PP/R5K1 w - - 10 1,2,
2e4e5b44,8/8/4R2p/3pBppk/3P4/4PN1P/P4nPK/1r6 b - - 0 1,2,
8acfe9a2,8/8/8/R7/1pP4p/1B3k2/Pr6/5K2 b - - 0 1,2,
82519b0a,r5k1/pp3ppp/1qp2Pb1/4Q3/n4B2/P2P3P/1PP2P2/2K1R3 w - - 1 1,2,
e67c6964,7Q/pprk1N2/4p3/3pP3/P7/1P6/5PP1/3q2nK w - - 1 1,2,
f6ff7de7,6k1/N3pp2/6pK/3q3p/5Q1P/P5P1/4r3/8 w - - 6 1,2,
921b5e4c,Q6R/3rkp2/1p2p1p1/p3P3/5PP1/3q3p/7P/2R4K b - - 0 1,2,
fa8c030f,r7/pp3q2/2p4Q/3p1P2/nP4R1/2k5/P3r3/2K5 w - - 0 1,2,
cbf00bbb,6k1/1b1n1q1p/1p1Q2p1/2p3B1/2P1p1B1/2P5/r4PPP/1R2R1K1 b - - 0 1,2,
fa0e72c5,k7/1pR5/p3Q3/3P4/6r1/6q1/KP6/8 w - - 2 1,2,
671a4ccb,8/1qR1bp1k/4p1p1/1B5p/Pr6/4P1PK/2Q2P1P/8 b - - 8 1,2,
cfedbe6f,8/R7/4pkp1/3p4/3PrPPK/8/8/8 w - - 2 1,2,
16ce7a3f,2kr3r/ppp1np2/3q2p1/3p2Pp/2nP1P1P/1PNQ4/P1P1N3/2KRR3 b - - 0 1,2,
9b190638,8/R6p/1p4pk/3n1p2/1Br2P2/P4K2/7P/8 w - - 5 1,2,
041bbdac,br3rk1/2q2pp1/1p1b3p/p1p5/P1PpP1n1/3P1N1P/3N1PP1/QR2RBK1 b - - 0 1,2,
5a292f26,1r2r1k1/1b1n1p1p/p3p1pQ/1p4N1/8/qP4P1/P3RP1P/6K1 w - - 0 1,2,
2edd1ccb,2r4k/4q3/p2p3p/1p6/5Rn1/1NP5/PPQ3P1/5R1K b - - 0 1,2,
616dc20a,8/7p/7k/8/1p2b3/1P4PP/7K/3Qq1R1 b - - 2 1,2,
85c844a1,6k1/p4ppp/n7/q3p3/6P1/1P3Q2/PB2NbPP/3N3K b - - 0 1,2,
91486d33,5r1k/p5pp/1bp3b1/8/1P4Pq/P1Q2p1P/1B3P2/3R1RKB b - - 3 1,2,
cbdc247d,6k1/4pp2/r3b2p/P3Q1pP/8/5qP1/2r3BK/R2R4 w - - 0 1,2,
27cc5a10,7k/p4Qp1/4n2p/4p3/2P1P1P1/1P4q1/r5B1/5RRK b - - 0 1,2,
66ed04df,1q5r/1b1r2Qp/ppkP4/2p1p3/2P4P/8/PP3P2/2KR3R w - - 0 1,2,
fd0836bf,5Q2/7p/5pp1/2p4k/5K2/p1q5/P4PPP/8 w - - 0 1,2,
34af52a6,8/5Qpk/3Bp3/4P3/5PPK/1p6/2q4P/8 b - - 0 1,2,
eadcbc06,5k2/p3b2p/4p1p1/4R1P1/3r4/1P5P/P1P3B1/2K5 b - - 1 1,2,
1e9d7125,8/p7/2p4p/4Q1pk/P7/2P3PP/1P1p1q2/7K w - - 0 1,2,
5c2c3098,1k1r4/1pp4Q/p7/P2rq3/8/7P/R4PP1/2R3K1 b - - 1 1,2,
36d308ff,4r1k1/3Q4/3p1pp1/2p4p/P2p4/5N1P/1r3PP1/5K2 b - - 0 1,2,
5acbeb9f,6k1/pr4p1/4p1Pp/1p1rNp2/3P1n2/PK6/1PR2P2/3R4 w - - 6 1,2,
601cb3c8,5k2/1pp2r2/5Np1/p2PQ1K1/2P3P1/5p1P/PP3q2/8 w - - 0 1,2,
ac7bb466,5rk1/p5pp/1p6/3p1p2/3Pn3/1Rr1RP1Q/P5PP/6K1 b - - 0 1,2,
32089849,6k1/5pp1/5q1p/8/3P4/P2QP1P1/1Pr2PP1/3R2K1 b - - 0 1,2,
a02631fc,r7/3R3p/pp4pk/5p2/5PP1/P6P/7K/8 w - - 0 1,2,
7a1832b0,r1b1kb1r/1pp1p1p1/p2P4/5p1q/5Bn1/2NQ1BP1/PPP2P2/3RR1K1 b kq - 0 1,2,
b01a42da,4k3/pp1rbp1Q/2p4p/6r1/1q6/4R3/5PPP/4R1K1 w - - 1 1,2,
c2af4dd4,2b1r1k1/pp2rpp1/2p1p2Q/4q3/8/2nB2R1/PP4PP/1R3K2 w - - 0 1,2,
90e588bb,6k1/5p2/p1p1p1p1/4P3/3q4/4Q3/1P3PPP/1B4K1 b - - 1 1,2,
6dd9ae3f,8/6pk/1p5p/p7/P3b1P1/1N4bq/1PP1Q1N1/2B3K1 b - - 3 1,2,
0febb161,8/pppk1p2/3p2p1/2bB4/4NP2/6Pq/PPPB3r/2K1R3 w - - 2 1,2,
4df067b3,5rk1/3Q1p1p/p4P2/1p6/P1n5/6PK/3p1q2/3R4 w - - 2 1,2,
abd4af47,3r4/5pk1/p4np1/q3pb2/1pP5/7R/PP2N3/K1Q2B2 w - - 4 1,2,
744146e1,k1r3r1/p2Q1p2/4p3/4P2p/8/3p1q2/PP6/1KR5 w - - 0 1,2,
72099a02,2k5/ppp4p/6r1/3R4/5p2/4b1r1/PPP1R1PK/5Q2 b - - 0 1,2,
7f996473,r2k2nQ/n1p1q3/Np1p4/1P1Pp3/P3P3/3BKP2/6r1/2R4R b - - 4 1,2,
dcb434be,6rk/7p/pp6/2pRP2K/7P/5r2/PP2R3/8 b - - 0 1,2,
e88931df,1q4k1/3r2p1/1pR3Bp/p2p3P/P2P2n1/1P3P2/4QP2/2R3K1 b - - 0 1,2,
6ad24fdf,r3r2k/1ppb3p/p1nb2pB/8/3Pq3/2P2Q2/PP3PPP/5RK1 w - - 0 1,2,
fe8ee720,3rr3/pp3p2/5P2/3PPbkp/8/1P6/P2R3K/2B5 w - - 1 1,2,
fddfdcbf,r3r1k1/p1R2pbp/3p2p1/q7/4NQ2/8/5PPP/4R1K1 w - - 1 1,2,
13a5e347,4R3/4b1r1/p4q1k/1p5p/2p1Q2P/6P1/PP3PK1/8 w - - 3 1,2,
54bb3e54,6r1/1p1r1Rpk/p1b1p2p/q7/3Pp1R1/1PP3Q1/P5PP/6K1 w - - 1 1,2,
589e19d9,6k1/pp2bp1p/4p1np/3pPq2/1P6/P3P1N1/2r3PP/R2QR1K1 b - - 3 1,2,
f5c674f4,R4R2/4r1pp/5pk1/3r4/P3qQ2/4P1PP/5P2/6K1 b - - 2 1,2,
8fbb04c9,6k1/pp1r2p1/6p1/8/4RR2/P2n2KP/3r2P1/8 w - - 6 1,2,
35e96d5f,5k1r/r3qPb1/p7/2Q5/1p2N1P1/6Pp/PP1N1R1K/4q3 w - - 3 1,2,
9caf9cf0,1rr3k1/pp2qpp1/2n1p3/2PpP1N1/3P2P1/P2Qn3/5P2/1RR3K1 w - - 0 1,2,
f97f8e4b,r1b1rn1k/1p4n1/pq1P2pp/2p3N1/P1P3P1/2N4P/1P2BR2/5RK1 w - - 0 1,2,
0c3ffdf9,6k1/p1p2prp/3p4/4rQ2/8/1BP5/P1P5/7K w - - 0 1,2,
d554f5d2,8/8/p4Knk/8/1r2p3/8/1p6/1R6 w - - 0 1,2,
02906829,6k1/p4p2/1p2p1p1/7r/1P4p1/P3PqP1/1Q3P1P/3R2K1 w - - 3 1,2,
ee37abd8,2r3k1/p3nppp/1q6/4P3/8/P2Q1N2/1Pr2PPP/R3R1K1 b - - 2 1,2,
244155ea,1k1r3r/pppb3p/3b2q1/1N1P4/P5n1/4Q3/1PP3PP/R4R1K w - - 3 1,2,
64efd2ce,r5k1/pp3p1p/3p2p1/2pPb3/2P1Rn1q/2NB3P/PP1Q1P2/4R1K1 b - - 0 1,2,
edd0536e,2r4r/pp2qp1k/4p1p1/3pQ2p/8/3B3R/P1P2PP1/6K1 w - - 6 1,2,
37c661fa,5rrk/pp2R1p1/2p1Q2p/4P1N1/8/P7/4qbPP/5R1K w - - 2 1,2,
082fe7f4,2kr1b1r/p1p1pppp/1pP5/2P5/2Q5/nP1B4/P4P1P/1qBK1R2 w - - 16 1,2,
f8dc8fd4,8/1p3p1p/p5k1/2p1nR1N/8/1P4PP/P2rr3/5RK1 w - - 1 1,2,
7afee40c,1rb2r2/2R3pk/7p/pp3N2/4q2N/6P1/pP5P/K4R2 w - - 0 1,2,
0765078e,1k2r3/2p2ppp/QP6/8/3qb3/3r2P1/1PP4P/R3RK2 w - - 0 1,2,
bcff4222,7k/ppq2p1p/6p1/4p2N/2Pr2Pn/5Q1P/P4P2/5RK1 w - - 1 1,2,
d15be4aa,r4qrk/3b1p2/p1n1pP2/3pP1Np/3P2P1/2pB3R/7P/R5K1 w - - 0 1,2,
2a35237a,2r4r/6pp/1q6/5Q2/P5nk/8/1Pp2PPP/R3R1K1 w - - 2 1,2,
3d341ec6,4bk2/1p3p2/4pN2/4Pq2/3P3Q/6P1/7K/8 w - - 11 1,2,
0cfd6b1d,1n1q2k1/4b1p1/r3prN1/p7/1ppP1B2/P3P3/1P3P2/R3K2Q w Q - 1 1,2,
368bbf3c,3q4/7k/pp4pB/2p1rp2/P2n1N2/5rP1/Q6P/5RK1 w - - 5 1,2,
0e4fcc14,2k5/7p/2p5/2Nb1q2/1P1R4/7P/P5P1/3R3K b - - 1 1,2,
6f6985b1,8/2b2pk1/4r2p/5P2/2P3p1/1N1B3P/2R3P1/7K b - - 0 1,2,
a54d5b25,r4bkr/pp1n2p1/2pqp1N1/3p3P/3Pn3/2NB4/PPP5/R1BQK2R b KQ - 0 1,2,
2ce60011,5r1k/1R1R4/p7/2p5/1nP4P/8/1P6/1K6 b - - 8 1,2,
b64ef211,1k5r/pp1q4/3N4/2P5/3P4/3nPQP1/PP4K1/5R2 b - - 4 1,2,
8fd88e21,rnb5/kp6/p1pQq3/P2pP3/1P1P2p1/3B4/2P5/2KR4 w - - 1 1,2,
b1e1dd25,5r1k/ppp3p1/4Q3/4Bb1p/8/5r2/PP1K4/8 w - - 4 1,2,
33d810b7,5rk1/2q4p/R2bp1p1/2Bp4/3P4/1P5P/2PQ2P1/6K1 b - - 0 1,2,
2bed20c4,3r2k1/pp2Qppp/2r5/2p2P2/6nN/2Pq4/PP1N4/R1B2RK1 b - - 0 1,2,
b3da1953,8/5pkp/2R5/5PK1/r6P/4n3/8/8 w - - 6 1,2,
101fdd9a,4r2Q/1R3p1p/3kp1p1/3p4/1p1P3P/6PK/8/1q6 w - - 6 1,2,
0e271ece,1k6/1pp2p1p/p3q1p1/8/PP5r/4PP1P/3PQP1K/R6R b - - 2 1,2,
d17ea0bb,r3k1nr/ppp2ppp/3p1qn1/8/3PP1Q1/6N1/PPP3PP/R1B2BKR b kq - 0 1,2,
66491353,2kr1b1r/ppp2ppp/4pn2/2N5/7n/4B2P/PPP2PB1/2KR3R w - - 2 1,2,
eae61a85,8/3P1kp1/2Q4p/4p3/2P2nq1/8/P4PP1/5RK1 b - - 2 1,2,
36998308,2Q1r1k1/5pp1/1p1R3p/p4Q2/5P2/6PK/q5r1/2R5 b - - 0 1,2,
2ff062a7,2r2k2/5p2/p3p1R1/1p2P3/5P2/1BrQ4/P4KP1/2q5 w - - 1 1,2,
9dc068b1,3r4/5Rp1/2k4p/1p2pBb1/2n5/1P5P/P1R3P1/1K6 b - - 2 1,2,
b615f28a,5r2/p5p1/6Rp/3R4/3p3k/1P1P4/P4r1P/6K1 b - - 1 1,2,
88bda121,2r3k1/1p3p2/1q4nQ/pB2P1P1/P7/1KPrb3/8/5R1R w - - 5 1,2,
248e960e,4r1k1/3qp3/1n1p1npP/2pP2Q1/1p2P3/r7/5PP1/1RR3K1 w - - 0 1,2,
3b16c60c,4r1k1/2R3p1/p6p/1p6/3N1n2/2P5/PP4BP/7K b - - 0 1,2,
4a1fd758,r7/2p2Q2/6pk/4N3/1P1PP2q/2P4P/5PR1/7K b - - 0 1,2,
66a02c0d,6rk/4p3/4Np2/ppPQ4/6q1/1P6/P4P2/5K2 w - - 3 1,2,
e1915e54,r4r2/p4pk1/2b1pnp1/1ppq4/6N1/1PPP1P1P/1P1Q2P1/R4R1K w - - 1 1,2,
d969aabc,8/8/1p2R1p1/pN3pk1/3P4/2P3K1/PP2R1P1/r4r2 b - - 3 1,2,
2fd32f2a,2Q5/1p6/p3p1pk/5q2/8/6P1/P1n4K/8 w - - 4 1,2,
dc2f67b6,5bk1/1p4p1/p1bp1p1Q/3n1N2/3Bq3/P1P5/6R1/6K1 w - - 2 1,2,
c259ba0e,8/1Qn2p2/p1pk1q1p/P3rB2/2R2pP1/8/1P3PP1/6K1 b - - 0 1,2,
d5ce3abd,r7/p6p/1kp1b2Q/4Pq2/3R4/1N6/PPP3rP/1K5R b - - 3 1,2,
320885c3,r3kbnr/pp3pp1/4p3/3pPbBp/2Pq3P/8/P2NKPP1/R2Q1B1R w kq - 0 1,2,
7bf91e4b,r1br2k1/ppp2p1p/4p1pQ/2b5/8/2B5/PP3RPP/RB4K1 b - - 0 1,2,
6d6d82b6,1r3r1k/p3Nq1p/3p1P2/4p1Q1/2p5/5P2/PPP5/2K3R1 w - - 3 1,2,
78583710,6k1/p5p1/5p1p/3pb3/7q/2PQ1N1P/Pr3PP1/R5K1 b - - 3 1,2,
666bc52b,3r1r1k/pp2Npqp/4b3/7Q/7R/3B1p1P/PPPK4/8 w - - 2 1,2,
497ff903,r2q4/1b5k/3p2p1/p1n1p1P1/1pBpP3/1P3rP1/P1PQ4/R3K3 w Q - 0 1,2,
930c3f0e,r4rk1/4RR1p/2p3p1/1p1pN3/3Pn3/2P5/1P4PP/6K1 b - - 5 1,2,
12b2d535,r7/3qpQ2/p2p1r1k/2p4p/1n2P1b1/1BNP4/1PPK4/6RR w - - 1 1,2,
e54eb792,2r2k1r/p3npb1/6p1/4q2p/4N3/3Q4/PPP3PP/3R1R1K w - - 2 1,2,
f16654c8,4q2k/pp5p/5pnP/3p1Q2/2r5/P1n5/1P3PP1/R5K1 w - - 0 1,2,
bf282e7b,8/1k6/p7/1p1pP3/3P1qQ1/6R1/PPr2PKP/8 b - - 0 1,2,
d0544e8d,8/6pk/6p1/3p1p2/p7/P1Q2K2/1B3PPP/1q6 b - - 3 1,2,
887ff57f,2k3r1/1ppq4/p1np1B2/b3p3/B3P3/1QPP4/PP1NbP1K/2R3R1 b - - 4 1,2,
33b5824f,r4r2/pp3p1k/5p1p/3q2n1/7N/P2P2P1/3QPP1P/1RR3K1 b - - 9 1,2,
17c78015,6rk/6p1/p1Q4p/1p5R/q7/7P/5PPK/8 w - - 2 1,2,
9e314058,5k2/5p2/5R2/8/P5Q1/2P2BPK/1P3P2/q5r1 b - - 2 1,2,
b79d9fe8,3kr3/1p1nr1q1/3Q4/1n3B1p/2R3pP/6P1/6PK/8 w - - 2 1,2,
f5eb64bf,6k1/p4ppp/8/1p3K2/NP3P2/3Pr3/PB4r1/R4R2 b - - 5 1,2,
59fc40e9,r5k1/ppp2pp1/3p1q2/3P2Np/5pnP/P1P5/2P1QPP1/4R1K1 w - - 3 1,2,
ecedf7bc,2rqk2r/pp1bp2p/6p1/3pb3/8/2PB4/PPQ3PP/R1B2RK1 w k - 0 1,2,
cf623350,8/4Nk2/3PR3/3R4/p7/1p2PP2/PP3r2/1K6 b - - 0 1,2,
694ff988,8/5K1k/8/8/8/8/6r1/5R2 w - - 14 1,2,
32fe7e7a,r5k1/2R2p2/p2p1p1Q/1p1P1q2/8/PP5P/4rPP1/2R3K1 b - - 2 1,2,
467488e0,4r2k/p2Q4/p1p1r3/8/8/2N3qP/PPP3P1/R3R2K b - - 2 1,2,
fd4f390a,4rk2/1p3r1p/p3pN2/2PpPpQ1/2q2Pp1/8/6PP/5R1K w - - 6 1,2,
a6f22b7c,2r3rk/3R2p1/p6p/5Q2/7R/6PP/2p2PK1/q7 w - - 0 1,2,
861a7c0d,7k/6p1/2R4p/4Q3/6K1/4B1P1/5r1P/5q2 b - - 3 1,2,
a77b289d,7k/4r1pp/5p2/8/pQ6/7P/5qPK/8 w - - 0 1,2,
abab55c5,r2r2k1/pp2b1pp/1qb5/3p4/2B3P1/1P3Q2/PB4KP/2R2R2 w - - 0 1,2,
7b1b4d69,6rk/1pq2p1p/p3bp2/3p1N2/3P2PQ/1P2P2P/1Pr5/R4RK1 w - - 1 1,2,
5f3bc937,4rr2/2p2pk1/ppQ3p1/3p1pP1/3P1P1R/3q4/P5K1/8 w - - 0 1,2,
e9fed262,1k3r2/1ppq3p/p7/8/1P4P1/P3Q3/5B1P/6K1 w - - 0 1,2,
404bfb7a,r1b3k1/q4ppp/p2pr3/1p2b1Q1/2p1P3/4RR2/P1B3PP/7K w - - 4 1,2,
dd70ec45,3r2k1/p4pp1/7p/4b3/P1Q5/2P2P1P/6P1/3R3K b - - 0 1,2,
5fedd24c,8/p7/2R3p1/5p1p/P6k/1r5N/6K1/8 w - - 5 1,2,
f1e1bae2,7k/pR6/1b5K/8/r7/6P1/8/8 w - - 4 1,2,
dddd9961,6k1/p5p1/2p1p2p/1p1p4/1P1P2n1/2P2Rq1/P3Q1P1/6K1 b - - 0 1,2,
a5153e59,r1b1r1k1/p2p1pp1/1qp4p/np2p3/1P2P1n1/2PPBN2/P1B1K1PP/RN1QR3 b - - 4 1,2,
d29f6aae,3QN3/p4p2/2p1b1kp/2q3p1/8/1P4PP/5P1K/8 w - - 2 1,2,
26b675d5,1r2k1r1/1q3p1p/3RpB2/p1p5/NnP2P2/1P6/1K4PP/3R4 w - - 0 1,2,
f2836d85,k7/1ppQ4/7p/p1N5/3P4/2P5/PP1K1P2/1q4r1 w - - 0 1,2,
ae2b3312,6k1/3R4/6K1/4r3/6p1/8/7p/8 w - - 0 1,2,
85926c6c,7k/p1p3pp/1pq1P3/2p2pn1/2P2P2/2P3P1/P3Q2P/4R1K1 b - - 0 1,2,
fa7780e3,r7/1bpp1RB1/p1n1p3/1p1k4/3PN3/2P1PP2/rP2K1P1/8 w - - 0 1,2,
65f4ee86,3r3k/p4Qb1/3q2Pp/1p6/2p3P1/PP3N2/B1P5/1K2R3 b - - 0 1,2,
fe6a3df8,7k/6p1/3Q4/4pP1p/6P1/5P1K/1r5P/6b1 b - - 0 1,2,
abdf9d8c,4r1k1/p2R1pbp/1p4pB/2p5/6P1/5Q1P/4rPK1/1q6 w - - 0 1,2,
1c59d94e,5rk1/pp5p/2p3p1/3pR3/5r2/2P1Q1Nq/PP5R/6K1 b - - 1 1,2,
4ead485c,7r/pp3kb1/3p3r/2pP4/3p1Pp1/3P2P1/PP1Q1R2/4R1KB b - - 0 1,2,
f47e982e,r1b2r1k/pp4p1/2p3P1/2Ppbp2/8/3Q4/PP2K3/RN2B1q1 w - - 6 1,2,
6ba399c7,4r3/pp2rpk1/3p1p2/2pPpP1Q/2P1R3/3q2P1/7P/5R1K w - - 0 1,2,
ed6a1753,1k1r4/2pq1p2/Q1pp1p2/N7/3PP3/2P1bb2/PP4PK/R4R2 b - - 0 1,2,
622163c1,2k4r/ppp2p2/4p3/4P1Q1/1P5r/P1P4P/4q1PK/4RR2 b - - 2 1,2,
b867f659,6k1/5bpp/2p1Qp2/p1Np4/3P4/1PP2PK1/6P1/6rq w - - 6 1,2,
54cba80f,3r4/p4Qp1/5n1k/3P1B1p/8/2q5/P4PPP/1K1RR3 b - - 0 1,2,
064a94ef,4r1k1/Q4p2/4nq2/6p1/7p/4P2P/Pr3PPB/1R1R2K1 b - - 5 1,2,
65d27bcf,1k6/pp3pp1/2pPpbp1/Q2q4/3P4/8/PP3P2/1K1R4 w - - 2 1,2,
462eb590,5r1k/pp3R1p/2p1p3/3p3q/2PPp2P/1P2p2P/PB4RQ/6K1 b - - 0 1,2,
1038f5d5,r2q4/4k1p1/p2b1n2/P3p3/1pBp4/1P2P2Q/2PP1P2/1NB1K3 w - - 2 1,2,
4d2abe26,r1k1q1Q1/pppb1r2/5B2/4P3/6p1/8/PPPR2PP/2K5 w - - 3 1,2,
f9d81ef1,8/ppp1k1q1/1bnpprP1/4p1Q1/4P3/2PP4/PP1N2P1/R4R1K b - - 1 1,2,
27bf2694,5K2/2r5/5k2/3R4/8/8/8/8 b - - 3 1,2,
68d9fa02,5R2/4rP1k/3N1Qnp/pPp2pp1/8/2P4r/P4P2/6K1 b - - 0 1,2,
99d69da3,2Q5/7p/p2p2pk/2p5/P3PK2/5PPP/8/q7 b - - 16 1,2,
0c27a913,6k1/ppq2p2/2p1p1p1/3rb3/7Q/2B4R/PPP2PP1/6K1 w - - 0 1,2,
9ea8cc26,r3k2r/2p2pp1/p7/1p2p2p/4N1n1/1BP1P1qP/PP2Q1P1/R2R2K1 b kq - 0 1,2,
c99726d1,8/2N2k1p/p5p1/r2RPp2/4nP2/4P3/6PP/6K1 b - - 0 1,2,
a9fdda8e,5k1r/2p1bpp1/3p2q1/rQ1Pp2p/1p2P3/1P1P4/5PPP/4KB1R w K - 0 1,2,
e7b92bbc,r6r/1p1bnpk1/1qn1p3/p1bpP1NQ/3p4/P7/1PP2PPP/R1B2RK1 w - - 2 1,2,
6198a00b,r2q1rk1/ppp2ppp/2n1p3/7P/3P4/P1B1Pp1P/1PP2P2/R2Q1RK1 b - - 0 1,2,
7afdf77f,4r2k/RpQ1b1p1/6q1/3pP3/3P1P2/1P4Rb/1P3P1P/6K1 b - - 0 1,2,
ee6629fd,r3rn2/pp2p1kp/4p1p1/2pp4/3P2NP/2qB1P2/P1P1Q1P1/R5K1 w - - 0 1,2,
d9265b5c,3k4/pp2q3/1n3RQ1/3p2P1/3Pp3/1PN5/PKP5/7r b - - 2 1,2,
5c7fffa8,1q4k1/7p/QR4p1/1PpPbp1n/2P1p3/4B1PP/5PBK/3r4 b - - 0 1,2,
a8fe0bdb,6k1/pp6/3Q1p2/4p2P/2P3p1/1P4K1/P3q2P/8 b - - 4 1,2,
f3388838,2Q4R/pp2k1r1/8/1b6/1P1Pp3/q3B3/5P2/1R2K3 b - - 0 1,2,
05849009,2r2nk1/3n1p1p/p2p2pP/1p2r1P1/1N1q2B1/P4Q2/2P4K/5R2 w - - 0 1,2,
b7d99539,3r2k1/1pb2ppp/p4n2/P2p1R2/1P6/N1P4P/BBR1r1P1/7K b - - 2 1,2,
b5b7ad5b,7r/pppq1p2/1b4k1/3P2p1/4P3/2N2QPP/PP4P1/R4R1K b - - 1 1,2,
6df55f9f,4r1k1/pb3pp1/5n1p/3p4/3Q3q/1NP2P2/PP4PP/3RR1K1 b - - 6 1,2,
c94304e9,1b4k1/pp3pp1/2p1q2p/2Pp2n1/PP5P/4P1P1/2Q2P1K/4RR2 b - - 0 1,2,
74831370,r7/1p2kpr1/8/pP6/P1RP4/4P3/2BB1R1K/8 b - - 0 1,2,
0e30a024,4B3/8/4pR1p/4K1k1/5p1r/8/8/8 w - - 2 1,2,
4d330e53,8/8/8/7r/8/1k6/1P2R3/1K6 b - - 3 1,2,
2789a32b,7k/6p1/1q1B3p/3pPQ1P/2p1n3/5NP1/5PK1/8 b - - 0 1,2,
5b495dcf,1r5k/5Q1p/B3p1p1/Bp2q3/8/P5b1/1P4P1/5R1K b - - 2 1,2,
e25d436b,4Qn1k/6bp/1p2p3/p2p4/8/P6P/4q1P1/5R1K w - - 1 1,2,
a28e1021,2k3r1/bb2rp2/p6p/Bp2Pqp1/1P3p2/2P2N2/3Q2PP/3RR2K w - - 4 1,2,
fa58cfc0,8/7p/p3Q3/3p2pk/3P4/7P/P5PK/1r3q2 w - - 2 1,2,
0b800e31,Rb4k1/2p2ppp/2P5/8/2QP4/2N4P/3q1PPK/4r3 b - - 4 1,2,
04fd3541,r3kb2/pp2pp2/5p2/2qN4/8/P6Q/KPn5/3R4 w q - 1 1,2,
0df81466,r6r/p3kp2/1q2p2p/3nN1p1/Q2Pb3/2p5/1P3PPP/2KR1B1R w - - 2 1,2,
1a598d85,8/R4pk1/8/1P1B3p/P5p1/1r5P/6PK/8 b - - 1 1,2,
0d5e68e8,4r3/1pp1k3/3p1N1Q/p2P4/2PK4/PP1p1p2/8/3q4 w - - 4 1,2,
7e755cc5,r4rk1/ppp3b1/3p2p1/3PqbN1/7R/2P5/PP2p3/2K3RQ w - - 0 1,2,
9c4582cd,4B3/R4Pb1/3p4/p2P4/P4r2/3k4/8/4K3 b - - 11 1,2,
8b7b0cb6,1r6/pr2Qp2/k1b1p3/7p/2P2q2/5P2/P5PP/1R5K w - - 6 1,2,
040ae912,2k4r/1bp5/1p1P4/pPp1R3/P5p1/2N2qP1/4Q2P/6K1 w - - 1 1,2,
ef9e4d56,5k2/1pp2pr1/p2pqN1Q/2b1p2p/2PnP2B/PP5P/2P2P1K/R4R2 b - - 4 1,2,
6358bc0c,2k4r/ppp2Rp1/2p5/8/N2PP1b1/4B1P1/PPP4r/R5K1 b - - 0 1,2,
49e216b4,8/8/7p/R7/1r2p1pk/3p3P/5KP1/8 w - - 2 1,2,
ccc53ee1,4r1k1/pp3p2/7p/3p2p1/6P1/2P3B1/PP1n1RPP/6K1 b - - 1 1,2,
895b0f2e,1rr3k1/5p2/p2Q2p1/3P2Pp/4q2P/P1P5/1P1R4/2KR4 b - - 0 1,2,
d8b6b41e,r5k1/2p2p1b/2Nr1P1B/p1b4p/Bp6/7P/PP3PP1/4R1K1 w - - 6 1,2,
3fca8b69,5r2/1p4k1/p3Q3/3p1p2/P2P3q/2P3pP/1PB5/5R1K b - - 0 1,2,
5004c52c,3k4/8/2K5/1p2R3/1Bb5/2P5/5r2/8 w - - 8 1,2,
e430053d,4r1k1/p5pp/4q1r1/3pP1b1/3P1R2/1P5P/P4QP1/5RK1 w - - 1 1,2,
83e78131,r4r1k/pp3p2/4p1pP/2p4q/4R3/P4Q2/2PP1PP1/5K2 w - - 1 1,2,
7c50f0cc,6rk/6p1/Q3R2p/3q4/8/2p3PP/5P1K/8 w - - 0 1,2,
d8faa751,5rk1/pp4p1/1q2p1Q1/4P3/5P2/3P4/P1K4P/3R3R b - - 0 1,2,
46f4bf75,6k1/p4ppp/1p3p2/1N1P4/1P2Q1n1/P5Pq/5N1P/6K1 b - - 0 1,2,
c63d0a02,6k1/p1B4p/6p1/5p2/3pq3/7P/PP1Q1P2/K7 b - - 0 1,2,
0afd69cc,Q7/5p1k/1q4pp/8/4Q3/6P1/3r1P1P/R5K1 b - - 0 1,2,
40c373de,1r4k1/6p1/2Q2p1p/3p4/1r1P4/pP4P1/P1Bq4/1K2R3 w - - 1 1,2,
463e2e22,5k2/7R/2p3p1/3p4/3B2Pb/2P2P1r/PP5r/5RK1 b - - 2 1,2,
61ac0df7,8/1p2kpB1/2pR4/1pP1P3/1P4p1/5bP1/1K5P/7r w - - 9 1,2,
1dc64317,8/8/4kpp1/2R1p2p/3PK1P1/4PP1P/3r4/8 b - - 0 1,2,
5d4a0f7f,8/4R3/3N3k/P3K2p/2p5/8/2r5/1q4r1 w - - 8 1,2,
a4565853,1r5k/2n1N1p1/7p/5Q1P/3q2P1/1PP5/r7/1KR4R b - - 0 1,2,
de57e369,6qk/pB4r1/1p5p/4P3/3P4/7Q/PP3b1N/R5RK b - - 0 1,2,
189ed7de,2Q5/3r2k1/4pqB1/p3N3/1p6/8/P2r1PPP/R3R1K1 b - - 0 1,2,
eff54479,4r1k1/pp2rppp/2p5/6PP/1qnPp3/1PN5/P1P1QP2/2KR3R b - - 0 1,2,
36dcecfe,5r1k/6pp/4Q3/8/1b3NR1/2qp1p1P/5P2/1K6 w - - 0 1,2,
93f6413b,7Q/p1p1b3/4P1k1/4Bp1q/8/2N2P1p/PP3P1P/7K b - - 0 1,2,
bd7eccae,5R2/p6k/1p4pr/4bQ2/8/2q5/P2r2PP/5RK1 w - - 0 1,2,
b7e017c3,2k4r/ppb2p2/3q1pp1/3P3r/4N3/7P/PP2QPP1/2RR2K1 b - - 0 1,2,
58ee1160,3r2k1/Qpprpp1p/6p1/6P1/6n1/1PP5/P5PP/2R3K1 b - - 0 1,2,
e787d2d9,r3r1k1/1b2b2p/4Pp1B/pp4pQ/8/P7/BPP2qPP/4R2K w - - 0 1,2,
6fbd3f21,r4r1k/1bqp2pp/8/p4p2/1p5N/2bPQ3/B1P3PP/1R3RK1 w - - 0 1,2,
387e18f3,r5k1/pp3pp1/2p4p/5b2/q2R1b2/P1P1PB1P/1P2Q1P1/2K4R b - - 0 1,2,
6900ed97,3Q4/5pBp/4p1p1/8/8/4kPP1/1br1q2P/5RK1 w - - 1 1,2,
48eed0d7,8/6pk/8/4P3/2P5/1P1nR2P/P2r2PB/6K1 b - - 2 1,2,
299957ad,4r1k1/pp6/2p2npp/3p4/3P1q2/3Q3P/PPP2P1P/6RK w - - 0 1,2,
05c5dd77,6k1/4rp1p/3R1b2/8/6q1/2P1BnP1/PP3PQ1/R4K2 b - - 3 1,2,
ee724b75,5rk1/1R4pp/4pq2/p7/6Q1/2N5/PP3PPP/6K1 b - - 0 1,2,
46789704,r5k1/5ppp/2p1p3/3pN3/3P4/1qn5/p4PPP/K1Q1R2R b - - 1 1,2,
e6e0d83b,6k1/5ppp/3pp3/6PP/1p1q1P2/p3rQ2/P1r5/4R1K1 w - - 0 1,2,
f12e8c16,4Rb1k/ppp3p1/7p/8/6n1/PQ4Pq/1P1B1P2/6K1 b - - 1 1,2,
bee10b9c,3r4/1p2rpkp/p1p3pN/2b3P1/7P/P6K/1PP5/4qQ2 w - - 0 1,2,
b46fb463,2r1r3/p1q2pk1/1p3nb1/3pb3/3Np3/P1P5/1P2PPP1/R1Q1KB1R w KQ - 0 1,2,
12b659c2,3r1r1k/3qN2p/8/p1p5/2P1Q3/P5P1/2n3KP/4R3 w - - 0 1,2,
8178c11c,5rk1/2p2ppp/2pp4/Q1b5/P1P1P3/1P3PqP/4R3/5R1K b - - 0 1,2,
2e74d60b,8/6pk/4p2p/1Q6/2P5/1P2q3/5BPP/6K1 b - - 4 1,2,
cc4d6f87,2b1r2N/4k1p1/pp2pp1p/1q1p3Q/3Pn3/bP6/P4PPP/2R2RK1 w - - 8 1,2,
b16061b7,8/8/1R4pp/8/7P/2P3k1/r5P1/6K1 b - - 4 1,2,
b4489c1a,4kr2/1R4R1/4pp1p/p2p4/3P1K2/3b1P2/2r5/8 w - - 6 1,2,
7584ac00,3rk2r/5ppp/1p6/5b2/1b6/5BP1/PP2PP1P/R1B2K1R b k - 2 1,2,
18cd04e2,r5k1/1pp2p2/p1n3p1/3p2NQ/8/KPq5/P1P4P/R3r3 w - - 0 1,2,
8d524bad,r4rk1/1bp4p/p3pqp1/1p2Q3/8/PPN4P/1P3PP1/R3R1K1 b - - 0 1,2,
6f591c8b,3r2k1/p1p2r1p/1p4pQ/5p2/2q1bP2/P3P1R1/1B4PP/4R1K1 w - - 0 1,2,
5ac43900,1R3rk1/5p2/2p1p1p1/p6q/2bPBQ2/P1P1R3/5PPP/6K1 b - - 0 1,2,
78931c74,3R4/R1p2p1k/6p1/4P3/2Q5/4rqPp/4NP1P/5K2 b - - 0 1,2,
3a7e23ba,8/8/5ppk/8/5PPK/r7/P4R2/8 b - - 0 1,2,
25bebe60,8/1R4pk/8/5nPK/8/rp3P2/8/8 w - - 4 1,2,
01125696,3r2k1/5ppp/p1pPR3/1pP3B1/1P4n1/PQ4Pq/5P2/3R2K1 b - - 0 1,2,
0774c6a7,2r3k1/1p2Rppp/2q5/p4Pb1/P5P1/2P2P1P/QP4K1/8 w - - 1 1,2,
f2e660d7,Rn5r/1B1k1pp1/2p1p1p1/3pP3/1N3P1r/2P4P/3B1qP1/Q6K b - - 4 1,2,
7906faf2,6k1/R4R1p/5p1K/3p4/4b2P/P3P1r1/8/8 b - - 0 1,2,
c0722c5d,4r3/p4p1k/1p1p1ppP/4q3/2Q5/5B2/PPPK1P1R/4r3 w - - 1 1,2,
ce221315,r1bq1r1k/pp2N1pp/3p1p2/2p3Q1/2B5/7P/PPP3P1/5R1K w - - 0 1,2,
29b039c2,r1bqnbk1/ppp3pp/2n1P3/8/3N4/2N2Q2/PPP3PP/R1B3K1 w - - 1 1,2,
11c9d24f,6k1/5p1p/1q3p2/p7/4P3/P2Q1N2/1r3PPP/2R3K1 b - - 1 1,2,
cfd2bc56,1r1r2k1/p1p2pp1/8/7p/4B3/3Q4/PqPR2PP/3K4 w - - 2 1,2,
acd99e66,4r1k1/p4ppp/b7/2p5/3p4/PN3P2/1PP2QPP/RN1qB1K1 b - - 4 1,2,
0e44904e,r5k1/6p1/3R3p/1p3p2/3BpP2/7P/1Rr3P1/5K2 b - - 5 1,2,
a9dae6c3,7Q/3kpp2/3p4/1Pp2q1p/2P5/4P3/3K1nP1/2R2R2 b - - 1 1,2,
aff2bea3,r1k1r3/p1p2q2/1pp3p1/2N2b2/1P3Qp1/3P2B1/1P3PPP/2K1R3 w - - 0 1,2,
22132fe2,r4rk1/1pqb1ppp/p2b1n2/3Pp3/2p1N3/3Q1N1P/PPB2PP1/1R2R1K1 w - - 0 1,2,
24b35e50,Q2R4/2k1B3/2p2P2/5r2/1P4p1/6Pp/5rbP/R5K1 b - - 0 1,2,
cc4b1b94,r5k1/4Rpp1/3p3p/p2P4/1p3Q2/1P1q3P/5PP1/6K1 w - - 0 1,2,
488b41bb,2kr3r/pbq2pp1/1p6/3pn1p1/3Q4/P1P1N3/1P2BPPP/3R1RK1 b - - 1 1,2,
f40987f5,6k1/5p1p/2b3p1/1p2r3/8/2PR2P1/3R1P1K/8 b - - 7 1,2,
95dd63f3,4k3/1R5R/p2r3p/3p1r2/8/8/PP4KP/8 b - - 3 1,2,
31903022,2R5/p5k1/1p2q1p1/3n3p/3r3P/5QP1/P4P2/6K1 w - - 0 1,2,
05e5ed29,7k/6p1/3q3p/P1p5/3b4/1Q3P2/6PP/4BK2 b - - 0 1,2,
6fb03edc,6k1/p4pp1/1p2pq2/1Q6/8/7P/P1Rr1PP1/2R3K1 b - - 4 1,2,
e6b4d439,6k1/8/2R4p/p3P1p1/3P1p2/P4NnP/5rP1/6K1 b - - 2 1,2,
68db714b,r3rk2/3bqp2/3p2p1/2pnp1QN/1p2P3/5B1P/PP3PP1/R3R1K1 w - - 1 1,2,
b38d8548,2r2r2/p1p3k1/1p3qp1/1b1Pp3/4P2p/P3Q3/1P4PP/2RBR1K1 b - - 2 1,2,
99399b51,6r1/ppp4R/1b1p1kP1/4p3/3PPp2/2P5/4qP1P/6RK w - - 4 1,2,
53494e59,5rk1/Q4ppp/2bqp3/8/8/1B1P3P/P1P5/2R1R1K1 b - - 2 1,2,
4b7b98ed,r1bq1rk1/pp2bpp1/2np1n1p/2pNp1N1/2P5/PP2P3/1BQP1PPP/R3KB1R w KQ - 0 1,2,
8e2c199a,4r1k1/p4ppp/1p6/7n/2B2N1q/2Q2RP1/PPP2K1P/R1Br4 b - - 0 1,2,
0fc7c2d9,r2q1b2/1b3Bkn/8/4N3/p1Pn2P1/8/pP1N1P2/1QK1R3 w - - 0 1,2,
c3c790f4,1r4k1/p2R1pp1/2p4p/2p1P2q/1P2BPn1/P5P1/3R3P/6K1 w - - 0 1,2,
d391b630,r4k2/pp1b2r1/2pb4/4p1R1/4Pn2/1BNPBP2/PPP5/6RK b - - 0 1,2,
4bac5c99,8/1p6/p5k1/4pR2/P3r3/2PR4/6PP/7K b - - 0 1,2,
2fbb60b4,8/1p6/3p4/p1b2n2/P1PpN2k/3K1P2/1r6/6R1 w - - 4 1,2,
909d34ae,6rk/2p3rp/1p1p1q2/2nPp3/p1P1P3/5P1R/PP5Q/1K5R w - - 0 1,2,
b9558684,4r1k1/p4pq1/3R3p/8/4r3/7P/1P3PPQ/3R2K1 b - - 10 1,2,
921c4d3e,r3r3/3nQ3/p1k1p2p/1q1pB3/2pP3P/2P3P1/PP3P2/2KR4 w - - 3 1,2,
90d672ed,Q2rq2r/1ppkb3/3p4/3P1p1p/P1N1nN2/4BpP1/1PP4P/R5K1 w - - 3 1,2,
b147d17d,r2r1b2/pp1n1p2/2p1k1pp/4pN2/4P3/2N5/PPPR1PPP/2KR4 w - - 0 1,2,
2ad285c4,rn1qkb1r/ppp2ppp/8/3p4/2PPnPP1/3B4/PP5P/R1BQK1NR b KQkq - 1 1,2,
61f4e044,5r1k/p1p4p/1p2nr2/3p4/3Pb1RP/PP2B1Q1/2P5/6K1 b - - 6 1,2,
db41da8b,r1q2b1r/1p3k2/p1nPRn2/P2Q1p2/2p4p/2P4P/1P3PP1/R1B3K1 w - - 3 1,2,
ed4211e1,r4r1k/1p4p1/p7/4bNp1/6Q1/2q5/P5P1/5R1K w - - 0 1,2,
98eb128c,r6k/pp4pp/2p5/2q1pN2/4Q3/R7/1P4PP/7K b - - 2 1,2,
3da3bf16,6k1/1p3pbp/pq4p1/3r4/4Q3/BP5P/P4PP1/6K1 w - - 0 1,2,
3264e378,8/p2q1k2/3b1p2/Q2pP1pr/8/4PNP1/1PR2PK1/8 b - - 0 1,2,
a814f3c3,1k6/p1p2p2/1pq5/8/1P6/1K1N2Q1/4r2B/1R5R b - - 9 1,2,
e749831f,r3r1k1/pp1b1p2/2n3pQ/2p5/8/P1NP1PPp/BPP2R1P/R1B4K b - - 0 1,2,
7ffa6ebe,r4k1r/ppRQbp2/4p2p/4P3/6q1/P4p2/1P3PPP/5RK1 w - - 1 1,2,
c089a18d,rnbqk1nr/ppp4p/3bp3/3pNp2/3P1P2/2P5/PP3PPP/RN1QKB1R w KQkq - 2 1,2,
d1622893,7r/1p4k1/2r5/4RnKp/3B1p1n/1BP5/PP3P1P/5R2 b - - 4 1,2,
79cba06c,R7/pp3pqk/2pQ4/8/4b3/1P3P2/PP5P/6RK b - - 0 1,2,
cef9782c,5r1k/1p2qBp1/3p1bQp/4pP2/3pP3/3P3R/2r3PP/R5K1 w - - 2 1,2,
43f0f068,r4rk1/pp3p1p/2pP1p2/8/8/1P3R2/PB4PP/3n2K1 w - - 0 1,2,
1b76cec6,r7/PR6/8/1P6/4Pk2/3B3K/2P3P1/8 b - - 0 1,2,
bc53fc14,6r1/r4p1k/pq2pp1p/1p1p4/6N1/nP4Q1/P5PP/n4R1K w - - 4 1,2,
21e615a4,7k/p5pp/1p1p4/2pP4/2P1Qr2/1P5P/q4PPK/8 w - - 0 1,2,
c0184167,r1k1r3/6R1/p6Q/1p6/2pq4/7P/P1P1nP2/1K2R3 w - - 7 1,2,
486da9a1,3rr1k1/1R3pb1/p1p4p/2q4P/2P5/5Q2/P4PP1/2R3K1 w - - 1 1,2,
f285b5b9,7k/7p/2n2r2/5N2/2B2K2/P1P1R3/3r3P/8 w - - 3 1,2,
2d6481ae,1r4k1/p1p2r2/q5p1/3Qp2p/P1p1P3/K3B3/6PP/R4R2 b - - 2 1,2,
9dac4b92,Q3Rrk1/2p3pp/p7/1pn5/3q4/1P1P4/1PP2PPP/R1B3K1 b - - 2 1,2,
989d9cc1,6k1/4r1pp/p3P3/8/1p2p3/4B3/Pr4PP/3R2K1 w - - 0 1,2,
7507c74a,4r2k/5ppp/8/p2Q1N2/3P4/8/P2bqPPP/5RK1 b - - 0 1,2,
4ed14f7f,r3kb1r/pp1n1ppp/1q6/4n3/4P3/2N5/PP1BNPPP/1R1QK2R b Kkq - 1 1,2,
e037ec19,6k1/p4p1p/br4pB/n1p3Q1/P2p3P/K1P5/2P2PP1/R3Nq2 b - - 5 1,2,
6a974c48,r3q1rk/4bQ1p/2p2p1B/p3p3/2P1p3/P2p4/2P2P1P/R5RK w - - 2 1,2,
34483ce1,8/8/8/8/8/K7/4Q3/kq6 w - - 0 1,2,
2464822a,r2qr1k1/2p2pp1/1pnp3p/p7/8/P2Q1b2/1PB2PPP/R3R1K1 w - - 0 1,2,
b791e012,5r2/ppp5/3b2kp/3Np1p1/2B1P1R1/3P2R1/PP1B2K1/5r2 b - - 0 1,2,
79f83717,1k1r3r/pp4p1/2pb3p/8/2PP2PP/2qQB3/P1P2P2/2KRR3 b - - 1 1,2,
f5d0d7b4,4nr2/5qk1/3p1pp1/2p5/1p4PR/4Q2P/2P2P2/6K1 w - - 2 1,2,
1cc46291,4r3/1kp1q1pp/1bn1r3/1Q1p4/8/R1R1PNP1/1P2K1P1/8 w - - 5 1,2,
b209fd45,3rk3/pp3p1p/2p3p1/4b3/P1P5/1P3B1P/4RPP1/6K1 b - - 8 1,2,
d86c9b04,1r5r/2p1q3/p1kp2p1/b7/4P1Q1/8/P5PP/1R3RK1 w - - 0 1,2,
fe2f987d,6k1/p1p2r1p/1pQ1N3/1P1q2p1/P5b1/4n1P1/7P/2R3K1 w - - 0 1,2,
61a41743,2r2b1r/p2np1pp/4Npk1/3Q4/8/1P1P4/PqP2PPP/5RK1 w - - 10 1,2,
ddd7be56,r4n2/p3Q3/6pk/3N4/1p1P1N2/Pq2P3/1P3PP1/1K6 b - - 8 1,2,
fd216fd4,q3kb2/1p1r1p1B/5Pp1/4P3/4NP2/1QP3P1/1P4P1/2KR4 b - - 6 1,2,
1058e2cf,2r3k1/pp2p2p/5ppB/7r/2P2P2/q1p4P/P3Q1PK/3R4 w - - 2 1,2,
396b079c,8/5Qq1/p6k/Pp3Bpp/4P3/6P1/r2r1P2/4R1K1 w - - 4 1,2,
603fb9a3,6rk/p2n4/2p1Q3/2ppP3/3P3K/2N3P1/PP1q4/R6R b - - 0 1,2,
e0819564,Q7/2pP1b1k/p2R1pq1/1p2p3/1P5P/2P5/P4bPK/5R2 b - - 0 1,2,
cadbd8e2,8/8/2R5/6pk/p7/r4PP1/5K2/8 w - - 4 1,2,
01ffe4ab,1k5r/p1p1n3/B1p5/3Pq3/1P6/P1P3Pp/8/R2Q1RK1 b - - 0 1,2,
0e485a4e,3qr3/1p2bpk1/p4nb1/3p4/8/2rP1N2/3QKPP1/R6R w - - 0 1,2,
bf40703e,3r1rk1/1p3ppp/p2b1n2/3q4/3N4/2P1B2K/PPB2P2/R2QRN2 b - - 0 1,2,
2347860c,1N6/p4pkp/2n1p1p1/8/2QP4/P2BP3/1r1q1PPP/R1R3K1 b - - 0 1,2,
ef824a92,6k1/3p4/4p1PQ/r3qp2/8/2P3P1/1P5P/1K1B4 w - - 2 1,2,
0cba9b88,5rk1/pp4pp/2pqp3/4N3/2QP4/2P1P2P/P4rP1/2KR3R b - - 6 1,2,
bbfc8265,4k2r/p1Qrppbp/6p1/8/5P2/2qPB1P1/P1P4P/1R4K1 w k - 0 1,2,
0ce3376f,5r1k/pppb1p1p/3p2p1/6QN/1P1P4/7P/6PK/4q3 w - - 0 1,2,
afaf65b8,r2r2k1/pp3p2/2b1p1pQ/4q1Np/2P4R/1P6/P4PPP/R5K1 w - - 4 1,2,
7e2594ff,r3kr2/1q3p2/2p1p2Q/p7/1p2BP2/2P5/2P3PP/1K1RR3 b q - 0 1,2,
b4e0955b,6k1/p5pp/6p1/8/1B1Nn3/1P2b2P/r5P1/2R4K w - - 0 1,2,
8860f35c,8/6pk/1p2p2p/P7/3q4/Q6P/2r2PP1/R5K1 b - - 0 1,2,
15e66811,8/pp2q1k1/2p3nr/5RR1/3p2Q1/5P2/PP3KP1/8 b - - 6 1,2,
9e9c67f2,5r2/pQ6/1p1q2pk/2p1p2p/3p1r2/3P1P1R/PPP2K2/6R1 w - - 0 1,2,
0bdae380,r4rk1/ppp4p/6p1/5nN1/2q3Q1/7P/PB3b2/5K2 w - - 0 1,2,
9b8de0cb,3r2k1/pQ3p1p/6P1/2p5/3q4/1P4N1/P5PP/5n1K w - - 0 1,2,
ff09e132,1b4rk/p4pr1/5p2/2PP1Q2/5P2/q3P1P1/P4K2/2R5 w - - 0 1,2,
fbf0dc80,r2q1r1k/1b1n1p2/p3p3/1p1pP3/2pb2Q1/P1P1P2P/1PB2PP1/R4RK1 w - - 2 1,2,
4781be61,6k1/p3QpPp/2p4P/8/4b3/4B3/PP3PPK/3r2r1 b - - 2 1,2,
f72026c3,5r1k/pp4r1/1q3p1p/1b1pP2P/5Q2/1P4R1/P4PP1/3R2K1 w - - 0 1,2,
247377fc,5rk1/5ppp/3Q3B/3PnP1N/2p1b3/6PP/P4qBK/8 w - - 2 1,2,
2c2dca6d,r2qr1k1/pb3p1p/1p1p2p1/2nP1QN1/8/2b5/PP2BPPP/1R3RK1 w - - 0 1,2,
3d277635,5Q2/7k/3p2q1/3b3p/P2P1RP1/4Q3/1r6/4K3 b - - 2 1,2,
920402c5,4r1k1/1Q3ppp/p3r3/1p6/8/2Pb1N1P/PP1N1bP1/R2K4 b - - 2 1,2,
da0268e4,8/p2R3p/1P3rk1/8/6K1/1Pr5/P6P/R7 b - - 0 1,2,
b2e89bac,r4b1r/k1N2pp1/2b1pn1p/p7/P4B2/1R6/1PP2PPP/5RK1 w - - 0 1,2,
dd9d4a4b,3q4/6pk/4P2p/5r2/pp2QP2/1P4R1/P1P3P1/1K6 b - - 0 1,2,
c1008be8,1r2r3/1p1q1p1k/p1p3pp/3Pp1n1/P1P1P2P/4N1P1/2Q2PK1/1R1R4 b - - 1 1,2,
46b4fbda,6k1/p4p2/r5p1/7p/8/2Q3PP/P4q2/4R2K w - - 0 1,2,
5b1004fb,2r5/4p1kp/3p1np1/pq4N1/3P1P2/KNp1B2P/2P5/1R5Q b - - 1 1,2,
551f9ec8,4kr2/1R1R4/p1p1Kb2/4p3/4P3/6P1/P5q1/8 w - - 5 1,2,
31ca39f7,8/2Q2pk1/6pp/3Q4/1q6/5PK1/6PP/q7 b - - 1 1,2,
3d9ed2a5,1b4k1/1pr2rpp/p3Q3/6q1/3P3n/P1N1P3/1P4PP/2R2RK1 w - - 1 1,2,
35ac45ab,5rk1/p5p1/Bp1p2bp/3Pp3/1P5b/4B1nP/P2QN1P1/5RK1 b - - 0 1,2,
60f2bd68,3r3r/Q1pk1p2/BBpbq2p/4p3/6b1/2P5/PP3Pp1/3RK2R w K - 0 1,2,
2e6174d9,rn3rk1/4bppp/p1p1p3/1p1q4/3PN3/P2Q1P2/1PB2PPP/R4RK1 w - - 3 1,2,
364425f9,4Qbk1/5p1p/6p1/8/1qBp4/7P/6P1/1r3R1K w - - 18 1,2,
9bfab74b,6k1/5p1p/1q4p1/8/1P2n3/PB3Q1P/3r1PP1/6K1 w - - 0 1,2,
d8bafe3c,2k2b1r/p1p2ppp/1p2pn2/P3n3/8/2N1B3/1PP1BPPP/3R2K1 w - - 0 1,2,
846461b0,4rbk1/3b1p1p/p5p1/1p1BP3/5Q2/2q5/P4PPP/4R1K1 w - - 2 1,2,
5faadd84,7r/p4pp1/5n2/k7/8/1R4P1/6rp/4R2K w - - 1 1,2,
940dfeed,2r5/4q1k1/pp3N1p/5Qp1/3R4/8/PP3PPP/1K6 b - - 0 1,2,
01c6986b,5r1k/8/5NR1/2p1pK2/4P3/5P2/6P1/5q2 w - - 1 1,2,
60a0418b,1r3rk1/4ppbp/3p2p1/p1n1P3/8/2NnBNQP/1P3PP1/1K1R3R b - - 2 1,2,
ea141387,4r3/pp3k1p/4p1n1/4P1BQ/2q5/8/PP4PK/4r3 w - - 0 1,2,
fc091057,2r3k1/1p2b1n1/1q2p1PQ/p2pP3/3P4/1r6/PP3PK1/n7 w - - 0 1,2,
450d9030,6rk/4R3/bp4r1/p2R3p/3P2P1/7P/1P3P2/6K1 w - - 0 1,2,
ee457604,8/5pk1/2p3p1/3pP3/rP1P2P1/5q2/1K6/2Q4R w - - 0 1,2,
0f63cc4a,5rk1/1Q3ppp/8/8/6n1/1N4Pq/PP3P2/2R3K1 b - - 2 1,2,
0039cd5d,1k1r1b1r/1pp1pppp/8/1B5q/Q7/2PPB2P/PP6/2Kn3R w - - 0 1,2,
d7127344,k3r1r1/pR1R4/2p1p1p1/1n1pq3/8/1P6/P1PB1Q1p/1K5N b - - 8 1,2,
e9a30d3a,5rk1/p1p3pp/2p5/2P5/2R5/3P2bq/P2PQ2N/5R1K b - - 1 1,2,
ec7cd722,r5k1/1b1n1ppp/4p3/2p1P2q/1pP2P2/1P1Q2NP/6P1/3RR2K b - - 2 1,2,
7dc4c3a5,6k1/3r1pp1/p6p/1p1pP2q/5P2/P2Q4/1P4PP/2R3K1 w - - 2 1,2,
2a8b8f03,4rr2/1p2b2p/pk1P2p1/3R3n/4PPN1/2P2K2/1P5P/2B5 w - - 1 1,2,
47af0176,r7/1k2bqpp/5p2/1Bp1nP1P/6P1/8/PPPQ4/1K1R2R1 b - - 3 1,2,
1f0aabc4,1q3r2/r5pk/3pB2p/1pbNpN2/p3b3/PnP5/1P5Q/3RK1R1 w - - 0 1,2,
feac72bc,3rk2B/p4p2/8/5K2/5Q2/1PN3q1/P1P3P1/R7 b - - 0 1,2,
0efa190a,4k3/7R/1p4pN/2p4n/4B3/1P3P1K/P5rP/8 b - - 2 1,2,
88849d9e,2r5/4R3/6k1/5pp1/2r5/7P/6P1/4R1K1 w - - 6 1,2,
88991876,1N1k4/q7/2p2pbB/8/npPP3P/pQ5B/P4P2/K3R3 b - - 0 1,2,
d6071b16,6r1/5p2/Q1pq1k1p/1p3p1B/2pP3P/4P1P1/PP6/2R1R1K1 b - - 0 1,2,
141e2d02,r1k4r/1pp1nQ2/p7/P3P2p/1P2P3/2P3qp/6P1/3R1R1K w - - 2 1,2,
d1366ac5,2r4k/5Qpp/4p2q/8/8/2rB1R2/PKP2P1P/8 w - - 6 1,2,
7d911717,rn4k1/pp3p2/1n1Pp1pQ/6N1/4P3/1Pq5/5PP1/R4K2 w - - 0 1,2,
feadb6cb,8/6pk/P2Q1pp1/4r3/6P1/3P3P/7q/KRR5 b - - 2 1,2,
afa575b7,1b6/8/1N2k1pp/r7/1p1BP3/7P/1R3PP1/6K1 b - - 1 1,2,
1742d0c9,8/pkp5/4N2R/4npp1/1Pp5/2r2PK1/6PP/8 w - - 0 1,2,
8d7797f5,3r2k1/1p3ppp/3r4/BN5b/7P/P7/1PP5/R1K2R2 b - - 6 1,2,
9f45d12f,4r1k1/5ppp/p2B4/2p2Q2/2Ppr3/1P1n4/P4PPP/R5K1 b - - 1 1,2,
513b0df2,5k2/5rpQ/4p1Bp/2q1n3/2p3P1/7P/3R2K1/8 w - - 0 1,2,
6f28407e,r1b2b1k/1p1n3P/8/1ppPp1B1/2n1B3/6PP/P3N3/5RK1 w - - 0 1,2,
b0886bf3,5k2/pR6/1p5r/3pP3/3P2KR/2P3P1/PP5P/5q2 b - - 6 1,2,
fe77440c,r1b4k/pp2R3/5rpp/2p5/1PB2b2/2P4P/5Pp1/3R2K1 w - - 0 1,2,
313f82f1,7Q/8/6p1/5k1p/1P3P2/P5P1/6K1/2qq4 w - - 1 1,2,
7ae7cb4e,2r5/4kppp/p3p3/1pq5/4n3/3B2P1/PP3PQ1/RKB1R3 b - - 2 1,2,
744d1faf,3r1rk1/1pR3p1/pq3pQp/3PpP2/4B3/1P4PP/PB4K1/2R3b1 b - - 6 1,2,
5a55089f,1Qr3k1/pp3pp1/4b2p/3p4/3P4/1P4P1/Pq3P2/1B2R1K1 w - - 3 1,2,
94734cbe,3RR3/2p2ppk/2p2q1p/p3N3/8/2P5/PPP3PP/1K6 b - - 2 1,2,
04d16467,8/8/pp3R2/3RpPp1/1k2Br2/3Pb1K1/6P1/8 b - - 0 1,2,
2d11672c,4Q3/3P1nk1/8/p2q4/5PKP/6P1/8/8 b - - 0 1,2,
72bab50f,8/3Q3p/1p4p1/3R4/1kq4P/3p4/8/3K4 b - - 0 1,2,
9c89f810,2b1r1k1/1p2p1bp/pBp2pp1/2Pp4/1P1P1nq1/P1N1QNP1/2B2P2/R3RK2 b - - 0 1,2,
4fad4af6,6k1/p6p/bp2r1p1/3q2N1/3P3Q/6P1/P4P1K/2r5 w - - 0 1,2,
41670661,3r1R2/ppp1N1kp/4p1p1/4b3/8/7P/PP4P1/R1B4K b - - 0 1,2,
26942c17,6k1/5p2/2p3p1/4p3/P3P2p/1BQ2PnP/1PP3K1/3q2N1 b - - 4 1,2,
de3b9a3c,8/6pk/3Q3p/1N4n1/2P5/3P3P/5qPK/8 b - - 1 1,2,
0d1ede92,5r2/3nk1p1/1p4Qp/2p2B1P/2P2P2/6P1/pqP3K1/8 w - - 4 1,2,
6c00ccaf,4R3/5pkp/8/PN2b3/4n1P1/4P2P/4r3/1R4K1 b - - 2 1,2,
b82ac9a8,8/p1p5/k7/2q4p/7P/1Q1P4/4r3/KR5R b - - 8 1,2,
666cab4e,3B3k/6r1/4Q3/3pPn1P/2pP1P2/1pP5/rP6/2K4R b - - 0 1,2,
bcf362be,rn3B1Q/8/p1p2p2/1pP2qp1/3P2k1/8/PP4PP/6K1 w - - 11 1,2,
39ae4f15,6k1/p4pp1/5bq1/3Q2N1/8/4P3/5PK1/8 w - - 9 1,2,
f79648b1,6rk/pR6/4pP1q/3p1p2/2pP3n/P1P2Q1R/2P4P/7K b - - 0 1,2,
abe08182,1r4k1/1bq1rR1p/pp1pP1pB/3P4/P1Ppp1P1/1P5P/4B3/5RK1 w - - 0 1,2,
3ad08732,rnkq3b/p2p3p/3Bp1p1/1P2P3/2PP1n2/1Q1B1P2/5P1P/R4RK1 b - - 0 1,2,
524f131f,4r1k1/pb2qpp1/1p1b3p/3p3Q/2pP4/2P2N1P/PPB2PP1/4R1K1 b - - 1 1,2,
8d458aca,1k5r/pp3b2/2B1qp1P/4p1p1/3pPn2/P4PN1/1PPQ4/1K1R3R b - - 0 1,2,
3533d6e8,1r6/p1k5/4r1p1/2p5/2N5/K1P4P/PP6/3R1B2 b - - 7 1,2,
701a7695,6k1/p2R4/3PpB1p/6p1/4b2P/1P4K1/1P1r2P1/8 b - - 0 1,2,
3c1cbefd,6k1/6b1/3p2K1/2pP1QP1/8/5N2/4q3/8 b - - 3 1,2,
be1913be,rQ6/5kpp/5p2/8/1PRn4/3Pb3/6PP/R4K2 b - - 0 1,2,
cb4e4399,4R3/2B5/8/8/3p1P2/3k4/1P3r2/2K5 b - - 9 1,2,
fc5e0791,1r4k1/pbq1r3/4p1p1/8/4BP2/P1P5/2P4Q/2K4R w - - 0 1,2,
4cdcfe66,3r3k/p5pp/5p2/2P4q/4Q3/1BPrP3/P4R2/2B1K3 b - - 6 1,2,
4efa2b1a,3B2rk/p5qp/1p6/2pQ1R2/3b4/P1PP4/1P5P/5R1K b - - 0 1,2,
f30feee5,6k1/7p/5P1K/6P1/4R3/8/8/2r5 b - - 2 1,2,
02cdff74,8/p6p/1p1p1K1k/1PbP4/1p2r3/8/6P1/1R6 w - - 0 1,2,
38f847fa,8/8/R6p/5N1k/4p3/4PnP1/5PKP/1r6 b - - 0 1,2,
7d07edb1,3Q4/pr4k1/4p1p1/1r3q2/8/8/PP3P2/K6R w - - 2 1,2,
b2353fa5,6rk/p1p2R2/2pp4/2b5/4P3/2N2K2/PPr5/3R4 w - - 0 1,2,
951b8349,3R1rk1/ppp3pp/8/1Pn1q3/2P1r1n1/P3BQ2/4BPPP/3R2K1 b - - 14 1,2,
dcd79074,6k1/1p3p1p/5pp1/7P/1p2P3/1Pr2r1R/PKPR4/8 w - - 0 1,2,
34dc359b,rn1q1k2/ppp1b1r1/8/8/2B2pP1/2n5/P2N1P2/2KR2NR w - - 0 1,2,
f5f91b86,5rk1/1R3ppp/2p1p3/8/4P3/2bP3P/2P1RPBK/r7 b - - 2 1,2,
6126491b,Nnb3k1/Bp2rppp/3b4/4q3/8/3B4/P1P2PPP/1R1QR1K1 b - - 0 1,2,
ce6d99ad,r4rk1/1ppn2pp/p4q2/3PP3/N1Pb3n/1P4B1/P2QR1BP/5R1K b - - 0 1,2,
57533220,2R4Q/5p2/4p1kp/3p2p1/3P2n1/1P2PP2/4q1PP/5NK1 b - - 0 1,2,
bc03ddef,2r2kn1/p4pb1/6p1/1p1q4/3p4/PP1P3Q/1KP1R2R/5r2 w - - 0 1,2,
7831fb56,7k/2p1R3/p1q2n1p/1p3Qp1/8/8/1P3PPP/6K1 b - - 1 1,2,
3c698557,2r2rk1/1b2qpp1/pp6/3p2R1/5n2/P1p5/1PQ1B2P/6RK w - - 0 1,2,
a0c435f4,6k1/1b2b1p1/pp4P1/3p3Q/1PpP1q2/K1P2N2/P3rn1P/R7 w - - 1 1,2,
24b8eb9b,2b1rqk1/p4p1p/2p1p1pQ/8/4N3/2PB4/Pr3PPP/4R1K1 w - - 2 1,2,
f1577169,8/p7/3p4/2p1p2p/3k2p1/1Q3pP1/P2q1P1P/2R3K1 b - - 0 1,2,
73e4946f,2kr2r1/b1pq1p2/p2p3p/3Q4/1P1n4/P3P2P/1B3P2/2KR3R w - - 0 1,2,
ee4f9482,6k1/5ppq/p7/1p5P/4b1Q1/3rp3/PP6/K5R1 w - - 2 1,2,
ab22cf21,3R4/p4p1k/6p1/4Q2p/4PK2/1P3PP1/P7/6q1 b - - 3 1,2,
8d22ba66,2r1k2r/2qb1pp1/3pp3/pp2b3/1P2P3/1N2QB1P/PP2NP2/1K1R3R b k - 0 1,2,
e8ab86a1,r4rk1/pp6/4p1pP/1q1n4/7P/6Q1/PP3P2/R5KR w - - 0 1,2,
3e5fce43,6k1/pp1n1ppp/8/3q4/5P2/B5P1/PP2B2P/1KR5 w - - 0 1,2,
23f326d9,8/6b1/p2p2k1/4p3/1P2n3/P5P1/4qRK1/B2Q3R b - - 0 1,2,
75cd20a6,1r4kr/3bqp2/p1pp2pB/1p2p3/3bP3/1B1P1P2/P1PQ3P/6RK w - - 0 1,2,
c3499813,r2qkb1r/p1pnp3/1p1p3p/6p1/3PbB1N/2P5/PP3PPP/R2QK2R w KQkq - 0 1,2,
c16c0229,8/1pQ2pk1/p2p1np1/3Pr2p/7q/1B3R1P/PPP2PP1/6K1 b - - 0 1,2,
e12907eb,5rk1/p6p/3R2p1/1pp1Q3/6q1/2P3Pn/1P3PKP/3R4 b - - 0 1,2,
0ad66342,1k1r4/2p2p1p/1p6/8/p4q2/5B2/4P2P/3R3K w - - 0 1,2,
d7d52190,7k/pp4pp/1bp2Br1/8/8/1B6/PPP3P1/4R2K b - - 0 1,2,
3b5c6990,2n3k1/ppqr2p1/7p/3pQpP1/3n4/1P3P2/P4PP1/5BK1 w - - 2 1,2,
39ff3e57,3q1k1r/pp2Rpb1/5N2/5Q1p/PP4p1/8/2P2PPP/3R2K1 b - - 0 1,2,
2c248e13,8/8/2R2p2/p3p1kp/4P3/1P3PK1/6PP/3n4 b - - 0 1,2,
fa73c77f,5rk1/p5p1/2Q1pq1p/2Pp4/4p3/4P3/P1R2PPP/6K1 b - - 5 1,2,
bdb1f9fc,2r5/k1pr2pp/p4p2/2pqp3/8/R2Q2P1/P1P4P/K7 w - - 0 1,2,
50ff3700,2k5/Bp5p/8/P5p1/3P1b2/2P2R1P/2r3P1/7K b - - 1 1,2,
f3016751,rn2k1r1/pp3p1p/2pbpp2/8/3P2qP/2NB1N2/PPP2P2/R2Q2RK b q - 4 1,2,
a2e25137,1k6/1pp5/p1n1PN2/3P4/P5Q1/2P5/1r5r/5KR1 b - - 0 1,2,
d6581c6a,2r4k/1q3p1p/p3p3/3pP1nN/5Q2/5P2/P5P1/6K1 w - - 0 1,2,
7cfa1cf5,7r/2pk2pp/Q1p2B2/p1Pb4/8/1P2q2P/P5P1/3R1R1K b - - 1 1,2,
e64f0b51,8/4Q1b1/1pp1p1k1/4Pp2/2P3n1/5qP1/P2K4/7R w - - 0 1,2,
d95fcd50,7k/5prp/1p1p1p2/1P2pP2/6r1/p1PB3Q/R4b1P/5R1K b - - 1 1,2,
f0444a13,rn2k2r/1N2bRpp/p3P3/4p3/1pq1p3/4B3/PPP3PP/3R2K1 w kq - 0 1,2,
0c6c5b14,3bk2r/p6p/3P1p2/q1p1pN2/P7/2p1B3/P1P3P1/1K1R1B1R b k - 0 1,2,
90f85b41,6bk/p1Q4p/6p1/1p6/8/BPP1p3/P4qPK/8 w - - 0 1,2,
28962b98,r4r2/1b3k2/1p2pP1p/p1p5/8/1P1P2Q1/P3q1P1/5R1K w - - 0 1,2,
b8cea2a1,4kr2/1R4R1/4p1p1/1p4Pp/1n6/8/P5PK/2r5 w - - 0 1,2,
4c6677e9,2k2b1r/Qp3ppp/3p4/2pP4/2P1NB2/2q3PP/P3r3/R5RK b - - 0 1,2,
2bf5487e,5r1k/6r1/3p1pQ1/pnpB1P2/4P1P1/P7/8/6K1 w - - 1 1,2,
97b487aa,7k/5rpp/4b3/4P3/1B1Qp3/P2P4/2r3PP/6K1 b - - 0 1,2,
31c0398a,8/1R6/5K1k/7P/4P1P1/p2P1P2/8/rq6 w - - 0 1,2,
b4cec372,k7/4R1pp/p4p2/2N3n1/1P3q2/P5PP/2Q2P1K/3r4 b - - 0 1,2,
ae38ff44,7k/p4Q1p/6pP/4q3/1p6/5RP1/P4P1K/4r3 b - - 0 1,2,
aeb67a7e,5rk1/4Q1pp/2p1p3/3pN3/P2Pb3/8/1P1q2PP/R4B1K b - - 1 1,2,
897fd68a,8/8/7R/2p5/2k1pP2/3bP3/rR1P4/2K5 b - - 0 1,2,
7e64cc92,8/kp4pp/pb6/8/8/7P/2qr2P1/1R4QK w - - 5 1,2,
eab833d0,6k1/1p4p1/2p1p1Qp/p2qP3/5P1R/PPP4P/K7/3r2R1 b - - 0 1,2,
a6daebf4,6k1/ppp3p1/2n5/3p2NK/4p3/2PP1Q2/PP6/4q3 w - - 0 1,2,
e4eb5e66,2r3k1/p4p1p/1pP3p1/5q2/P3p3/B1Q1R1P1/3r1PBP/1R4K1 b - - 0 1,2,
cca5eed3,r2qn1k1/2p1p2p/bp2P1p1/p7/4n3/4RQ2/PPPB1PPP/6K1 w - - 0 1,2,
8ae5c365,2r3k1/1R2Qpbp/p2P2p1/P2r4/2p2B2/6PP/5q2/4n2K w - - 0 1,2,
1b17042f,6k1/5p1p/1p4p1/8/3Bp3/1P2P2P/2r2rP1/R5K1 w - - 0 1,2,
fd2643e4,r1q4r/p1p3k1/1pPp2p1/4p3/2B1PnQ1/2P3K1/PP3P1N/RN4R1 b - - 0 1,2,
38dbdaa8,2r3k1/5p1p/p3p1pQ/1b1p2N1/8/7P/5PPK/1q6 w - - 2 1,2,
63854264,5k1r/5p2/p2Np3/3pP3/6P1/6q1/PP2n2p/R2Q1R1K b - - 1 1,2,
81a05da2,r4q1k/p3B1pp/2Q5/1p6/2pP2n1/2P5/PP4PP/RN4K1 b - - 0 1,2,
d66f4f47,3r2k1/4R1r1/5Q2/1q1p4/3P3p/2P2N1P/P4PP1/7K b - - 0 1,2,
b48113bb,2r3k1/4rp2/p2p2pQ/n1p2bN1/qp6/3P4/PPP1BPP1/1K6 w - - 4 1,2,
787275b0,r7/4pp2/2pp1k2/8/2b1P2P/6Q1/6PK/r7 w - - 0 1,2,
8194d767,r2q1r1k/pp4p1/4Q3/2bpB1Pp/8/2N5/PPP2P2/4nR1K w - - 1 1,2,
7c85eaed,2k2r2/B1p5/2pp4/6pp/R3N1n1/3P2Pq/PPP1Q2P/5RK1 b - - 0 1,2,
8dcb64f6,4R3/5p1k/6p1/6qp/4B2n/1P1r4/P4R1P/7K w - - 0 1,2,
d43f29eb,k6r/6b1/2q4p/pR4p1/8/6PP/PR5K/8 w - - 0 1,2,
0b2d5f50,3R4/5ppk/8/4p2p/4n1n1/5QP1/2qB3P/6K1 w - - 10 1,2,
010b0954,k7/p2q1p2/2p5/2Qp4/1R6/1P2P1rp/P4Pr1/R4K2 w - - 0 1,2,
356410ed,8/6k1/2R4p/PB3pp1/8/2p3PK/2r4P/8 b - - 0 1,2,
ee0f9ac8,7K/5kP1/R7/8/8/6r1/8/8 b - - 2 1,2,
37ba4cea,5b1r/1kBrpnpp/4Rn2/1N6/p2P4/P4P1P/1PP2P2/5RK1 w - - 2 1,2,
43618c23,8/8/8/p1R5/6p1/1P2k3/r5PP/5K2 b - - 0 1,2,
fe73838f,r7/p6p/5p2/3R4/4kN2/1P4P1/1r3PP1/6K1 w - - 6 1,2,
e2c1de4a,3r2k1/2Q2p1p/6p1/8/2B5/1P2P2P/2rq1PPK/8 w - - 0 1,2,
47303739,4rqk1/1Q4pp/p4r2/1pp5/2b5/1BP3P1/PP4PP/R4RK1 b - - 4 1,2,
aca24420,r4r1k/ppp5/4R2p/2q3p1/2P5/6b1/PPQ3P1/R6K w - - 0 1,2,
aacd89dd,5rk1/1b3ppp/p7/1ppr4/5B2/2P1Q1P1/PP3P1P/RN4K1 b - - 1 1,2,
79f08432,7k/p5pp/1p6/4p2Q/P1PqP2P/6P1/6K1/5r2 w - - 0 1,2,
c9b60274,5k2/1b3pp1/pp2p3/4n2Q/P3P3/1Pq5/6PP/3R2K1 w - - 0 1,2,
58f52afe,2r4k/8/p2p1q2/1p1P3p/2r4P/8/PP2Q1R1/1K1n4 w - - 0 1,2,
98037080,6k1/7p/5Kp1/5p2/pR2rP2/8/8/8 w - - 8 1,2,
82d8b05b,5r1k/1p3p2/pn2pN2/3pP1p1/3P2Q1/1P5P/P5PK/2q5 w - - 0 1,2,
65a0e6c2,4r1k1/2R2pp1/qP5p/1b1Q4/8/4B1P1/p4P1P/6K1 w - - 0 1,2,
c0c99d6e,2kB2r1/ppp2p2/8/7p/1P6/P3q3/3N2PK/RN1Q1R2 b - - 0 1,2,
1193535e,3rr1k1/p1p3pp/1p3p2/1N1Pq3/5b2/5Q1P/PP3PP1/R3R1K1 b - - 5 1,2,
0d93ec6c,6r1/4Qp1k/2pp2qp/p1b5/PpP2R2/6P1/1P4PK/5R2 b - - 0 1,2,
f70b3c25,1k6/pp4r1/2bP1p2/2P2p1p/P4PqP/4Q1B1/7K/4R3 w - - 0 1,2,
39893a0a,r1bq1rk1/2p2p2/p2p1p1p/1p3N2/4P3/2PP2P1/PP4BP/R2Q2K1 w - - 1 1,2,
32e427be,6k1/5p2/2p1p1nQ/p1PpP1N1/P2P2P1/6K1/5P1P/5b1q w - - 7 1,2,
8c47f52e,2k3r1/ppqb3p/3Pp3/1P6/P1p1B3/B1P3rn/7P/R2Q1R1K b - - 0 1,2,
8ec112f1,R7/4k1bp/2BpN1p1/3Pp1P1/4P1KP/4q3/8/8 w - - 9 1,2,
6c70f80c,2Q5/3N1ppk/7p/3p4/1P5q/p7/P1P3PP/4r1RK b - - 6 1,2,
a83a9572,3r4/1R6/7k/4KB2/3p4/1P3r1P/8/8 w - - 0 1,2,
48091e9d,8/8/1R6/3p1p1k/4nBpp/4P1P1/P1r4P/6K1 b - - 3 1,2,
682f28c4,5bk1/1b3p2/5Q1p/4B1p1/3N4/1P5P/3q1nPK/6N1 b - - 5 1,2,
171e8ac7,5r1k/6p1/2p5/2PNQ3/7p/P6P/5qPK/8 w - - 0 1,2,
2f63d14a,8/5ppk/4p1p1/Qp5B/3P3q/P1B4P/2r2PP1/3R2K1 b - - 0 1,2,
c9e24cba,2kr3r/pppq1pp1/4bn2/2b1N2p/4P3/3P2PP/PP2B3/RNB1QK1R b - - 0 1,2,
f89307f0,r3r1k1/pp3ppp/8/3p4/6Bq/2N5/PPPP2PP/R1BQ2K1 b - - 0 1,2,
60724a47,3r3r/1p2kppp/qn6/P7/1PPQ4/8/5PPP/R5K1 w - - 0 1,2,
6faa04f5,r4k2/pp3P1R/5P2/6P1/2P5/P5Q1/2Pqr3/1K5R b - - 0 1,2,
a404edf1,6k1/1p6/6p1/4p1p1/N1PbP1P1/1Pr2r2/P2KR1R1/8 b - - 19 1,2,
a45658fe,4r1k1/5pp1/7p/1P6/P7/1Q1R1P1P/6Pq/5K2 b - - 0 1,2,
77b498eb,1k5r/8/p7/1p6/4Q3/3p1PqP/PP4P1/2R3RK b - - 2 1,2,
f4665d4b,1k1q2r1/1p3p1r/p1b1p3/P2pP2p/2pP1QpP/2P5/R1P1BP1K/2B3R1 b - - 0 1,2,
73f840a1,6rk/p5p1/2Q3Rp/8/3P1n2/P1P2P2/KP3q2/8 w - - 1 1,2,
9ab53dd3,4Q3/7p/5ppk/1p2p3/6P1/4qPKP/8/8 w - - 2 1,2,
9e3bb6f3,3r1rk1/pp3p1p/2n1p1p1/6P1/1b2N3/1P6/P1P1RPP1/1K5R w - - 0 1,2,
338cb309,4r2k/6p1/6P1/3B3p/ppp4R/P1P2P2/KP6/8 b - - 1 1,2,
8df742a6,1R6/4r2p/6p1/8/k1K3PP/8/4p3/8 w - - 0 1,2,
791161ff,2k5/p1p2p1p/5Q2/q7/1p1PN3/1P1P1b1P/PKP2r2/R7 b - - 1 1,2,
c40639ed,7k/2R3p1/2p2r1p/8/R5PK/1PP2r2/P6P/8 b - - 1 1,2,
bc68f281,r3r1k1/1b3ppp/p7/1ppn1q2/4R1N1/2P5/PP2Q1PP/R5K1 w - - 0 1,2,
32612994,5rk1/1b2Q1pp/p2pp1r1/1p6/4P3/1B5P/1BP3PK/4q3 w - - 0 1,2,
bb582ff5,3r3k/b1p3p1/p3p2p/1p3P2/1P6/P5Q1/2q3PP/3R3K w - - 0 1,2,
71f87a8f,rn3rk1/ppp2ppp/8/3p1P2/3Pn2q/P2B1N1P/P1P2P2/R1BQR1K1 b - - 0 1,2,
6c78b200,3r2k1/5p1p/p4bpP/4p3/2p1Qnq1/5NP1/P4P2/2R1RK2 b - - 4 1,2,
620d00eb,1r4k1/5ppp/8/4R1P1/2p1B2Q/8/2bp1PKP/4q3 w - - 0 1,2,
fdc97065,4r1k1/pp3pbp/2p3p1/3qr3/5Q2/N1P3P1/PP1R1P1P/R5K1 b - - 0 1,2,
70cc5734,4Q3/pp6/1q2p1pp/3pN2k/3PnPb1/1P6/7P/r4BK1 w - - 0 1,2,
a2aef5ca,8/6pk/p6p/8/PP3R1n/1r6/R6P/7K b - - 2 1,2,
7160e4a2,8/5p2/p3k1p1/1p6/1P1PKPP1/P1RR3r/8/8 b - - 2 1,2,
8cdbf245,r6k/ppq4p/1bnp1r2/4p3/2B2p2/2P5/P4PQP/1R4RK w - - 0 1,2,
93b2aa99,r7/P2R4/2Bb2k1/2pP3p/2P1Kpp1/3P4/8/8 b - - 1 1,2,
f434d4c3,8/p2rkp2/1p2pp1p/8/4Q3/4pP2/PPRq2PP/2R3K1 b - - 3 1,2,
7e0700ec,5bk1/p1B2p1p/5q2/6p1/3p2B1/3P2P1/r4P1P/1R1Q2K1 b - - 0 1,2,
5ffc62c2,r3k3/1p2ppb1/pB2q1p1/4p1Pn/4b3/1N3P2/PPPQ4/1K1R4 w q - 0 1,2,
bb255d71,r4rk1/pp1n1ppp/2pb4/3p4/6qB/1BNPRN2/PPPQ1P2/6RK b - - 2 1,2,
e82d20df,1k1r1b1r/ppp2ppp/5n2/1N2p3/1PQ5/P4P1N/4BKPP/q7 w - - 2 1,2,
70655b8d,5r1k/p1p3p1/1b5r/8/1PQP2qP/P3PpP1/1B3P1K/2R3R1 b - - 2 1,2,
b403f98e,r5k1/pp3ppp/2p2q2/2P5/2BPQb1n/5P1P/P4P2/4R2K w - - 2 1,2,
af3efdf4,8/7R/5kp1/8/6PK/2r5/7P/8 b - - 4 1,2,
619d4766,6k1/1q4p1/2r1p1Pp/Q2pP3/1B3r2/P2p4/7P/6K1 w - - 0 1,2,
20831149,2r2rk1/p4pp1/1p2p2p/8/1P6/P2BPQ1q/1B1N3b/2R2R1K b - - 1 1,2,
ac6c6c23,r5r1/pb3p1k/1p2pPp1/3q4/3P4/P2B2R1/1P3P1P/R3K3 w Q - 0 1,2,
30b0154c,4r1k1/ppp1qp2/6pb/5b1p/2BP3P/2P5/PP1R1QP1/2K1R3 b - - 6 1,2,
477db1e5,2Q5/8/pkp5/8/4P3/P5PK/1Pq4P/2b5 w - - 0 1,2,
bb1feee4,1k6/1p6/2p2P1p/4p3/pPq1Q3/2P3P1/P2r1P1P/1K2R3 b - - 2 1,2,
5154686c,2Q5/p3r1k1/1pp1r1p1/1q3p2/3P4/1NP5/P4PP1/1K5R w - - 0 1,2,
e49ea28e,5r1k/p1p4b/2p2p2/b5B1/2BP2PQ/2P5/PP4KP/1q6 w - - 0 1,2,
8b378ca5,r4k2/p2nb3/1p3PQp/3q4/8/P1p1P1R1/1P2BP2/2K3R1 b - - 0 1,2,
7d052661,2r1k3/2r2p2/p3p3/1b1pPp2/1Q3P2/1qP1KB2/8/6R1 w - - 0 1,2,
d8cad917,2bq1brk/2np4/p4pQp/4P3/8/7R/PP3PPP/2R3K1 w - - 0 1,2,
e8b9f507,2r3k1/5pp1/4p2p/p7/Ppq5/2bR2P1/2Q2P1P/3R2K1 w - - 0 1,2,
29725a82,2b2r2/p1p3k1/1p4pp/3pNq2/3P4/2P1R1Q1/PP3PPP/6K1 b - - 7 1,2,
de1460a6,2r1r1k1/p3b2p/2q1p3/2N2pp1/1P4P1/P1P1B2K/5P1P/RQ4R1 b - - 0 1,2,
99d5b682,3rr3/1p3p1k/1q3B1p/p2P2P1/8/5Pb1/PPP1B3/R2K3R w - - 0 1,2,
bfaa3dd0,4r1k1/1p3pBp/p2p2p1/2pP4/2P2P1q/1Q1b1B2/PP4PP/R5K1 b - - 0 1,2,
b1f4a5b6,5r1k/7p/p2Q2pb/1p2p3/4q3/1P6/P6P/1R3RK1 w - - 2 1,2,
841bf7f4,6k1/1Q3pp1/6p1/4b3/P4q2/6P1/2P4K/1R1R4 b - - 0 1,2,
381304f4,7k/3p3p/p3p3/1p1n1r1N/5P2/1P3K2/P1R5/8 w - - 4 1,2,
f1519de4,2krQ3/ppp5/5p1p/8/4P3/1B2q3/P5r1/R4R1K w - - 2 1,2,
a2928f64,6k1/pp1R1p2/q5p1/3n4/P7/1P6/1Qr2PP1/3bK3 w - - 5 1,2,
7651c171,3r1k2/7R/p2pp1p1/1pr3P1/2n2PK1/8/P1P4R/8 w - - 0 1,2,
24d3a352,2r4k/r4pp1/p3b3/3p2q1/8/3B4/PPQ2PPP/4R2K w - - 1 1,2,
2d6d03b3,4Nn1k/5p2/1p4p1/2p5/q7/8/1P4B1/5QK1 w - - 4 1,2,
8d238949,4r1q1/1Q5p/8/pN3p1k/PP1P4/7n/5PP1/R2R1K2 b - - 1 1,2,
82573ec0,4r3/p1pbrp1k/3q2p1/1p1P3p/2B1p2R/2Q3RP/PPP2PP1/6K1 w - - 0 1,2,
5b937676,1k6/1ppr2Rp/p1b1p3/2QpP3/PP1P4/8/1KP5/4q3 w - - 3 1,2,
40dcb8bb,8/p1Q5/1p2p1p1/2p2pn1/3k4/P7/1P1n1P2/KBq5 w - - 17 1,2,
f1e2d84b,r6k/pbp5/1p1pNr2/3P1p1q/1PP5/2Q4P/P4PP1/6K1 w - - 0 1,2,
aedb157f,6k1/4qp1p/p5p1/1pp5/2P3N1/2Q5/5PK1/8 w - - 2 1,2,
9fd9621b,2r2r1k/5pp1/pq2p3/1pb3N1/4n3/4P3/PP2QPPP/2R2RK1 w - - 0 1,2,
b833380a,4rrk1/p1p5/1p3bp1/7Q/2P4P/2N2P2/PP3q2/2K3R1 w - - 0 1,2,
c9e4994a,8/1p1k1pp1/p2n3p/3pB3/PQ1N2b1/1P6/1q4PP/2R3K1 b - - 0 1,2,
d0746813,k3r3/1pBQPpb1/p4qp1/4p3/1P2p3/5P1p/P4P1P/2R3RK b - - 3 1,2,
6422cd27,2R2nk1/6r1/7p/1p6/4Bq2/7P/P1Q5/7K b - - 17 1,2,
007b0526,8/kp5R/p7/6P1/K1nR3p/P7/1r6/8 b - - 0 1,2,
cf024c0d,5k2/8/p3pP1R/3p2P1/3n1q1P/5B2/6K1/8 w - - 1 1,2,
731ddf21,2r3k1/4pp1p/1qbp2p1/1p6/6N1/PP1R3P/1Q3PP1/6K1 w - - 2 1,2,
3b1b003c,6k1/1b3r1p/p4R1B/1p2p3/8/8/qPP3PP/3R3K w - - 0 1,2,
b89961b2,r3r3/2p1qpk1/pp1p1pb1/3P4/1PP5/4B2Q/P2K2P1/7R w - - 0 1,2,
efc0e6b3,3rkbnr/1p3ppp/p3b3/8/1n6/2N1PN2/PP3PPP/1RB1KB1R b Kk - 3 1,2,
4e041bac,3r2k1/ppn1q1p1/4p3/2ppP1NQ/5r2/2P5/PP4K1/3R4 w - - 2 1,2,
d329c4fa,6rk/6p1/6Qp/5p1R/1p1b3P/6PK/5r2/8 w - - 0 1,2,
7e8ce852,8/2p5/P2p1k2/3Pp3/4PbKN/q7/4Q3/8 b - - 0 1,2,
22dbb465,5r2/3p2kp/b3p1p1/R1b5/2B4Q/3P3N/1PP3PP/7K b - - 0 1,2,
3f249e74,6rk/p6p/6r1/1Pp5/P7/3P1Q2/2P2P2/R5RK b - - 0 1,2,
92a9ec39,2r3k1/1Q4pp/p7/1p6/1n6/P4P2/P1P1q1PP/1KBR3R b - - 0 1,2,
cef8b764,1k5r/p4pp1/1n2pn1p/8/r2PB3/2R2P1P/1P3P2/2B1K2R w K - 11 1,2,
57e4bf91,r5k1/p3p1q1/1pp1P2R/3p3Q/3P4/1PPb4/P4PPP/6K1 w - - 3 1,2,
9dd6f39c,3r3r/pp3pk1/5Npp/4P3/4KP2/P2n1N2/1P2RPPP/7R b - - 2 1,2,
493688a5,2b2rk1/5p1p/4pqp1/2Np4/3N4/1BQ5/Pr3PPP/R3R1K1 b - - 0 1,2,
069a38cf,r4r1k/ppn2p1p/4pP1N/8/4P3/3q3P/P7/R5RK w - - 0 1,2,
ef234b8a,6k1/ppR1R1pp/6p1/6K1/6P1/1N3r2/PP5r/8 b - - 4 1,2,
175cbbf6,rn3r1k/p6p/2p1Bp2/2p4q/8/2BP4/PP1K1P1P/1R4R1 w - - 0 1,2,
fe4143f3,7k/p3Q2p/6p1/1p6/2b1P3/7P/6q1/2K5 w - - 4 1,2,
d922f8a5,6rk/p6p/1p2pp2/4bN2/4R1r1/8/P3QPPP/4R1K1 b - - 0 1,2,
23691adf,q4rk1/5p1p/p5p1/1p3N2/2n4R/P1P4Q/6bP/5RK1 w - - 0 1,2,
6f836ef1,8/8/6P1/8/2k2P2/p7/1p6/1K6 b - - 0 1,2,
70972a96,8/2p1qpk1/1p1pnN1p/p3pQp1/4P1P1/1P5P/P1P5/6K1 w - - 4 1,2,
405547ef,6k1/2R2rpp/5br1/3Bp3/7n/4B2P/2R1KP2/1q6 w - - 0 1,2,
64b19a1a,3r1r2/1R3pp1/Q1pkp3/7p/3Pq2P/2P5/P4PP1/6K1 w - - 5 1,2,
67b6a0a9,7k/p4pp1/7p/4PP2/P7/1P2Q2P/2q3r1/1R2R2K b - - 0 1,2,
495e8432,7k/8/1R4pp/p7/3P1P2/1B2P1KP/P2n1P2/2r5 b - - 0 1,2,
fda60103,r3r1k1/3R1pp1/7p/p2QP3/6n1/1P6/2q2PPP/5RK1 w - - 0 1,2,
b329889e,r2qr2k/p4pp1/2pp3p/7Q/4PP2/2b5/PPP5/2K3RR w - - 0 1,2,
c4480b35,r2qr1k1/p4p2/1p2pbp1/2pnN3/3P4/2P4Q/PP3PP1/1K1R3R w - - 4 1,2,
a7148485,r1b2k1r/2q2pb1/p1p5/5p1p/7Q/2N5/PPP2PPP/2KR3R w - - 0 1,2,
e83c95e4,5r1k/3RQp1p/pp2pPpN/2p5/2P2P2/4BqPP/PP4b1/6K1 b - - 0 1,2,
cc78aca5,8/p2b1kpp/4pq2/8/2P5/5N2/P1pQPPPP/4KB1R b K - 3 1,2,
d154c1c0,8/ppp2r1k/3pQ3/3Pp2r/8/3P1q2/PPP5/1K4R1 w - - 2 1,2,
9cd29c6d,2R5/4r1p1/2b3kp/1p6/5B2/1B4P1/1PP2P2/6K1 b - - 8 1,2,
b7f21032,6k1/4qp2/p2p1QpK/3P3p/1PB3r1/4r3/P4R1P/2R5 b - - 6 1,2,
fe24d788,2r1rk2/3npp1p/pq4p1/1p1p1NQ1/3P4/1PP4P/P1R2PP1/2R3K1 w - - 4 1,2,
9643306c,b5k1/rq4pp/pp2p1p1/3rN3/P6Q/2PR4/5P1P/R5K1 w - - 0 1,2,
aa2f5cf1,4k3/2Q2p2/4p2p/pN1p1b2/1p6/P2P4/1qP4K/8 w - - 2 1,2,
4bb67b2d,r3r1k1/pp3ppp/8/2Pn4/4N3/P3qBPb/1BQ2R1P/RN4K1 b - - 1 1,2,
d7f5f6e7,6r1/7p/p3kp2/1p5Q/3R1P1K/1P2P2P/P1q5/6R1 b - - 4 1,2,
2ba3d4eb,r1b3k1/5r1p/p1p2Qp1/8/8/1P6/P1q2PPP/3R1RK1 w - - 0 1,2,
f4acddd1,1b1r2k1/p3qpp1/7p/5QN1/P4P2/4P1P1/8/5R1K w - - 0 1,2,
551b4b01,r3nrk1/p3R1p1/2p3QB/2Pp2pp/3P2qP/P7/5PP1/b5K1 w - - 0 1,2,
598b9e20,4Qbk1/p7/1p2pB2/8/3P4/4n2P/5PP1/q4NK1 b - - 0 1,2,
c90cb3f7,1k1r4/1pp3Qp/p1p2p2/1b6/8/6N1/P4PPP/3R2K1 b - - 0 1,2,
d8894992,r1bk4/ppppnQ2/3b2n1/2q5/8/6P1/1P4KP/4RR2 w - - 1 1,2,
26c4732c,k3r3/3R2p1/NR3p2/1p3P2/p5P1/2P4K/4r3/8 b - - 4 1,2,
7fab2aa7,5rk1/6pp/5r2/p2p4/2bP4/P3B2Q/2R3PP/3R2K1 b - - 0 1,2,
027bab9c,2k5/pp1bR3/2pB2B1/3P2pp/2P3n1/2P4P/P2r2P1/6K1 b - - 2 1,2,
e9b4a252,8/1b3rk1/1p2Q3/1P1p1q2/3P3R/4P3/3K4/8 w - - 1 1,2,
85959367,4k3/R7/4K3/8/4P3/2P5/pr6/2r5 w - - 4 1,2,
9a70b6a1,5r2/pRpR2pk/4N2p/8/8/2nn4/P2N1PPP/6K1 b - - 1 1,2,
1b27aa2e,4rr2/ppp3pk/5p1p/3qp2Q/8/1P1P2RP/1PP2PP1/R5K1 w - - 4 1,2,
777b23fe,r1b3k1/6p1/p3p2p/1p1p2q1/8/2PB4/PPQ3PP/5R1K w - - 2 1,2,
69f938d1,6k1/3N1p2/6pn/2Q4p/7P/6P1/4qP1K/8 w - - 7 1,2,
c505f306,4r3/pp3pk1/8/5Q2/5p2/6q1/PPP3P1/1K5R w - - 2 1,2,
8c528b5b,6k1/1q4Bp/2b1p1pP/p1Qr1r2/1ppPp3/2P1P3/PP4P1/2KR1R2 w - - 10 1,2,
29b89820,7R/6p1/6kp/P4R2/1q2n3/8/2Q3PP/7K b - - 0 1,2,
1bbceae8,r2r2k1/4Rp1p/6p1/6Pn/2Q4P/8/5PK1/q7 w - - 0 1,2,
494f76c8,2r3k1/3R1ppp/p3p3/4P3/5Q2/b1q1B3/1r3PPP/K6R w - - 2 1,2,
29ca93c4,r3kb1r/ppp2ppp/8/4n3/P7/1QP3P1/3PqPNP/R1B2RK1 b kq - 2 1,2,
1f853b92,6k1/R5pp/4p3/r1r2p2/8/4P1P1/4P1KP/1R6 w - - 0 1,2,
675d5f12,8/4N3/4R3/6kp/6r1/5K2/6Pb/8 w - - 3 1,2,
8f4fa9b8,r6k/1p5p/p2p2pQ/2pPp3/2P1n3/3B2P1/1P1q3P/5RK1 w - - 3 1,2,
67319ca2,8/5R2/pppkp3/8/1PPK1P2/P4r2/8/8 w - - 0 1,2,
4cb7b788,3R3R/5p2/2p1p1k1/1pP1P3/4r3/6P1/5PK1/1r6 w - - 10 1,2,
7b01d51e,3r3k/pp2bp1p/2p1q1bQ/4P3/2n3N1/2N5/P5PP/3R3K w - - 3 1,2,
90ad5dbe,8/2R2pk1/4r1pp/1p1p4/3b2Q1/1P2p1B1/1P3PPP/4R1K1 b - - 0 1,2,
1666f39b,r4q2/4npk1/p1n1b1pr/3pP3/3P1QP1/2pB4/PP3P2/R3K2R w KQ - 0 1,2,
98cb5d85,r2q2k1/2p1n1pp/p2b4/8/N6P/2B2Q2/PPb3P1/5RK1 w - - 1 1,2,
ae4b5f1c,r1b3nr/pk1p4/2p1q2p/Q3P3/P7/4B3/4KP2/6R1 w - - 4 1,2,
ac20eeb5,6k1/5p1p/p2p2pB/1p1P1b2/2Pp4/PP6/5PPP/1q2QK2 b - - 3 1,2,
70db2036,r5k1/5ppp/p3p1bq/4N3/6P1/1P3Q2/P2r4/5RK1 w - - 5 1,2,
f9be3587,4rk2/1p1b1p1p/pq3Bp1/3pp3/7Q/1P3P1P/P4P2/R5K1 w - - 0 1,2,
51473e88,2k5/p7/P1b2p1Q/1p1pPq2/1PpP3p/2P3pP/6P1/RN4K1 b - - 0 1,2,
c25e6a45,6k1/pp2Rp2/5Bp1/7p/P7/1P4PK/2rr3P/8 w - - 3 1,2,
0fe8edf7,8/2p2Qpk/1n2p2p/1P3b2/3P2NK/4P3/6qP/8 w - - 2 1,2,
6f59189e,7k/1R5p/p5pB/1b3p2/4p3/1P4KP/r5P1/1r6 w - - 0 1,2,
d48b5166,r6k/pp1B1n2/2p5/3p4/3P4/2P1qPR1/PPQN2PP/7K b - - 2 1,2,
8dff4b71,8/8/5r1k/3pQpp1/8/1P2P1PK/P4q2/3R2R1 b - - 1 1,2,
c8ae0b39,6k1/6p1/3R2P1/pq6/5P2/6PK/8/1q6 w - - 0 1,2,
8bd0d65d,1k6/p4rqp/Qpr5/1N3p2/8/6P1/PPP4P/2KR4 w - - 0 1,2,
583ba60d,2k5/1pp5/4p3/1Pq1p1B1/4P2P/8/5rP1/R6K w - - 0 1,2,
47fbcedb,8/R7/6k1/p3B2p/6P1/1pnr4/5P1P/6K1 w - - 0 1,2,
4a8003d1,1k1r3r/pp4p1/q4p2/8/3Qp2p/P7/1P3PPP/2RR2K1 w - - 0 1,2,
9780b5f1,1rr3k1/5pp1/p2p3p/4p2q/4P3/1BPNQN1b/P4P2/1RR3K1 b - - 1 1,2,
81982e0f,r5kb/5r2/2n1p1p1/3p2P1/p2P1P2/2P1P3/Pq1NKB1R/7R w - - 0 1,2,
c51d793b,2k4r/1b6/p7/2N2p2/1pP5/5BP1/2Q2P1r/4R1K1 b - - 0 1,2,
962ad6f5,6r1/1pp5/8/8/2P3p1/1P3k2/P7/4B1RK b - - 4 1,2,
f0af7cd6,2r4k/p4r1P/3pQ1p1/1p1Pp3/8/2Pq4/PP6/K6R w - - 0 1,2,
712a8bd4,8/kpp5/p5pp/4n3/4QRPK/2P1N2P/PP6/6rr b - - 1 1,2,
ccc18136,r1b2r1k/pp2N1np/3Q2p1/6P1/2P1q3/5n2/P3BP2/2R2K1R w - - 0 1,2,
29e7d945,6k1/p3qppp/2p1rn2/2P5/3B4/P2P1QPb/5P1P/R5KB b - - 0 1,2,
52087cad,2r3k1/5pp1/p2p1q1p/1p6/3N4/2rBQP2/P4P1P/4R1K1 w - - 0 1,2,
40d58a8e,7k/4Npp1/pr2p2p/4P3/Q7/1P5K/P4q1P/8 w - - 5 1,2,
9457f16b,8/5R2/3p2qk/1p2p3/3p2pK/1B1P4/1PP2Q2/8 b - - 0 1,2,
3568fe6b,4Q1bk/pp5p/2p5/8/1P6/P5PB/3qpr1P/5R1K w - - 0 1,2,
69e6379b,8/2kn2p1/8/Rp1QPp2/2pP4/2P5/1P1KB3/5rq1 b - - 10 1,2,
8eead32e,r5k1/ppp1Rrpp/8/8/3q4/1Q6/P4PPP/R1B3K1 b - - 0 1,2,
c551e1c2,6k1/R4N1p/6p1/3p4/P4P2/6KP/1r4P1/4n3 b - - 0 1,2,
c09b24cf,r5k1/1Q4p1/2n1b1Pp/8/1b2P2P/3R1N2/r3N3/1K3B1R b - - 0 1,2,
d7c95d0d,r3r3/1p3pk1/1qp2bn1/p2p3Q/P2P2N1/2N1P2P/1P3PP1/1b3RK1 w - - 2 1,2,
1bb3bbe6,r6r/1p3p1k/p3pPpB/2p5/6P1/3P3R/P3n2P/7K w - - 4 1,2,
08ab95cf,b7/5ppk/p3p2p/4P3/2P2n2/5NP1/P4P1P/R4R1K b - - 0 1,2,
13fbd477,8/4pk1p/3p2rb/2p3P1/1qn1Q2B/1PN2P1N/P1P4P/2KR3R b - - 0 1,2,
e6de2eaf,rn1q2kr/pbp1n1pp/1p6/6N1/1b6/2pP4/PPP1QPPP/R1B2RK1 w - - 2 1,2,
d6695ff1,2kr2r1/P1p5/2Qp2p1/3P2p1/8/5Ppq/2P2P2/R3R1K1 b - - 0 1,2,
d04eb405,3rk3/1p6/pQ1p1p1p/P2Pp3/1P2Pp1q/6rP/2R3RK/3N1B2 b - - 6 1,2,
39ebf20f,6k1/6pp/1pp5/p1b2P2/2P3P1/PP2q2P/6R1/5Q1K b - - 0 1,2,
e968aaf7,r3r2k/pb3p1p/1p1bn2P/2p5/3p3Q/P2P4/KPPq4/5BR1 w - - 0 1,2,
5ddb8405,8/6k1/2qP3p/5Qp1/4r3/2P3R1/5P2/6K1 b - - 2 1,2,
ae9dfd2f,4r3/4p2k/p5pp/1p2Qp2/7q/1PP2P2/P2r1NPP/R3R1K1 b - - 2 1,2,
c077376b,r4rk1/p4ppp/2p5/8/3PP2q/P3RN1b/1B3P2/R1Q3K1 b - - 3 1,2,
8bd4e0db,2r3k1/4pp1p/3p2p1/np4N1/3q1P1Q/1P5P/P5PK/8 w - - 0 1,2,
ef708abd,5n2/p5kp/6p1/1p3r1n/2pN4/2P2P2/PP3q1P/R2QR2K b - - 1 1,2,
5357ab28,6rk/6p1/3QR2p/P2p4/8/7P/6PK/3qq3 w - - 0 1,2,
b6fb9153,4r1k1/p1q2pp1/2b4p/P3r3/5N2/1Q4P1/2R2P1P/2R3K1 b - - 1 1,2,
53e1b8d9,3r2k1/5p2/7p/pB2Q2P/4P1q1/P4P2/1P2K3/4R3 b - - 0 1,2,
a8644823,7r/6k1/R7/1p4p1/4n3/P3PR2/1PP3P1/2K5 b - - 0 1,2,
db4a023c,2r1r3/p2nkp2/1p1qpn2/6p1/P1PP4/B3QP2/B4PR1/6RK b - - 2 1,2,
8bd6e46a,6k1/3r1ppp/p7/1p6/3P4/4PQ2/qP4PP/5RK1 w - - 0 1,2,
e5148226,8/4r3/p5Q1/1p2k1Kp/3bP3/5PR1/PP2B3/7q b - - 1 1,2,
30f03075,8/1p3QBk/p2p3p/3P4/7P/1P6/P1q3r1/4R2K b - - 0 1,2,
594033db,r1bqrbk1/pp3p2/2n2n1Q/2pp2N1/8/2NBP3/PPP2PPP/R3K2R w KQ - 3 1,2,
0ee7c2bd,6r1/ppq2p1k/2b1pPp1/3r4/8/2PBR3/P4PPP/R5K1 w - - 0 1,2,
e5c85438,5r1k/pp5p/8/4Pr2/2pP2B1/P2b4/1P1R2PP/3Q1RK1 b - - 0 1,2,
701407bf,2r2rk1/p4pp1/4pq1p/3p4/N7/R5Q1/P1P1RPPP/6K1 b - - 0 1,2,
1c6c988f,4b3/pp3p2/5Qrk/3P1P2/4P3/6P1/P1r2q1P/R6K w - - 2 1,2,
175d1102,2R5/1q3ppk/n6p/p3B3/4p3/bP2P1PB/5P1P/6K1 w - - 2 1,2,
d4297201,r5nr/ppqb4/2k1p1B1/3pn3/2N5/4B3/P4PPP/1R1Q1RK1 b - - 0 1,2,
fc06dd5d,2r3k1/p2P2p1/1p3q1p/3pR2P/3P4/3Q2PB/PPr5/4R1K1 b - - 0 1,2,
a187122d,8/3R2R1/1p4p1/p4p2/4r1kP/2P5/PP3bPK/8 b - - 1 1,2,
f4fc740c,3r1kr1/p7/3pQp2/1p6/4P1P1/b3q2P/Pp1n1R2/1R4K1 w - - 4 1,2,
1e41bfcd,r4r1k/p2Q1B1p/bp4p1/8/6P1/2N3bq/PP3R2/R5K1 w - - 1 1,2,
5ec3670c,r2q1rk1/ppp1Bppp/4p3/4Pb2/2B1n3/1QN1P3/PP3PPP/R3K2R b KQ - 0 1,2,
7107dd0e,k2r3r/2p2p2/Pb5p/1Q1np3/1P3pq1/2P5/6PP/R1B2R1K w - - 1 1,2,
5f8401bf,4r1kr/pb3R1p/1p4pQ/2p3P1/8/3P4/PP4RP/7K b - - 0 1,2,
0693d497,5k2/p2p1p1p/b1pN1p2/1pP4P/8/r2n4/5PP1/4R1K1 w - - 1 1,2,
c2e6a3cf,1Q6/Q4pk1/5n2/7p/4p3/P3P1pP/3q1PP1/5BK1 b - - 0 1,2,
a93ca3b5,r7/2p1k1p1/1r2Pp1p/1pNpq2Q/1P6/6P1/P5P1/3K4 w - - 0 1,2,
02cb1380,5rk1/1R3pp1/3p3p/4p3/4P3/3P1N2/bQq2PPP/6K1 b - - 1 1,2,
18c94009,rnb2B1r/pp1p1p1p/1q2k3/8/4P1n1/8/PPP1KbPP/RN1Q1B1R w - - 0 1,2,
65d7e30e,4k3/7r/2N1p3/3pN1p1/1P1P1pP1/8/P5K1/5R1r b - - 4 1,2,
315b1d5c,6k1/5p1p/pb3p2/1P3q2/B4P2/6P1/7P/3Q3K b - - 0 1,2,
75c3d3b7,5r1k/6p1/p3B1Rp/2q1PP2/P4Q2/7P/2pr2PK/8 w - - 0 1,2,
6ff389ac,Q7/8/8/8/3kp3/3p4/5rPP/R2K4 b - - 0 1,2,
4f01413e,4r2k/1p2N2p/p7/4p3/6R1/5r2/PP5q/1K4R1 w - - 4 1,2,
2e44d81f,QB6/1R6/4p3/5np1/6k1/5r2/6KP/8 b - - 0 1,2,
ff7c4465,4r3/5k2/2p3R1/1pN3pp/1q1B4/4P1PP/6K1/8 w - - 2 1,2,
0b974784,4Q3/7k/6pp/6b1/4B3/2P5/P4qPP/1r3N1K w - - 0 1,2,
80ce44b9,8/pp3pk1/2p2np1/3p4/3P4/P4P2/1PP1rq2/1KQ4R w - - 0 1,2,
3e21761b,6k1/ppp2rpp/8/3p4/6b1/2P3P1/Pr5P/4RRK1 w - - 0 1,2,
d99f55bc,r4k2/1pp3p1/p1nbRpQ1/3p1P2/3q4/2N5/PPPB1P1r/4R1K1 w - - 0 1,2,
ea68b435,8/pp6/3qpkp1/1P1p4/3N4/7r/P3QP2/2R3K1 b - - 0 1,2,
cf2a077b,r5k1/2p2p2/pb1p2np/1p1P2p1/P6q/2PN3P/1P5B/R2Q1N1K b - - 0 1,2,
4c357e93,r7/2p2kp1/2bp1p2/4pN2/pp2Pb2/3P4/PPP2PQq/R3K3 w Q - 3 1,2,
ff1b8ca7,5rk1/p1p2ppp/3p4/3Q4/2B2P2/7P/Prq3P1/4R1K1 w - - 1 1,2,
11707fcf,4k3/R6p/4K1p1/p1r5/8/2p4P/6P1/8 w - - 0 1,2,
902dd7ed,4k3/5p2/1pq1p3/p3P2r/3Q4/2P1K3/5P2/6R1 w - - 0 1,2,
66044186,5rk1/5qpp/pp1R2p1/8/2P1Q3/1P4P1/PB3P1P/6K1 b - - 0 1,2,
eb19f967,4r3/p1r5/4p1p1/1P1p1kBp/P1p4K/2P2P1P/6P1/4R3 w - - 2 1,2,
8e66f366,4r1B1/2q3b1/p2p2pk/1pp2r1p/2PnNP2/3P1pQ1/PP1B1K2/4R3 w - - 0 1,2,
6ddcb558,1r3r1k/5p1P/2n1p1pP/4P3/pq3Q2/8/BP6/1K1R1R2 w - - 2 1,2,
7adfeee3,4r1k1/2R2ppp/5n2/p7/2Q4P/2P1B1P1/5P1K/r2q4 w - - 3 1,2,
011cd3bb,r5k1/pp3ppp/8/3R4/2p3n1/2P1P2q/PP3P1N/R1BQ2K1 b - - 0 1,2,
1b5f1fd3,6k1/8/6p1/8/3P4/3r2r1/4KRR1/8 b - - 3 1,2,
2c74260e,6k1/ppp3p1/4pR1p/1q2p3/4P3/2PP3Q/P1P3PP/7K b - - 0 1,2,
ae6beb6a,rnb3k1/pp4pp/2p5/3p2q1/3P1r2/8/PPP1Q1PP/R4RK1 w - - 0 1,2,
4fde9bcc,1B3r1k/bb2Nppp/pq6/8/1PP5/8/P4PPP/R2QR1K1 b - - 0 1,2,
d7daaada,6k1/6n1/2p3Q1/4q1N1/3p1p2/5P2/6P1/6K1 w - - 5 1,2,
62880072,8/ppp4p/2k5/8/2PQ1K2/5P2/6qP/8 w - - 0 1,2,
c2db538e,5r2/4qkrR/p3p3/1p1pPp2/2pP4/2P5/PPB2PPQ/6K1 w - - 4 1,2,
04659969,q3r3/r4p1k/3p1npp/2p5/6N1/1R1P3P/P2Q1bP1/7K w - - 0 1,2,
f46a70a7,5r1k/p2r3p/2pN2p1/1pn1p1P1/2Q5/q1PP3P/P1PK4/5R2 w - - 0 1,2,
faa81564,4Q3/pp3Rrk/2p5/3pP2p/7q/7B/PP5K/8 b - - 4 1,2,
ae99748d,r4rk1/1R3p2/p2pR1pp/3P4/P4q2/2Q5/6PP/6K1 w - - 0 1,2,
6dfc1b23,7k/6p1/p2pB1Pb/1ppP2q1/8/1P3r1Q/PBP2r2/1K5R w - - 4 1,2,
a6e90e79,2k1r3/Bp3ppp/2p2b2/8/N7/8/PPb2PPP/3R2K1 w - - 2 1,2,
a33b13ff,8/3brQpk/p1pqp2p/1p1p3N/2n5/P7/6PP/5R1K w - - 12 1,2,
fdf84d4a,7r/p3pk2/p2pRb2/3P1Qp1/3P2N1/1P6/P4PK1/2q5 b - - 10 1,2,
60d2f1eb,2k5/p1p5/3p1b1p/1Q6/6bP/2NPq3/PPP1B1P1/4KR2 b - - 8 1,2,
75d7fb75,8/kpN5/6p1/PP2pp2/8/5q2/7P/3R2K1 w - - 0 1,2,
aadbef60,r3r1k1/pp3p2/1Ppb4/7R/3P4/2N1q2P/PPQ3P1/R6K b - - 4 1,2,
e0a4fa7c,1q2r1k1/8/7p/p4Q2/Pp1Bn3/6P1/1P4KP/8 w - - 0 1,2,
12d89f80,2R5/3p1kp1/6p1/8/PP3K2/3R1P2/4r1rP/8 b - - 1 1,2,
836690ca,8/5p1k/6p1/4b2p/B3pq2/7P/2r2PP1/1R1QB1K1 b - - 0 1,2,
5815e2d9,8/P1RR3p/6p1/5p1k/4bP2/r5P1/5K2/1r6 w - - 7 1,2,
1f73e463,6k1/5ppp/2pBp1b1/4P3/P1KP4/1r6/1r4PP/R3R3 b - - 8 1,2,
de211d6b,5rk1/2Q3pp/2R5/4P3/5P2/1P6/3qNKPP/8 b - - 0 1,2,
175fddb4,8/8/5N2/4n1p1/6P1/6PK/8/7k b - - 0 1,2,
240e4f81,7k/pp1b2rp/8/7r/4p3/1P2P1RP/P5P1/5RK1 w - - 0 1,2,
9bc72131,4r1k1/1p3ppp/p2q4/5P2/P1RQ2n1/1P4N1/3P2PP/4R1K1 b - - 0 1,2,
b634ce9b,2r5/8/4p3/6b1/1p2B3/3R1b2/P1P1k3/6K1 w - - 2 1,2,
e73b94c5,8/6pp/P7/1N3p2/1PR5/4k3/1r4PP/6K1 b - - 0 1,2,
c1a1e987,7k/2B1Np1p/6p1/6r1/5n2/P4P1n/7P/3R1R1K b - - 0 1,2,
e401453e,6k1/p4pbp/Q1p3p1/6P1/N7/1rPp1N2/4rP2/2K4R b - - 1 1,2,
47286605,4Q2N/4b1p1/4pp1p/3p4/1qb5/4PPk1/6B1/6K1 w - - 2 1,2,
3413d8a5,8/3r3k/p5p1/6P1/3bQ3/qB3P2/1pP5/1K6 w - - 0 1,2,
3cc6970e,5r2/2pQ1Npk/6qp/1P2p3/P2b4/1B1P1pPP/5P2/5RK1 b - - 0 1,2,
7a0cb131,r6r/1p2p1k1/p2qP1p1/2pp2Q1/6P1/8/PP5P/R4RK1 w - - 1 1,2,
3b4c0469,2kr3r/p1p4p/2B1b3/2q5/Q7/2P1b3/PP4PP/R4R1K w - - 1 1,2,
e7736f94,5r2/4RN1p/p5p1/1p5k/8/P5P1/2r2nP1/R5K1 w - - 6 1,2,
07a9f020,6k1/pp3rpp/6q1/3n4/8/1P2Q1P1/r6P/4NR1K w - - 0 1,2,
421315d9,8/5k2/8/4R1PK/1r6/3b4/4R1P1/8 b - - 0 1,2,
c086e6fe,r1b1k2r/pppp1ppp/8/8/4P1nq/1BN2P2/PPPPK2P/R1BQ3R b kq - 2 1,2,
cc727786,1r6/q4pp1/2p1pkp1/3p4/Qb1P4/2N1P1P1/P1PB1P1P/2KR3R b - - 3 1,2,
86e4372b,2r3k1/p3R1p1/7p/5Q2/1Pr5/5PKP/P2q2P1/8 w - - 0 1,2,
6e8d3044,N5k1/5p2/p1Pp1p1p/8/6qN/6Pb/PP1Q1b1P/R6K b - - 0 1,2,
d3758520,r1r1n3/4ppkp/6p1/2q1P3/3Q4/1PN4P/1KP1N1P1/3R3R b - - 2 1,2,
ee39f50b,6k1/1br2q1p/p5pB/8/3p3Q/1P6/P5PP/6K1 w - - 2 1,2,
d16f912b,1k4r1/1p1P1p1p/p1pq4/3p1Q2/3P4/2P2NP1/PP1N4/R4RK1 b - - 0 1,2,
455a077f,r2q1r2/p2b2pk/1p2p2n/3pPp1Q/1P6/3N2R1/P4PPP/R5K1 w - f6 0 1,2,
61a919ea,6k1/1p6/p3qrpQ/Pb6/8/5n2/4PPK1/7R w - - 0 1,2,
b54bdec3,8/1Bp2pk1/p4q1p/1pP3p1/1P2P3/P2Q2K1/6PP/8 b - - 7 1,2,
08736403,1r3rk1/5ppp/p3pq2/1b6/8/Q3BP2/PPR2KPP/4R3 b - - 6 1,2,
c76c3ce4,3r3k/1p3p1p/2b5/2pp2Q1/1n2P3/pPqB3P/P1P5/1K4R1 w - - 0 1,2,
18e11348,1Q5b/8/2N1p2K/5q1P/4k3/8/8/8 b - - 2 1,2,
d2257eef,3r2k1/ppp1Rpp1/7p/5Q2/1q6/6P1/5PKP/8 w - - 0 1,2,
f81c256c,2r3k1/n3pp1p/b5p1/p3P3/Pp1P4/1B2P3/1R2NPPP/5K2 b - - 3 1,2,
1d126717,8/3R1Q1p/p5pk/5p2/1p6/1P3qPK/P6P/8 b - - 4 1,2,
138ffc82,2r3k1/3Q2p1/1R5p/p2p1p1q/7N/8/P4PPK/8 b - - 0 1,2,
1b5d2d66,6r1/pp2k1rp/4pp2/3p3P/2qP3B/2N1P3/PP2QP1b/1R3K1R b - - 2 1,2,
6b979a30,2n3k1/1p2rpp1/pq2p2p/1b1pP3/3P4/P2Q1N2/1P3PPP/1B4K1 w - - 0 1,2,
dfe630fb,7k/R7/6K1/7p/8/5P2/p3r3/8 w - - 0 1,2,
17e520f4,r1b2r1k/ppB3p1/1nn1pp2/6N1/3P4/8/qP3PPP/3Q1RK1 w - - 0 1,2,
2d15903e,3r4/1bQ2p1k/5Ppp/8/8/3p4/1q4PP/6RK w - - 0 1,2,
358e9096,3kr3/pp3p2/2b4p/3p1B2/PQ6/1Pb1qN1P/6P1/7K w - - 3 1,2,
bc1f89d2,1Q1q3k/7p/2p3p1/8/6P1/1B6/P2r4/1K6 w - - 6 1,2,
4d0b7dd1,2r3rk/p1q2ppp/3p4/1p3QRn/3P4/5P2/PP3P1P/1K4R1 w - - 0 1,2,
46aaaf6c,4rk2/pbq2pp1/1p4n1/2b1p1BQ/4P3/PpP3P1/5PB1/3r1NKR w - - 0 1,2,
ba9310ab,r2qrbk1/pp3p2/4bnnQ/3pp1NN/8/P2P3P/BPP2PP1/R4RK1 w - - 2 1,2,
3cb823be,8/3pkp2/pp2p1r1/7p/NP1Qq3/P5PP/2r2P2/3R1RK1 b - - 4 1,2,
c13692d0,8/4N1pk/3N4/1n2p2p/2B1P3/n3K1PP/8/1r6 w - - 2 1,2,
092fba0d,2kr1r2/p1p1b1pp/1p2p3/1QNpq2b/8/2P1B3/PP3PPP/R3K2R w KQ - 0 1,2,
aa8d6846,3r3r/N1pk1ppp/p4n2/2BPp2q/1Q2b3/8/PP3P1P/R3K3 w Q - 2 1,2,
2b47c6b8,4r1k1/p5pp/3Q4/2Bp4/2pP4/5qP1/P4R1P/6K1 b - - 0 1,2,
ac510df8,7k/pp3Rr1/2n3Qp/2Pp4/3q2P1/1P2p2P/P5PK/8 w - - 0 1,2,
ec50e988,8/3N2R1/p2k4/1Ppp4/8/1PKP4/5r2/8 b - - 0 1,2,
82bd8910,r1b4k/p4r1p/2p1p2p/3nqp2/7Q/2PB2R1/PP4PP/R5K1 w - - 0 1,2,
149db0c6,8/8/8/3Rp1P1/1pk1P3/4b3/PPP4r/1K6 w - - 2 1,2,
62053b64,3r3k/2Q3pp/3pPb2/pq6/8/1B3PP1/PP4P1/2R3K1 b - - 7 1,2,
72d35edc,8/6bk/2p3rp/2R5/1P1P1R2/2Pq3P/3BQK2/8 b - - 6 1,2,
a9bdbacf,5rk1/2p5/p3Rp1p/1pQ5/5q2/3P1bP1/PPP5/4R1K1 b - - 0 1,2,
0b548ebb,7k/pb4pp/1p1p2q1/4p3/8/2P3P1/PP1Q4/R4RK1 b - - 0 1,2,
d3c4e30f,r1bq1rk1/ppp2ppp/1b1p1n2/4p1N1/2PnN3/6PP/PPQPPPB1/R1B2RK1 w - - 5 1,2,
1e891df5,6k1/RQ3p1p/4p1p1/3pP1qn/3N4/1P5P/5PPK/1r6 b - - 5 1,2,
bfea790c,3q1b1r/p3kppp/1p2pn2/1P6/3N4/8/PP2BPPP/3R2K1 w - - 0 1,2,
22103fbc,8/5pkp/1p1R4/2p2p2/5B2/4PPK1/1q5P/q7 w - - 2 1,2,
58570e6e,8/8/8/3R3P/4P3/2k2Pb1/6r1/3K4 b - - 0 1,2,
fa791041,5k2/3R2p1/pp2qpQp/4p2P/P3P3/1P4P1/2r5/7K w - - 0 1,2,
df753cb5,r2k4/1pq1p1b1/p7/2pN3p/P5n1/1P6/2PPQPP1/R1B1R1K1 b - - 3 1,2,
9f5b7358,rnbqk1nr/ppp3bp/3p4/4N1p1/3PPp2/8/PPP3P1/RNBQKB1R w KQkq - 0 1,2,
3cf4b569,2k2b2/1p4p1/p3p2n/PP3q2/4n3/2BQ3p/5PPP/R3R1K1 b - - 0 1,2,
955d45a0,2r4k/2r3p1/1p5p/p2R1Q2/8/7P/P1q3P1/3R3K w - - 8 1,2,
4f9482f9,r3r1k1/pp3ppp/1bn5/5q2/2P5/1P3p1P/PB1PQPP1/R3R1K1 w - - 0 1,2,
ecf6f87c,6r1/1p6/3p2k1/3Pp1B1/1P2P1qP/8/5QPK/8 w - - 9 1,2,
fa2b7df2,8/b1Q3pp/p4pk1/1p6/8/2N3P1/Pq3P1P/3R2K1 b - - 4 1,2,
ba60c2a2,8/pp6/2p5/2qp1Q2/8/6kP/PP6/5K2 w - - 0 1,2,
92bc8cac,7k/pp3Bpp/8/8/3p2q1/P2Pn3/1PP2QPB/6K1 b - - 2 1,2,
f9cda891,8/2bk3p/pp2pp2/2p5/1nP1KPPn/1PN1BN2/P6P/8 b - - 9 1,2,
82278ae6,r6k/ppp3p1/2bP3p/8/2Q5/8/PPP3rP/R3RK2 b - - 1 1,2,
0f215af0,5R2/p3P1k1/4R2p/3P2p1/q7/P1b1P3/6PP/7K b - - 8 1,2,
06b49d8a,r1b1qkr1/ppp1b2p/2np1n2/4p1NP/4P3/1QP5/P2P1P1P/RNB1K1R1 w Q - 5 1,2,
2729c5c4,R7/3pNpkp/5p2/1B2p3/3nP3/4KP2/2r3rP/4R3 b - - 1 1,2,
9777469f,2r5/2q2pk1/p1rp3p/4p1pP/1P2P1P1/3R1P2/PP3Q2/1K1R4 b - - 0 1,2,
bde77f6b,5k2/8/1N2K3/8/6R1/8/7r/q7 w - - 0 1,2,
5e90c53f,6k1/r3rppp/p3p3/1pp1P3/4BP2/P7/1PPR2PP/6K1 w - - 1 1,2,
31bc046a,5rk1/pp2nqbp/3p4/1P2P1p1/P1PP4/B2Q2Pb/6BP/3RR1K1 b - - 0 1,2,
5f17abc7,3r1r2/p3p1bk/7p/3q3Q/4p2P/2P3R1/PP3PP1/6K1 w - - 0 1,2,
b0279bc4,8/kPK5/8/4ppp1/7p/5P1P/6P1/3q4 w - - 0 1,2,
1cd93805,2rr4/4pp1k/p3q1p1/1p6/3BQ3/P1P2P1P/1P4P1/5RK1 w - - 2 1,2,
ae463494,2q5/6pk/3Q3p/p7/7K/1PB3P1/P6P/8 b - - 4 1,2,
2833f429,2R5/1r6/kP2p3/P2b4/1K4p1/7p/7P/8 w - - 1 1,2,
9e0f849c,6k1/5R2/6p1/1BPp1pN1/3P1P2/KP1Q4/8/2r1q3 b - - 5 1,2,
9703ff85,8/1pp4k/7p/5p2/1PqPpN2/4P2Q/P2K1P2/2R3r1 b - - 0 1,2,
009d7a37,8/pp4k1/1q2p3/1B2P1pQ/5p2/P4K1P/6P1/8 b - - 2 1,2,
5e68dbaf,4r2k/5rb1/p2N4/2P3pp/1P5P/4P1K1/P5P1/1R2R3 b - - 2 1,2,
7573e629,3r3k/pbp2p2/1p5B/8/7p/8/PPP2P1P/R4RK1 b - - 0 1,2,
26b3fd46,R2B2k1/8/1p4K1/2p1bn2/8/1P6/8/6q1 w - - 0 1,2,
a655a848,5rk1/5ppp/b3p3/P2p4/8/6q1/3NPbB1/R1Q2R1K b - - 1 1,2,
89bf5b55,2r1r1k1/p4p1p/2q1p1p1/3nB3/6N1/5QP1/P4P1P/R5K1 w - - 13 1,2,
26556fa7,8/2r1Qpkp/4p1p1/1pP1q3/1Pn5/8/6PP/1B3R1K w - - 4 1,2,
61732ab7,8/pp2N3/1knQ4/2p1p3/4Pn2/2P5/PP3qB1/6RK b - - 1 1,2,
12d399f7,2rr2k1/1b6/1q4PQ/4bp2/ppp1P3/3P4/PP2N3/1K5R w - - 1 1,2,
91091e30,r1b1k2r/p3p1bp/2p3p1/8/2B5/1Q2BP1q/P1N2K2/3R4 w kq - 0 1,2,
631efe21,rn1r2k1/pp1q1ppp/4p3/2b5/4Q3/1P6/PBP2PPP/R3K1NR b KQ - 2 1,2,
51657702,3R1b1k/1p2r3/p1p3pp/2P2p2/2Q5/1P3P1P/5qP1/7K w - - 2 1,2,
d3e8af10,r2kr3/pp1bb1N1/2pQ3p/8/1P2P1P1/P2P4/2P1KP2/7q w - - 3 1,2,
3215106b,r4rk1/3qPpp1/1p5p/p7/3p1B2/3P2PP/PPP1QRbK/4R3 b - - 0 1,2,
d24e5e43,3rr1k1/1R4pp/p3p3/b1p5/8/5QP1/P1q2P1P/4R1K1 w - - 2 1,2,
5c27858f,6k1/3r1ppp/n3p3/8/PN6/1PR1PQ2/5PPq/5K2 b - - 0 1,2,
4caf1cb8,5Q2/5Rrk/p7/1pp1p2r/3pP2q/1P1P3P/1PP3P1/5R1K b - - 10 1,2,
055fc6a7,2r2r1k/1p6/p4Ppp/4Q3/P7/3P2P1/1B4PK/3q4 w - - 0 1,2,
fd517474,5r1k/pp5B/4p3/3p4/5q2/2P3R1/P3Q1PP/6K1 b - - 2 1,2,
0fb02333,r5k1/pR3pp1/4p2p/8/8/5Q1P/q4PP1/6K1 w - - 0 1,2,
0930d26d,5q1k/p5p1/4Q2p/8/3P4/P5N1/2r3PP/R5K1 b - - 1 1,2,
5a64885f,5r2/pb5p/3qpQpk/1p1p4/8/1P3P2/P4PK1/R7 w - - 3 1,2,
db08e763,3r2k1/p5p1/2p4p/4Pp2/2pr1Pb1/P1N1K1P1/2P2R1P/1R6 b - - 1 1,2,
fab1a1ca,8/1pQ5/1p3q1p/1k6/8/1P4PK/7P/8 w - - 0 1,2,
fcf60faf,2rk4/3b1p2/7p/8/3QR3/P2PKB2/2q2PPP/8 b - - 1 1,2,
5b1ce10c,5r1k/1R4bp/6p1/3Q4/1P6/6P1/4q2P/3R3K b - - 0 1,2,
5135e862,5r2/6pp/8/Q1bkB3/2p3p1/6P1/PP5P/7K b - - 0 1,2,
8d56ba9d,2k1r3/1p3r2/p2QR3/P5pp/8/2q5/2P2PPP/4R1K1 b - - 0 1,2,
74ac8dda,1Q6/3bk1pp/1p5q/1Pp1p3/2Pp4/3P2P1/1N2PPB1/5K2 b - - 0 1,2,
db6baef3,1k6/pp3p2/3p4/5N2/2P1q1p1/1Pb1P1P1/P3K3/3R1Q2 b - - 4 1,2,
2a3bda2e,6rk/p3Q3/3q3p/8/8/4RP2/PP5P/7K b - - 2 1,2,
baed8232,6k1/pR3p1p/8/4BpP1/2rp3P/2p4K/8/8 w - - 0 1,2,
19482336,5k1r/Qp3ppp/8/3Pp3/7q/P2nR3/3P1PPP/2B3K1 b - - 1 1,2,
605c77a8,8/3B2p1/6kp/4b3/P1P5/1R3P1K/r6P/8 b - - 5 1,2,
b3c221e0,4r3/2R2pkp/1Q4p1/4q3/3N4/4P2P/5KP1/8 b - - 0 1,2,
fee23440,r2q3r/1bpn1kb1/p2ppnpp/1p6/3PPP2/1BP4Q/PP4PP/RNB1K2R w KQ - 0 1,2,
0ed1979d,5k2/2R5/5K2/3r4/5Bp1/7P/8/5r2 w - - 2 1,2,
d78683d9,4r2k/2p1r1pp/p2b2p1/1p6/8/1BP2R1P/PP3PP1/3R2K1 b - - 1 1,2,
215de99f,8/p1r5/R4pp1/4pk1p/5P2/5K1P/6P1/8 w - - 0 1,2,
a62eac20,6k1/p5pp/2p4q/1b3RQ1/1P1p2K1/P5P1/4r1P1/8 w - - 0 1,2,
1bfa4937,8/6k1/6B1/7p/1n3NnP/4P1P1/3q1PK1/1Q6 b - - 2 1,2,
a0a1cf32,r3k2r/ppp1n3/2n2p2/3p3q/3P2p1/2P1B1K1/PP1N1PP1/R2Q3R b kq - 3 1,2,
e64b7f9b,5k2/1q3p1p/2p2Qp1/8/p2N4/6PP/r4P2/6K1 w - - 0 1,2,
53e62c5c,8/3rnpp1/1p2pk1p/p6R/3PBPP1/P5P1/1P1K4/8 w - - 5 1,2,
66766240,2R5/p4kpp/1p2p3/4P3/5p2/P4P1Q/1P1r1q1P/7K w - - 2 1,2,
3c8b1ba4,2k2b1r/1pp2Npp/p7/8/2P2q2/1P1r4/1P2Q1PP/R6K w - - 0 1,2,
401fe431,5r2/p1R5/5pk1/4p1p1/4PnBp/7P/P5PK/8 w - - 2 1,2,
891469a8,r1r2bk1/5p1p/4p1pB/p2pQN2/b6P/2P2P2/1q4PK/2n5 w - - 2 1,2,
f9e1e237,Q7/1N3ppp/1k1Bp3/1r1pPn2/2r4P/8/5PPK/8 b - - 2 1,2,
cf04f86b,5Q2/2q3rk/p7/3p1P2/2pPp3/P1P1B3/1rP2K2/2R5 w - - 1 1,2,
12d3622c,r7/p7/1p2p2k/2ppP3/6R1/2P1Pr2/2P5/1K1R4 w - - 0 1,2,
6bd03bb5,7k/pp4pp/1b6/8/1P4QP/1B4P1/P2N3K/5q2 b - - 0 1,2,
f7546ec1,r2q1rk1/pb3ppp/1p2p3/4P3/1b1PNn2/3Q1N2/P4PPP/RB3RK1 w - - 0 1,2,
16340333,r2qnr1k/2pnb1pp/p3Q3/1p6/8/1BN4P/PPP3P1/R1B2RK1 w - - 1 1,2,
ed2b8e1e,6k1/3r1ppp/8/8/1P1q4/P1n3P1/1Q3PBP/R4K2 b - - 4 1,2,
a44cea22,r2qr1k1/ppp2p2/1b1p2nQ/3Pp1N1/8/3P3P/PPP2PP1/R4RK1 w - - 3 1,2,
2034b221,5rk1/5ppp/1p2p3/1Pp3q1/2Np4/3P2P1/r1R1PR1P/3K1Q2 b - - 6 1,2,
b1b7f995,5rk1/pp5p/2p3r1/4P3/3P1R2/1PP4q/P2Q3P/5R1K b - - 2 1,2,
cc95a291,8/p3r1k1/b1R2pp1/7p/q7/P3P1P1/1Q3PBP/6K1 b - - 1 1,2,
afee57ad,k7/pb6/1pQ1p3/2p5/3p1KP1/4nP2/6qP/8 w - - 4 1,2,
318a45c5,2kr4/2p2p2/4p2p/p3q3/Pb5p/1P6/Q3BPPP/3R1K1R b - - 0 1,2,
cbb33f43,r2q1b1k/3n3r/2p1BnQ1/1p3p2/p7/P2P3R/1PP2PP1/R5K1 w - - 5 1,2,
bd647d56,2Q1R3/5rkp/p4q2/2p3p1/2P5/6P1/5r1P/5RK1 w - - 0 1,2,
cab52049,2k5/2p4p/1p1b2p1/pr3p2/3r4/5BP1/4R1KP/2R5 w - - 2 1,2,
ffa0e996,6k1/1B1q1p1p/pp4p1/2p5/2P5/1PQ1P3/P4PPP/6K1 b - - 0 1,2,
e40a2705,r4rk1/4bpp1/b2ppn1p/7q/1p2N3/3QBP2/1PB3PP/1R3RK1 w - - 2 1,2,
8f975d69,4r1k1/bpqb1pp1/p6p/2p5/2N5/1P1B3P/P1P1QPP1/4R1K1 w - - 4 1,2,
d7cde3d8,1Rqkr3/p4Rpp/3b4/3P4/Q2p2B1/7P/P5P1/7K b - - 0 1,2,
313ceeb3,r2q4/5pk1/pp2p2p/2p1P3/Pb2b2R/1P4PP/5P1B/2Q2K2 w - - 7 1,2,
f7b002cf,8/1p1Q2pk/1qp2r1p/p3p3/P3P3/1PP3RP/6P1/7K b - - 0 1,2,
cfc5362b,6k1/pp2rNp1/6Qp/2qp4/4r3/6PP/P4R1K/8 w - - 3 1,2,
5dbaa18f,8/2p5/p1p2k2/1r6/4p3/b1q1P3/K2N2PP/Q2R3R b - - 4 1,2,
76a06d20,rnb1k2r/pp3ppp/8/2pqN3/8/2KB2P1/PPPPQ3/RNB5 b kq - 3 1,2,
e6958fec,5k2/1p6/p1p3p1/5pPp/P2Rpq2/5r1P/1P1Q2K1/8 w - - 0 1,2,
b2b8ed95,1R6/1p4Q1/1kpp4/4n3/4P3/7P/5qPK/8 b - - 1 1,2,
b2835ca6,7k/1b5p/p1q1r1p1/1p6/6N1/1PbP3P/2PQ2P1/5RK1 w - - 2 1,2,
42bbb35c,8/5ppk/7p/3r1q2/Q1p3P1/6P1/P5PK/4N1R1 b - - 0 1,2,
421d848a,Q1b5/8/2B1pk2/R2p1p2/3P4/4P1Kp/4qP2/R7 b - - 0 1,2,
30fa9f00,1k5r/1pp2p2/p4P2/8/4B3/2P2QpP/Pr3qP1/2R1R2K b - - 1 1,2,
d3185344,r5k1/pp3ppp/4R3/4Q3/2qrP3/8/PP4PP/3R2K1 w - - 0 1,2,
fff859ec,r3R3/p4p1k/5Bnp/1q1p4/8/2P3Q1/P1P2PPP/6KR b - - 0 1,2,
25d5e2f5,4r1k1/1Q3R2/2P3pp/2pP4/4p3/6KP/5P2/5q2 b - - 0 1,2,
b8d3b042,Bk1r3r/p1p5/8/4pP2/1q3bP1/1P1P1Q2/P1P1K1P1/R3R3 b - - 0 1,2,
fda06166,3r2k1/1br1qpp1/p3p2p/3nN3/2p1Q3/P4P2/1P4PP/RB2R1K1 w - - 3 1,2,
52ee8397,2k1r3/pp1n1p2/2pB2p1/q2n3p/3N3P/1Q4N1/PPP2PP1/2K4R b - - 0 1,2,
de203841,r3k3/7p/p5r1/3bBp2/1P1p4/P5P1/2P2P1K/R3R3 b q - 0 1,2,
7d01825c,1k6/4RQ2/p2p3p/3P1P2/1r1q4/KP4P1/P1P4P/8 b - - 6 1,2,
252162d4,r2q2k1/6pp/1ppb3r/p2p4/N2P4/1P2PQ1b/PB4RP/5R1K w - - 6 1,2,
8013a0bb,2R5/2P2pk1/6p1/8/5PKP/2r5/8/8 b - - 0 1,2,
02ca5ed5,8/4p3/p2p1b2/1p1P1P1p/3P3k/1P3Kp1/P6r/2Q5 w - - 2 1,2,
a1f50d4f,5rk1/R3Qpp1/1p2N2p/3p4/3P4/4n2P/5qPK/8 w - - 0 1,2,
0e0f46b2,2b3r1/p1P2pk1/1p5p/4q3/1P6/1B3Q2/P5P1/6K1 w - - 2 1,2,
bd4bd59a,r1b1k2N/pppp2pp/2n5/4p3/2B1P1n1/3P1Q1P/PPP2qP1/RNB4K b q - 0 1,2,
e0484c1b,r7/8/2R5/6pk/8/2BP2Pp/1PP2P1P/6K1 b - - 0 1,2,
1e6eac16,r6k/ppp3p1/1bn1Q2p/7N/1P6/2P1B3/P4rPP/RN5K b - - 2 1,2,
cc8d931b,2k3r1/1p3p2/p2p2rp/2pP1N2/4P3/1P3R1q/P1Q3P1/5RK1 b - - 0 1,2,
a00e53f6,r2r2k1/pb2qp1p/1p2p1pQ/8/8/3n1N1R/2P2PPP/3R2K1 w - - 0 1,2,
27ab268e,4r1k1/pR3pp1/3qr2p/2p3b1/2Pp4/P2P1Q1P/5PP1/3R2K1 w - - 2 1,2,
42f714b0,r3k2r/ppb2ppp/3q1n2/1N1pnp2/1P6/P3P3/1B1PBPPP/R2Q1RK1 b kq - 6 1,2,
4f7dbe9d,r3rbk1/4qppp/8/1pNQ4/1P6/P5Pb/1B3P1P/3RR1K1 b - - 2 1,2,
e0621d14,7r/2Q5/p3p1p1/5bk1/2P2R2/6P1/PP3PK1/4q3 w - - 0 1,2,
b571d45c,2Q1K2k/6p1/7q/8/8/8/8/q7 w - - 0 1,2,
e2f5903e,r4k1r/3R1pp1/1p6/1pb5/2b4B/P3PpP1/1P3P1P/3R2K1 w - - 10 1,2,
4933949f,r4rk1/pp5q/4PB1Q/n1p3p1/1bPp4/5P2/P3KP1P/3R3R w - - 1 1,2,
da334f4b,4r3/2qk1p1p/pRp3p1/2Bb4/6P1/2PP2QP/P1P2P2/6K1 b - - 6 1,2,
0514e8c6,3r4/4p1bk/p3Q1pp/5p2/8/q3BP1P/1r5P/2R2KR1 w - - 2 1,2,
2a60bcc2,3q1r1k/2p3p1/1p2pb2/2n3N1/7P/1P6/rB1PQP2/2KR3R w - - 2 1,2,
90bbe85f,3rk3/1b3ppN/1p6/p4n2/1bN2Q2/1P6/PB4RP/7K b - - 0 1,2,
5379bf64,2r3k1/Q5pp/6q1/3p4/8/P7/1PP1rRPP/1K3R2 b - - 0 1,2,
39923935,1k2b3/ppr5/q7/5pQp/3Pp3/4P2P/5PP1/2R3K1 w - - 1 1,2,
7a96d044,7R/p5p1/2prkp1p/7Q/1p1r4/2N3P1/PPq2PKP/8 w - - 8 1,2,
c8258601,rb5r/1p1R1pk1/pN3pp1/8/P3p3/1Q2P1Pq/4BP1P/3R2K1 b - - 11 1,2,
670891ee,3k4/ppp1R3/3r3p/2qB4/5pp1/8/PPP3PP/4R2K w - - 3 1,2,
4993d7d7,8/5Q2/p5pp/6k1/2P2R2/3rq3/8/7K w - - 0 1,2,
3eb9a109,3r1rk1/1b1nqp1p/pp1p1n1P/5P2/4p3/2N2B2/PPPQ1PP1/2KR3R w - - 0 1,2,
69b10e69,6k1/5pp1/5n1p/2n2Q2/7q/3B3P/5PP1/6K1 w - - 0 1,2,
a8bc97f6,6k1/q5p1/3R1p1p/4Pp2/5P2/P1Q4P/1r3PP1/2R3K1 b - - 2 1,2,
e74b6322,r4r2/2p4k/p3p1pp/1p6/3PQ2P/2P2q2/P1P2P2/1K4R1 w - - 0 1,2,
0af569fe,r5k1/1bp4q/p3p1NQ/1p1n4/3P4/PPP5/6PP/5RK1 w - - 1 1,2,
de44bd2e,6k1/4qp2/p1p4p/3b2p1/1P6/P2Q2P1/2B2PPK/3r4 w - - 0 1,2,
1b560e89,6k1/5R2/8/6pp/1p1p4/1P2b1PK/2r4P/5R2 b - - 0 1,2,
05f92c05,r7/5ppp/1R3b2/4p3/5kPP/5P2/p4K2/8 w - - 0 1,2,
6c3fdf28,5rk1/pp6/2pq2PQ/7P/8/2P4K/P3R3/7R b - - 4 1,2,
5f02c70e,1k5r/1p1Qb1pp/p4p2/3B4/3q4/1P6/P1P2RPP/R6K b - - 0 1,2,
5c2a9372,r3r1k1/1b4pp/pp2pP2/4P1Q1/P2P4/BBP5/7q/R1RK4 b - - 3 1,2,
b8d6746b,7Q/ppp5/2k3q1/4p3/2Bb3p/2P2P2/PP5K/RN4R1 b - - 1 1,2,
521a8920,6k1/5ppp/p3p3/1p1p4/6RP/6Q1/Pqr1rPP1/5RK1 w - - 1 1,2,
ff356ca1,3r1r2/pp3q1k/2pp1p1p/4bP1Q/2P1n3/3B3R/P5PP/7K w - - 0 1,2,
973a180f,4r2k/pp1q3p/2p2p2/5N2/3P1n1P/8/PP2RPP1/4R1K1 w - - 0 1,2,
8638ef1a,7k/pp2q1p1/7p/2p2B2/3p3P/1P1P2Q1/2b3P1/5rBK w - - 0 1,2,
440c53d5,2kr3r/2qp2p1/p3p3/1pN4p/4N1n1/4PR2/PPP1Q1PP/R5K1 b - - 0 1,2,
9dbadf07,7k/ppq5/5ppp/3B1r2/2P5/P6P/6P1/4Q2K w - - 0 1,2,
b4af6d88,1Q6/R5p1/6kp/4p3/pP5P/P3r3/5nPK/8 b - - 0 1,2,
f9b79b8f,3Q4/p5pk/2p5/3p2P1/2PPr2p/1P3q1P/P3bP1K/6R1 w - - 5 1,2,
d24ed8db,8/1p1b1r1k/p2p2p1/3P1p2/2PB4/1P4P1/r4PBK/7R w - - 2 1,2,
b5c7b7da,2r3k1/1R2R3/6pp/5p2/8/P7/3r2PP/6K1 b - - 3 1,2,
e30c6f2d,5R2/r7/6pk/p1p3qp/1p1p4/1P1P4/P1P4P/5Q1K w - - 2 1,2,
4ad5cca1,6r1/p3Qpk1/8/2N2p2/2P1pPqp/1P2R1PR/r7/6K1 b - - 0 1,2,
318dc237,2kr1r2/p6Q/1ppqp3/3n1p2/8/3B4/P5PP/4RR1K w - - 0 1,2,
24f7d198,1Q6/7p/1pb1p3/2p2p2/4k3/6P1/5PKP/3q1B2 w - - 7 1,2,
f12d8543,5r1k/6bp/Q3B1p1/1Pp5/3q1B2/8/1P3RPP/3R3K b - - 0 1,2,
56e62abe,5R2/1Q4pk/1p2p2p/4p3/1n1qP3/8/R1P3PP/7K b - - 0 1,2,
f421c3c6,3r4/k1p5/Pp1p3b/P2Ppp1q/2P1n1p1/6P1/4Q1KP/R4RB1 b - - 0 1,2,
f678fe17,5qk1/1Q3p1p/pb2p1p1/1p5n/1P6/P4P2/B5PP/2R4K b - - 2 1,2,
baa2bfc8,8/1R4p1/4pp1p/p2p2kP/P1r2rP1/8/P5K1/4R3 w - - 1 1,2,
91f42fb1,r2q3b/2pb3k/1p5p/p1pP4/2P1Pp1P/P1N5/1PB3R1/2K3R1 w - - 0 1,2,
af7ddb0d,6k1/p2R4/1p4K1/4r2p/2n2p2/2P2P2/PP4P1/8 w - - 1 1,2,
ef074832,r7/1p1bq1k1/n1p1p3/p3P1NQ/3P2P1/P7/1P5P/5nK1 w - - 0 1,2,
8ff6b14e,8/5pkp/pp3R2/5q2/8/P1Q2pP1/1P3P1P/6K1 b - - 0 1,2,
0a3569eb,5r1k/pp5n/1qp1B2Q/3p4/6P1/2P4P/PP2R3/5R1K b - - 0 1,2,
1814a261,4r1k1/5pp1/7p/2Np4/1P1Q2n1/6P1/4qPP1/2R3K1 b - - 6 1,2,
8d1a5bf8,r4r1k/pp5p/4Q3/2p3R1/8/8/P1q2PPP/R5K1 w - - 5 1,2,
88f9cfb9,2r2r1k/p1qn1pp1/1p2p3/3b2n1/3P3N/2P4R/P1Q2PPP/R5K1 w - - 0 1,2,
f70e2ef8,3r2k1/1ppr2pp/p1n1pp2/4b3/2B3QN/8/PP4RP/K2R4 b - - 0 1,2,
1e1dda95,r4rk1/pp4pp/3qR3/3p2B1/2pP2Q1/6n1/PPP3P1/RN4K1 b - - 1 1,2,
86294e2f,6k1/5r2/p1p3p1/1b2p1P1/3r4/4K3/7R/7R w - - 0 1,2,
56a688ac,r3k3/1p3p1p/p2p4/4bR2/3p4/3P3P/PPP3K1/R1B1qQ2 b q - 0 1,2,
c6bebbe5,3rrk2/2p3p1/2p5/4P1P1/2BP4/2K5/8/5n1R w - - 2 1,2,
1030cb8a,r7/ppp2p1k/5Br1/b2pP1Q1/3P4/2Pq4/P4P2/2R1K3 w - - 0 1,2,
fc24c526,8/p1R4B/5kp1/2p5/6PK/r7/8/8 b - - 1 1,2,
bc734f25,r3r1k1/ppp1qppp/3p4/3n4/1P3PbQ/P2Bb3/2PB2PP/R4R1K w - - 0 1,2,
91295d44,5Q2/k1r4p/p1q2p2/1p6/4P2P/1P6/PKn4R/2R5 b - - 3 1,2,
301465bc,1r4rk/p4pq1/8/5Q1p/5P1P/P2BPKP1/8/8 w - - 0 1,2,
5e855175,r3k2r/ppp2ppp/2nbp3/6N1/3P4/2P1B2q/P1P1BP2/R2QR1K1 b kq - 1 1,2,
746fec8e,1k4r1/ppp4p/7b/3QNpq1/3P4/4P2P/PPP4K/R1B2R2 b - - 0 1,2,
c992d090,1r4k1/5p1p/2N1p1p1/2P5/4n3/P2RP3/5PPP/6K1 b - - 0 1,2,
07e21ed6,6k1/5p2/p1p1r1pQ/1p2p1Pp/4P2q/5P2/PPP5/2KR4 w - - 2 1,2,
e184d6b1,1k6/6pp/1K2B2r/P1B5/8/8/8/8 w - - 13 1,2,
b552c681,6k1/5ppp/p1q1p3/1p2b3/1P2b3/P5P1/1B3P1P/3Q2K1 w - - 0 1,2,
39e2d0b1,6k1/5p1p/6p1/2R1P1P1/2Pp4/1P3RK1/r6r/8 b - - 1 1,2,
6f613eef,4b2k/p5p1/PpPb4/6N1/1p5p/6PP/4RP1K/5q2 w - - 0 1,2,
e1500efc,7B/4nk1p/p2Q2p1/1p3q2/1P6/8/P1r2PPP/3R2K1 b - - 2 1,2,
05cced87,6k1/1p1R4/p5pp/4N3/1n6/P7/1P3rPP/1K6 b - - 0 1,2,
5bfb4a0b,3r2k1/1b2rpp1/7p/p4Qq1/1p1p4/1P1B4/P1P3PP/3R1R1K w - - 0 1,2,
f6db6e9e,6r1/2B2p2/7k/3Pp3/1PP1Pq1p/2N2P1r/4QRP1/6K1 b - - 1 1,2,
8dc6d4be,8/p4pkp/8/2p1b3/3pQ1b1/3P4/PPPKN2P/R1B2q2 b - - 3 1,2,
7837c111,1R1r2k1/2p2p1p/p3q1p1/3p4/2P5/N4Q2/P3rPPP/1R4K1 b - - 5 1,2,
167eb253,2kr4/ppqn1p2/2p1pp2/P7/1PBPQ3/2P2NPp/8/R3R1K1 b - - 0 1,2,
f14648dc,5knr/4bpp1/nq1Np2p/3PP3/5B2/5N2/1r3PPP/R2QR1K1 b - - 0 1,2,
845bbd9a,8/kp6/1qp2p1Q/2Np4/P2P4/4P1P1/3n3P/6K1 b - - 4 1,2,
90e44e91,8/8/3R4/6k1/1r3pp1/2r5/5P1P/3R2K1 w - - 0 1,2,
3b6ff553,Q3R3/5k2/5p2/3p1np1/4p1Kp/4P1PP/2q2P1B/7R b - - 1 1,2,
8bc97a46,4n2r/pq3k2/1pb2P1r/2p2Pp1/2Pp2P1/1P4B1/P1R1QRB1/6K1 b - - 0 1,2,
3162db69,7k/1R4p1/p5Bp/4p3/4K3/3r2r1/P5P1/8 w - - 8 1,2,
a6198866,5nk1/pp4p1/2n3P1/r7/5Q2/1P6/6PK/8 w - - 1 1,2,
8f65d6a0,7k/6p1/p5Qp/1p1p4/3PnrN1/1P6/P3q1PP/2R3K1 w - - 0 1,2,
64f0090b,4r1k1/1R3ppp/q2p4/3Q4/1P5P/6P1/4r1BK/8 w - - 0 1,2,
2203b30f,5r1k/5Bb1/p5p1/1p6/8/5Q2/Pq4PP/3r1R1K w - - 0 1,2,
d2866c9e,r5r1/5qpk/3p1p2/1pbNpP2/2p1P1R1/3P1R1P/1PP3PK/8 w - - 0 1,2,
4329b0dd,7k/ppp4p/2n3p1/8/3P2b1/2PQBBb1/PP2P3/5KRq b - - 15 1,2,
9e9893ad,5qk1/p3P3/1p1R3p/2p1Qr2/P7/2P5/7P/6K1 b - - 1 1,2,
8cb7d74f,3r1rk1/1b3pp1/p7/1B4R1/3pN3/8/PPP4P/2K5 w - - 0 1,2,
4216f98d,4kr2/pp3p2/4pQ2/3pP3/1b1q4/1B3PK1/PP5P/7R w - - 5 1,2,
fb57003d,3r1rk1/p5pp/1p2pb2/n2bN3/5Pp1/2BB3R/7P/4R1K1 w - - 0 1,2,
d1e83aa2,r4q1k/pp4p1/2p1Q3/8/3bN3/6B1/PP2N1PP/7K b - - 0 1,2,
ebf14826,1kr5/1p1r1pbp/Q2p2p1/3P4/1R6/7P/2q2PP1/1R4K1 w - - 0 1,2,
d5e264f4,r4b2/1pR3p1/p3k1r1/4nNQp/PP2P3/3q2PP/3NbnBK/8 w - - 3 1,2,
66facc0c,3Q1r1k/pp6/5n1p/5q2/3Q4/5p2/PP3P2/4RK2 b - - 0 1,2,
33cce5be,1qrr2k1/1p2bpp1/p1p4p/8/1P1NP1n1/P1N4P/1B2QPP1/2R1R1K1 b - - 0 1,2,
e409312c,6k1/5ppp/2q5/Qr1p4/3Pp3/4P1PP/5PK1/8 w - - 6 1,2,
dd0229d4,1r3rk1/5ppp/p7/1pb5/5P2/2N3q1/PP1B2B1/R2Q1R1K b - - 2 1,2,
be2c649a,r3k2r/ppq1b1p1/4R1p1/3p1p2/2Pp4/P2P1B2/1P2QPPP/4R1K1 b kq - 1 1,2,
d7719b8e,r4bn1/pppk1B1q/3p2Np/3Pn3/5R2/2N5/PPb3PP/R1B3K1 w - - 1 1,2,
448f9361,4Q3/p5pk/1p2p2p/2p1Pr2/2P2q2/P7/KP4RP/8 w - - 0 1,2,
50f6da74,2r4k/Q4p1p/8/6R1/8/8/P1q2pKP/8 w - - 2 1,2,
bb84ff22,r5k1/1p1qbrp1/pn2p1Qp/3p4/8/8/P5PP/1BR3K1 w - - 0 1,2,
822ed2f3,r7/k1p2p1b/8/pQ2pq1P/2P5/5PK1/8/4B3 w - - 10 1,2,
5dcd30da,1r3k2/4prbQ/p5p1/2pq4/P5P1/1n6/1BPPN3/1K1R3R w - - 0 1,2,
6676f5b9,6k1/4r1p1/1p5p/2p2Q2/5P2/3R3P/q5P1/6K1 w - - 0 1,2,
e0d9e3c7,1rr3k1/1Bqp1p1p/p4Bp1/4n3/7Q/8/PR3PPP/1R4K1 b - - 0 1,2,
c6dd0585,5r1Q/4qk2/pn1p1Bp1/2pb1p2/1p6/3P3P/PPP5/6K1 w - - 2 1,2,
ac416cfe,1r1qn1k1/3b3p/2np2Pb/2p1p2P/1pP1P3/pP1P2N1/P3N1B1/R4QK1 w - - 0 1,2,
f1da04b6,5Brk/R5pp/1p3p2/3q4/P7/6QP/3n1PPK/3q4 w - - 2 1,2,
32574274,1k5r/p1p3pp/Bp1bp3/5p1q/2QPb3/7P/P1PN2P1/1R3R1K b - - 1 1,2,
4ec22dd2,8/pr3pp1/7p/3pr3/R7/3k3P/PPR2PP1/5K2 w - - 10 1,2,
ec6ce6df,3r3k/p5pp/1p6/3B1p2/4r3/6Bb/PPR2R1P/6K1 b - - 3 1,2,
60eec077,4r1k1/pq3ppp/1p3b2/3p4/Q2Nrn2/2P5/PP3BPP/4RR1K w - - 8 1,2,
679b10b0,2r2k2/p4b1p/1p1b4/1Q1N1p2/4p3/1P3q2/PB4RP/7K w - - 4 1,2,
7ba80cf2,4nbk1/pp1bB3/3Pp1p1/8/4r2Q/8/P3q1PP/5R1K w - - 0 1,2,
bf64cdc7,3r2k1/5ppp/5q2/2Q5/3n4/2N5/Pr3PPP/R2R2K1 b - - 0 1,2,
d317a91a,r6k/5p2/p4p1p/1p2pP2/2qnP3/8/PPPQ3P/1K1R2r1 w - - 0 1,2,
53216eb6,2k5/ppp5/4R3/q2P2Br/2pb3p/P6P/1P3PP1/1R4K1 w - - 0 1,2,
cfefd70e,8/5p1p/2k5/p1r5/r1PK1Pp1/P1R1R1P1/7P/8 b - - 1 1,2,
41b390c7,r3r1k1/1b1R1pp1/2q4p/p1n1p3/2Q5/p1P5/P4PPP/3RN1K1 w - - 2 1,2,
dfad7ef6,3N2k1/5p2/3b2p1/3p3p/3B3q/1P2PQ2/r5P1/2R3K1 b - - 3 1,2,
41ae40c3,6k1/qP1R1p1p/p5p1/4p3/8/2R2NNP/1r3PP1/6K1 b - - 0 1,2,
5ec77e00,6k1/pp2b1p1/4N1pp/3pPr2/7P/2P3KN/PP3r2/4R2R b - - 1 1,2,
61d43894,1k1b2q1/6r1/Qp1r4/2p1p3/5p1p/5P2/R1R3PP/6K1 w - - 0 1,2,
acb67764,5k1r/4p3/1q3bQ1/3PpBp1/2p5/1r4P1/1P2RP2/1R4K1 b - - 5 1,2,
e3496e25,2rr1k2/3QNpp1/7p/1p6/2q5/7P/1b3PP1/3RR1K1 w - - 6 1,2,
c68ba3e4,3N2k1/8/1R6/p2p2p1/r2Pn3/4P3/6PP/6K1 b - - 0 1,2,
2a04dd1a,1b2rnk1/pR3ppp/2p5/5Q2/8/q3r1N1/P4PPP/2R3K1 w - - 0 1,2,
31903f18,4k3/p3r1pp/5p2/5q2/2Q1p3/2B1R3/PPr2PPP/4R1K1 b - - 5 1,2,
205978a4,6k1/5p1p/4p1p1/8/P3n3/1P1Bq3/2Q2bPP/5R1K b - - 2 1,2,
b71cfc40,1Q6/1p6/p1p3pk/3p1q2/3P1Nn1/P7/1P4P1/6K1 w - - 8 1,2,
36babfe1,1k5r/pp6/2pp4/4p3/P1QPP3/1P4qP/2P3P1/3N2RK b - - 0 1,2,
7fcb4b90,2r3k1/5p2/p3nQP1/1p1p4/5PP1/P1P5/KP6/5q2 w - - 0 1,2,
a128e2b3,8/Q5bk/4n2p/4Rq2/1p6/pP4R1/P4PPP/B5K1 b - - 0 1,2,
9d4b2024,4R3/ppN2ppk/3p2qp/2b4r/5R2/P6P/1PP1Q1P1/7K b - - 0 1,2,
6e1c587b,r7/1pp3pk/p4q1p/2bPN2Q/4N3/7P/PPP3PB/7K b - - 2 1,2,
a89378ed,5Q2/1kp5/Npp5/5p1p/P4PbP/1PKP4/2P1r3/2r5 w - - 8 1,2,
4fd778db,2r2r2/p6k/4p1RP/1q1pN3/3p1P2/5P2/2P2K2/7R w - - 2 1,2,
e3ed9dca,1k6/pbp3pp/1p1N2n1/5r2/2p2B2/2P5/Pq3PPP/3RR1K1 w - - 0 1,2,
94a30122,r6k/1Pp3pp/pB1p4/8/4Q1n1/1B3r2/PP3P1q/RN1R1K2 b - - 2 1,2,
ef42cf5d,6k1/2p1q1pp/8/1p1pP3/1PnP4/2n1B2Q/2r3PP/5RK1 w - - 2 1,2,
72bc06ad,r1b1kb1r/p1q2ppp/2N2n2/8/4P3/2p5/PPPQ1PPP/2KR1B1R w kq - 0 1,2,
bfa5f24c,6Q1/R5p1/3p1pkp/4b3/4q3/4B3/1Pr1n1PP/5R1K b - - 3 1,2,
104ee8a0,1rb3k1/2q2r1p/p2p2pQ/2pP2P1/8/pP2R3/8/2K4R w - - 2 1,2,
3a75a298,6r1/8/p3p3/8/2BQ4/1P1P1k1r/P7/5K2 b - - 3 1,2,
ded670a9,8/8/8/p5pR/3k4/5P1P/r4PP1/4K3 b - - 2 1,2,
3c4ce705,7k/7p/p5p1/2R5/3p4/PB6/1PPb2PP/4rRK1 b - - 2 1,2,
ad7fbf3f,2k2bnr/1pp1ppp1/p6p/1N2n3/2P5/4BP2/qP2BP1P/3RK2R w K - 0 1,2,
98dfec36,r4bk1/ppp2p1p/3p2p1/8/2B1q3/8/PP3QPP/n2R2K1 w - - 0 1,2,
59fc3dbc,5B2/7R/4p3/3b2p1/p7/Pr3Pk1/6P1/6K1 w - - 1 1,2,
9fb8d76d,r6k/1p1qQ2p/3p2p1/p1nP4/2P1P3/2P3P1/P6P/5RK1 w - - 1 1,2,
c61f2be1,k7/pp4p1/3q1p2/2p5/3p2Q1/PPPr2PP/6BK/4r3 w - - 0 1,2,
3bd69895,7k/4p1qp/p2p1p1N/2pPbP1Q/3r4/1P3RP1/P6P/7K w - - 1 1,2,
ac83ca7f,6k1/1p3ppr/2p2P2/3pq3/1P2n1QP/6P1/r1P1R2K/3R4 w - - 0 1,2,
fe0bde1b,4r1k1/1b1B1ppp/pp1b1n2/8/2rN3Q/7P/PP1B1PP1/2R3K1 b - - 0 1,2,
4877f148,1K6/P3R3/1k4p1/4P2p/5r1P/8/8/8 b - - 3 1,2,
2dc9e118,1r4k1/p3R3/1pB3pp/2p1Np2/8/q3r2P/6PK/8 w - - 2 1,2,
195dd883,4q2k/pp6/2p2p1p/2nbB3/8/3P2QP/PPP3P1/6K1 w - - 0 1,2,
fcf71355,2q2r1k/p3pp1P/3p4/1p1Pb1R1/2r2pQ1/2P2Pp1/PP1B4/2K4R w - - 3 1,2,
98788f87,8/R7/1pp3pk/n2p4/3P1rPP/3b1P2/PPP5/6K1 w - - 0 1,2,
8f85dddb,8/3NR3/5pk1/5r1p/3r3P/8/6K1/8 w - - 0 1,2,
7aa1abde,1k1r4/p1p3pp/1pq5/8/1bb3Q1/4P3/P1K2P2/3R4 w - - 0 1,2,
f52c527e,3r2k1/pp1r1pp1/5q1p/3p3b/PP1P4/2P1R1P1/5P2/1BR1Q1K1 w - - 0 1,2,
1ee5a322,8/3N3B/2nQp3/1k1pP3/b1p2q2/7K/5PP1/8 w - - 5 1,2,
376b5666,r1N4k/p5b1/7p/2p2B2/3r1p1q/5n2/PP2Q1K1/R4R2 w - - 0 1,2,
5f260cf6,8/6R1/1R5p/4p2k/8/6P1/r4r1P/6K1 w - - 0 1,2,
a5d573e2,1r2r1n1/5pQ1/B1pk3p/q1Np3b/3P1R1P/P7/1PP5/2K2R2 b - - 0 1,2,
f17ce7c5,5k2/2p2pb1/8/4rp2/1pP4Q/8/1q3PPP/4R1K1 w - - 0 1,2,
44d2610b,r4rkb/pp2p2p/1n4B1/2pp2P1/3P2b1/2P1PNq1/PPQN4/R2K3R w - - 1 1,2,
48132081,4r1k1/1b3p1N/r2q1n1Q/p2p4/1ppP4/2P3P1/PP4PP/R3R1K1 w - - 1 1,2,
2587830c,1r6/3k1ppp/8/P1B5/3Pp3/2R1P3/5PPP/6K1 b - - 0 1,2,
56a028c2,r1b2rk1/1p2b1pp/p3p3/2Bp3q/6n1/2NP4/PPP2QPP/R4RK1 w - - 1 1,2,
b53f0c73,4rbk1/1pR2p1p/1B4p1/8/3N4/2P2b1P/1P3P2/6K1 b - - 5 1,2,
29ec7612,8/8/8/2pR2p1/2P3Bp/6kP/2rp4/6K1 b - - 9 1,2,
a63faa3e,rn2k1nr/pp3ppp/3b4/2p4q/3N2b1/2N5/PPP1BPPP/R1BQR1K1 b kq - 0 1,2,
f738c256,1Q6/7p/p5bk/1p3n2/6KP/8/PP4P1/3r2r1 w - - 12 1,2,
3ecd4b68,8/1b3Q2/p3p2k/1p1pP2N/1q1n4/8/1P3PP1/1B3RK1 b - - 0 1,2,
580825e5,b4nk1/p4ppp/1p6/4NQ2/3qB2b/P7/1P2R1PP/5K2 b - - 1 1,2,
4020f5d8,2r3k1/5p1p/5qp1/2P5/3QR3/4n2P/N5P1/7K b - - 0 1,2,
eee4b3d8,8/pp4k1/5pp1/n2P4/2p2P2/q1P1Q3/P1K5/3R4 b - - 0 1,2,
8c3b6bc4,8/1b1k1r1p/1p6/p2rR3/6nP/Q5B1/PPP2PP1/6K1 b - - 0 1,2,
4c40c580,7k/ppp2rpp/8/3Q4/3P4/8/Pq3PPP/R5K1 w - - 0 1,2,
1875308f,8/5k2/1Q3p2/3q3N/2pn4/8/1P3PP1/6K1 b - - 2 1,2,
03d0cc25,2r5/3k4/4p3/3pPp2/3P3P/3bP1P1/1P5R/K2B4 b - - 5 1,2,
423ca4ae,4r1k1/1R5p/p2Q2p1/P2PNp2/3p4/3B3P/2P2PPK/2q1r3 b - - 0 1,2,
fbc4f26e,2r3rk/3R1Rb1/p5Qq/4p2p/2PpP1pP/6P1/6BK/8 w - - 2 1,2,
7776b349,5r2/6k1/p2PQ1p1/2p3qp/8/R4BN1/1P3r2/6KR b - - 0 1,2,
ad64d583,1rq2rk1/1pp2ppp/p1n1p3/2P3N1/1P1PNn1P/P2Q4/5PP1/R4RK1 w - - 1 1,2,
3a615132,1k6/5R2/6R1/3r4/2p2Pp1/3p2n1/3K4/8 w - - 0 1,2,
94d2fd9e,4R3/1pp2k1q/p4P2/8/P1P3Q1/5R2/5PPP/6K1 b - - 0 1,2,
98c97550,R7/P6k/7p/6pN/4n3/4n1N1/5r1P/6K1 b - - 0 1,2,
87bfc7ff,2r3k1/R7/1n2p2R/3pP1p1/P2P4/5NP1/r5PP/6K1 b - - 0 1,2,
7f54f809,7k/6bp/Q3N1p1/5p2/3p4/6qP/Pr4P1/3R2K1 w - - 2 1,2,
5251b08b,5k2/5p2/4pP2/8/2q5/2P3Q1/6K1/q7 w - - 2 1,2,
9060ff07,3QR3/1pq2rkp/6p1/p4p2/5P2/7P/P5PK/8 w - - 2 1,2,
8d81ba79,8/7p/4pqrk/p7/4Nn2/8/1P1Q1PP1/3B1RK1 b - - 16 1,2,
40ef098e,r4k2/4b3/p2p1PQ1/1p2p3/2n4r/7P/P1P4n/7K w - - 0 1,2,
492c98ee,r1bq1r1k/pp3ppp/1np2b1B/3np3/3P4/2NB3Q/PPP1NPPP/R4RK1 w - - 0 1,2,
aaff21b1,R7/5pkp/4p1p1/8/2b4P/4QPN1/1qr1BKP1/2n5 w - - 9 1,2,
0eeb5121,8/RK3Rp1/P6k/8/r4P2/2r5/8/8 b - - 10 1,2,
055b3694,3r4/R7/2B3pk/7p/4P2P/5bP1/5P2/6K1 b - - 4 1,2,
cf9c9503,r4n1k/1p3p1p/2b1p1pP/4P3/p2Bq2Q/P5P1/4BP1K/2b5 w - - 0 1,2,
1ff59ac0,7k/1p4qr/p3Qn2/2Np4/3P2r1/4P1P1/PP3P2/2R2RK1 b - - 0 1,2,
e2a26331,6k1/q4pp1/p2QN2p/3nP3/4b3/6P1/5P1P/6K1 w - - 1 1,2,
2a2eaf93,2Q5/5p2/R4q1k/1p2pP2/6pp/3r2P1/1P3P1P/6K1 b - - 1 1,2,
395098da,rn1qk2r/p3np1p/bp6/2p4Q/3PPB1p/1B6/PPP3PP/RN4KR b kq - 1 1,2,
d77d135e,6k1/4r1p1/1p1p1bPp/2pq3B/2P3Q1/P7/5PPP/6K1 w - - 0 1,2,
76576466,3r2k1/1p4pp/p1b1pR1B/2P1p3/8/6R1/PP4PP/7K b - - 0 1,2,
db7e5a68,6k1/ppb2ppp/2pq4/3p4/3P4/2P1N2P/PP2QPP1/6K1 b - - 2 1,2,
7f39515c,r5k1/5pp1/p1b3qp/2B1p3/2P5/3r2PP/1P3P1N/R1Q2RK1 b - - 0 1,2,
95aa8b0f,r1b1kr2/1pp2p1Q/p1n1p3/3pP3/1qnP3P/1PN5/P1P1NPP1/2KR1B1R b q - 0 1,2,
2b8d5802,8/2r1k3/6p1/7p/3BbR1P/6P1/5P2/6K1 b - - 4 1,2,
ceabc689,q2r1k2/p2PR1p1/3Q1p2/1p5b/8/1P3PPp/P4K1P/4R3 b - - 5 1,2,
f75db3a9,r4Nk1/5p2/pq5p/3p2p1/6n1/2N3P1/PPP2P1P/R2QR1K1 b - - 0 1,2,
776c777f,3q2k1/1R3pp1/1n1r2p1/p3p3/P3P3/1Q3PP1/7P/6K1 w - - 0 1,2,
e19ca95d,4k1r1/7R/1pPp1b2/2p1pN2/5p2/2P5/rq4PP/6RK w - - 2 1,2,
d3cbc94a,3r3k/p4p1p/1p3Rq1/2p5/Q7/2P3Pp/P7/5RK1 b - - 0 1,2,
91f1fab7,4q2k/8/5p1p/P2Q1N2/3P4/2P3B1/1P2r1PP/6K1 b - - 2 1,2,
36d0dcfc,8/1R3pkp/6p1/5PP1/4P2n/8/r7/5K2 w - - 0 1,2,
e59648f1,6rk/pp3p2/2p2P1p/2R3pP/3p4/1B4PK/Pr6/3R4 b - - 0 1,2,
fab6f2a9,1b2r1k1/pp4p1/2pqp2p/5p2/2PR4/7P/PPB1QPP1/4R1K1 b - - 0 1,2,
9f0e34ed,r4r1k/1pp3p1/p3Q2p/2p5/4P2q/P1PP2PP/1P6/R1B2RK1 b - - 0 1,2,
2ef7456a,r1bk1b2/pp3Q2/4n1p1/8/2P5/2Bq4/PP4PP/5RK1 w - - 2 1,2,
18be571e,1k4nr/p1pB1ppq/Q1p1p3/2b5/4r3/2P3N1/PP3PP1/R1B1RK2 b - - 3 1,2,
8b06449e,8/8/5pp1/5k1p/5P2/4RK1P/6P1/3r4 w - - 4 1,2,
7a705733,1r1r2k1/1b3p2/p1n1pp2/1pp3N1/7Q/3Pq1P1/PPP3BP/1K1R4 w - - 0 1,2,
d8aa1b3e,2k4r/Qpq1p3/2p2p1r/8/P3P3/1P4N1/2P2PP1/R4RK1 b - - 0 1,2,
662bcb41,2r4r/2R2p2/p2p1kpp/Pp1P4/1P2Pp1P/8/3Q3K/qB6 w - - 0 1,2,
8eed517a,6k1/p4prp/2R5/3r4/1p2N3/8/P4Q1K/8 b - - 0 1,2,
5e114e9a,6k1/2p2pp1/4r2p/p3p3/P4b2/5N1q/1rB2P2/R2Q1RK1 w - - 0 1,2,
c196d279,5Q2/1p3Bpk/p6p/8/6PK/2nq4/P6N/8 b - - 3 1,2,
d16579f9,8/7p/1p1Q4/p5pk/P7/4q2P/6PK/8 w - - 6 1,2,
409b5dfd,1r3rbk/8/p2q1p1p/2p5/P6Q/2P4P/1PB3P1/7K w - - 0 1,2,
49019387,5r2/1p3r1k/p5bp/P1pPb1p1/2P1N3/1Q5P/1P2B1P1/5R1K b - - 0 1,2,
a3398619,3r1k2/pR5R/2p4p/8/5r2/8/PP3P2/2K5 b - - 2 1,2,
c0d54172,2k1r3/pp4pp/1b3p2/1P2p3/1PN2r2/1B4K1/1P4PP/R2R4 b - - 8 1,2,
61cbbb08,r6k/ppp2Q1p/3p4/8/3bPN2/1B4qb/PPP3P1/3R3K b - - 3 1,2,
d965ee27,2b4k/p5pB/1qp4p/3pR3/5r2/2P5/PPQ2P1P/6K1 w - - 2 1,2,
ca6929d3,r2q1r1k/pp3B1p/1np3p1/4pp2/8/5RQ1/PPP3PP/5RK1 w - - 4 1,2,
07d87256,2r2r1Q/1p3kp1/q3pPp1/p2p4/2P3P1/8/PP1pK1P1/7R w - - 2 1,2,
24824f38,3r3k/2q3p1/p6p/5Q2/8/P1P1R2P/1P3PP1/6K1 b - - 0 1,2,
0e7085d8,r3kb1r/p5pp/2Pp4/8/2P1Pnq1/2N2NB1/P4P2/R2QRK2 b kq - 2 1,2,
9ec7b379,r1b1q2k/ppn2Q2/2p3p1/7r/8/2pBP3/PPP2PP1/2K4R w - - 5 1,2,
47e78657,Q7/2R4p/1p4pk/p7/P2r2qP/6P1/8/6K1 w - - 3 1,2,
e1887d1f,2r5/7p/2n4k/p2p1ppN/Pr1Pb1P1/2R4P/6P1/2R3K1 w - - 0 1,2,
b688b312,r3r1k1/1pR2ppp/2n5/8/p3q3/2P1PQ1P/PP4P1/4R1K1 w - - 0 1,2,
31e41db0,3r4/8/6k1/8/1p1b4/5B2/6P1/3R3K b - - 4 1,2,
edd6414a,7k/pp4pp/2p2r1q/8/6Q1/1P4K1/P5R1/8 w - - 6 1,2,
fa59e210,8/4Pkpp/5p2/4rP2/5r2/p2R2N1/R5PP/6K1 b - - 6 1,2,
5d497f77,3r4/6p1/5p1k/p1p4p/1pP1PPPK/1P1r4/PR2R2P/8 b - - 0 1,2,
4042cfc2,r3k1r1/1b3p1p/p3pbp1/2q1N3/1pP5/P2Q3P/5PP1/2R3K1 w q - 0 1,2,
0b5c1706,6k1/5pp1/6p1/3Q4/1B1Pp1qn/2r3P1/P4P1P/R4R1K b - - 0 1,2,
57c0ff3d,r4rk1/p1Q3p1/4b3/3pB3/8/2P4q/P1P4P/R4R1K b - - 0 1,2,
30a4ea94,r1br2k1/3p1p2/p3p1nQ/1p4N1/8/1Bqn4/P4PPP/3R2K1 w - - 0 1,2,
97469363,6k1/5pb1/6pp/2BP4/2P1r3/Q2n1p1P/P1R2P2/6K1 b - - 2 1,2,
128bbd7f,7k/p5p1/2q3p1/8/Pp2NQ2/1B2P2P/1K6/3r4 b - - 0 1,2,
3f1d5022,4r1k1/p4ppp/8/8/3b2b1/1R3BB1/P1P1rPPP/1R4K1 b - - 4 1,2,
02140464,4r2k/ppp2p1p/3p2p1/2qP1bBP/3b4/1B3P2/P1P2P2/1R2R1K1 w - - 0 1,2,
41f2a524,2r5/p6p/1p3B2/6PP/8/6k1/P2R4/7K b - - 0 1,2,
de069aa1,1k1r3N/p2pp2p/1p4p1/8/2qQb3/1R4P1/PB4BP/5R1K b - - 1 1,2,
4fd2632d,3r1rk1/p4p2/4pp2/1p2R1qp/8/P2P1R1Q/BPP2PPP/6K1 b - - 0 1,2,
25e84332,3r2k1/1R3ppp/2p1p3/8/2q3P1/5Q1P/5PK1/8 w - - 0 1,2,
f7f18493,8/2p4R/kp1pP3/8/PKP5/3rB3/5P2/8 b - - 0 1,2,
fa085907,3b1rk1/1Q3p2/8/2PP4/2N1Pq1p/1P4pP/P5P1/4R1K1 b - - 0 1,2,
062db265,1k5r/1p3Q1p/p1b1p3/2R1P3/8/1P4P1/P2r2BP/7K b - - 0 1,2,
eaf587e9,7r/1b1nbk2/pp3p2/2pp4/3P1Npq/1P1QP3/P4PP1/R1R3K1 w - - 0 1,2,
7e72776f,r3rk2/5p1p/p4np1/3p1NQ1/8/6PP/8/6K1 w - - 5 1,2,
eafecf1f,R7/2p1k1r1/2Pp1p2/1N2p3/2B1P3/4n3/PP6/1K6 b - - 0 1,2,
8eec517d,5r1k/p4ppp/2QB4/7N/8/3n2PP/PP3bBK/5r2 b - - 0 1,2,
c408b646,8/7p/5Qp1/3q4/5P2/6P1/4k2P/6K1 b - - 0 1,2,
d800dc84,1r4k1/6rp/p1Q1R3/2p3q1/P1Pb1p1p/1P3P1P/6P1/1R5K w - - 1 1,2,
afca1bc7,r1b5/pp3B1k/2p1p2r/2P1NpR1/3P3P/8/PP3P2/2n2K2 w - - 1 1,2,
6d0ed6c6,r4rk1/5pp1/ppN4p/3B4/P5n1/2R3q1/1P2Q1P1/3R2K1 b - - 1 1,2,
ff4627cd,8/8/8/5R2/6pp/4kP1P/2r3PK/8 b - - 0 1,2,
d0548587,r4r1k/pp3pp1/3p3p/2p2N2/4P1b1/2Q1B3/qPP4P/2KR1B1R b - - 1 1,2,
23efb772,8/2r3pk/1p5p/2n2pn1/3B1N2/4P1Pq/1Q3P1P/2RR2K1 b - - 2 1,2,
67030f7e,8/5Q2/1p1p2pk/2r1p1qp/P7/8/1K3R2/8 w - - 4 1,2,
62020ce4,6rr/2p2p2/2Bk4/p1pPR3/P4P2/4R1p1/6P1/3b2K1 w - - 6 1,2,
7c2b3570,7k/7p/p4rpP/8/6r1/8/5PN1/2R3K1 w - - 2 1,2,
1c269ca3,5k2/1bp3R1/p4Pp1/1pb4p/5Q2/1PN1q2P/1P4P1/5R1K b - - 4 1,2,
67aa0c90,r1b2k2/5ppQ/p1p3n1/2P3N1/1P3q2/P7/5RPP/1BR4K b - - 0 1,2,
a9fd619e,2r3k1/pp3pp1/3qN2p/2np4/6n1/1P2P3/P3QPPP/1BRR2K1 b - - 0 1,2,
947cfcb6,QR2bk2/6pp/4p1q1/P2p4/3P1P2/1P4P1/3n1PBP/6K1 b - - 0 1,2,
b2efa428,8/pR4R1/k1p5/3p3p/3P3P/3P4/r4rP1/6K1 w - - 1 1,2,
f52402d7,7k/pp5p/5r2/4R3/6Q1/P6P/1q4P1/2rR3K w - - 1 1,2,
50613e50,8/2p5/1p1b4/p4K1k/8/5p2/4b3/6R1 w - - 2 1,2,
706ef43f,1R6/1N3k2/4p3/p4p2/6rp/B6K/2r1P2P/1R6 b - - 0 1,2,
40e1129b,1k5r/1p6/5r2/1N6/5b2/1P5R/P1K5/8 w - - 0 1,2,
680d2af9,2k5/ppp2p1p/1q2p1b1/4P1p1/B3p1P1/7P/PPPQ1P2/2K5 w - - 2 1,2,
f8cd313e,8/Q5pp/4bk2/8/8/P4BP1/1PPq3P/1K6 b - - 2 1,2,
2c388225,5k2/1r5R/3qp1p1/6P1/3p1P2/1r1N4/1p6/1K5R w - - 1 1,2,
ae0a663a,2kr3r/ppPq1pp1/2n2n2/7p/1P2p1bP/P3P1P1/1BQ2PB1/RN2K1NR b KQ - 0 1,2,
c107c977,4r1k1/B1N2p1p/1p1p2p1/3P4/P6Q/5PPq/1P5P/4R1K1 b - - 0 1,2,
9c0f76b1,8/1R5p/4r1pk/p1p5/2Pn1KPP/8/8/8 w - - 5 1,2,
52cf1b6b,4r1k1/5pp1/2p2bb1/2Bp4/3P4/1q4Q1/4RPPP/3R2K1 b - - 0 1,2,
356e3aa9,8/p4pk1/8/2Q2pb1/3p4/1P1P1PPq/P1P4P/4N1K1 b - - 0 1,2,
990c1272,6k1/ppp2rp1/2n5/3Q4/3P2P1/2P2q1P/PP3P2/4R1K1 w - - 0 1,2,
acad1840,r2q1rn1/1b3p1k/pn2p1p1/1p1pP2P/3P4/PPN2N2/2B2PP1/R3K2R w KQ - 0 1,2,
7d67b12e,1rk5/p1b4p/2Q2p2/7q/8/P7/BP6/1K6 w - - 8 1,2,
bb71f6bf,3r2k1/2p1r2p/1n2P1pP/8/p1p1qP1B/P7/1P1R2P1/2K5 w - - 0 1,2,
2b91e80e,r3k2r/p1p2ppp/8/1p1n4/3Pp1Pq/6P1/PP1P2P1/RNBQKB1R b KQkq - 0 1,2,
66ae1002,r3r1k1/1pb2ppp/p2q1B2/3p4/3P4/2NQ4/PP3PPP/R3R1K1 b - - 0 1,2,
55129501,8/1p4pk/p6p/2B5/1P2bQ2/P5PP/4qP2/3R2K1 b - - 0 1,2,
f2005d3c,r7/pp1k2p1/2pP3p/8/3p2q1/1P1P1r2/1PPBQ3/R6K w - - 1 1,2,
fd067a11,6R1/pr6/3p1p2/2p4k/1p1b1K1n/1P5P/P1P5/6R1 w - - 1 1,2,
165cc564,6k1/pp3R2/3p3p/3P4/2Pqr2P/6r1/PP3Q1K/5R2 b - - 1 1,2,
72b5aa27,7k/8/3R2PP/5r2/7K/8/1b6/8 w - - 0 1,2,
251763b9,6k1/2R2ppp/3Np3/4P3/7b/5PPb/1P5P/r1n3K1 w - - 0 1,2,
0c09e430,6r1/7R/p3k3/4p1p1/3pPp2/5K2/P1r5/7R w - - 2 1,2,
945d4c51,4Q3/pp3pkp/1n4p1/8/3b1q2/1B4N1/PP3P1P/4R1K1 b - - 0 1,2,
5f7529d0,r3k3/ppp3pp/3p4/2bBp3/2K1P3/2N1qP1b/PBQ4P/R6R b q - 6 1,2,
7062193c,1r6/4k1p1/pN2pb2/4p2Q/1p2n3/8/PPP3qP/1K1R4 w - - 4 1,2,
6ae8cf69,r2q2k1/1pp2r2/p1n3pR/3pP3/3P4/P4N2/1P3PP1/2K4R w - - 0 1,2,
6118937f,r1b1k2r/pp3pbp/1q2p1p1/2p1n1B1/8/2NQ4/PPP2PPP/2KR1B1R w kq - 0 1,2,
6ef6d34e,rnb1k2r/ppppqppp/8/2b5/2P5/P3PNP1/1P1N1KBP/R1BQ3R b kq - 0 1,2,
e3ddaeec,8/5r1p/1p4pk/p2q1pRP/1p3P2/1P4Q1/1P5K/8 w - - 1 1,2,
d7130175,1k1r4/1pp3pp/p7/3p1B2/5bP1/1Q2qR1P/PPP5/1K4R1 b - - 0 1,2,
93618e37,1k6/ppp2Q2/2nb4/4p3/2K1P3/2P3r1/PPB3q1/RN6 w - - 5 1,2,
3cd7b8ee,1r1b2k1/p4p2/2p3p1/3q4/6P1/2Q2P1K/PP6/4R3 w - - 7 1,2,
3485391f,6rk/6pp/p1p5/4Qpn1/P7/4P1Pq/1B3P1P/3R2K1 w - - 6 1,2,
bb4d7efd,3Q4/2P5/4p1k1/p4b1p/5P1P/KP6/PN6/2q5 b - - 4 1,2,
38503b7f,6R1/8/7p/2p1PQp1/3q1P1k/7P/6P1/r4R1K b - - 6 1,2,
3b4112ba,r2r1k2/p4pp1/bpn1p3/2qP2P1/5P2/P2B3R/2QB2P1/R3K3 b Q - 0 1,2,
93bb55b9,3r4/p4pp1/b4k1p/8/2pp1PPP/8/PKB5/4R3 w - - 0 1,2,
d487e7d7,4r1k1/pp3ppp/8/2bP4/2Q2n2/1P3P1b/P6P/R3N2K b - - 0 1,2,
c78eb3cb,r2qr3/ppp2p1k/7p/5Np1/2Q1n3/8/PP1N1PPP/3R2K1 w - - 2 1,2,
cbb0b3e0,5rk1/p7/2b1p1q1/8/3P4/1PP5/P4RPQ/1R4K1 b - - 0 1,2,
8fad6e5b,r1b3k1/1p4pp/2p5/pqB2P2/4p1P1/2b4P/PP1R4/1KR5 w - - 0 1,2,
ef20b522,2r2k1r/1b1nR3/p4p1p/1p3N2/1P1p3N/P2K3P/2P2PP1/2b5 w - - 2 1,2,
2a640496,8/5RP1/2p1p3/8/1p6/2k2N2/P1P1pr2/2K5 b - - 0 1,2,
4f930f47,7k/2B1bQpp/2p5/2PpP3/3P4/1q4PP/8/5bK1 w - - 0 1,2,
1ceab22c,3r4/ppp2Q2/3k4/3p4/3b4/6P1/PP4PK/R4R2 b - - 0 1,2,
c0119091,N1k5/pp3RB1/3b4/7p/3P4/1P6/P3r1PP/7K b - - 0 1,2,
53385438,r1b4k/pppp2pB/2n4p/6N1/2P3q1/2B5/PP3rPP/n1K1R3 w - - 0 1,2,
9338010b,7k/ppq1r1pb/3b3p/4p3/3P4/PQ4BP/6P1/5RK1 w - - 3 1,2,
0e0e8e60,5r2/pp4R1/3p1r1k/3P3p/3qPp2/5P1P/PP3PRK/3q2Q1 w - - 2 1,2,
4f2007b9,7k/ppR3rp/q2p4/8/5p2/5P2/1PK1P2P/6R1 w - - 0 1,2,
903e1941,r3kbr1/pp3p2/3P1p1p/8/3n3B/3B3b/PP2NPPP/R2Q1RK1 b q - 0 1,2,
2e8a01f1,k7/pp5r/3r1Qpp/2p5/2P5/5PPB/1R4KP/q7 w - - 0 1,2,
7ce78d27,1k1q1b2/ppp5/7p/5Q2/7p/1P6/P1P2PPP/2KR4 b - - 1 1,2,
fa8a51c7,k7/1b3Q2/8/1p2P3/p4B2/2q4P/P5P1/7K b - - 0 1,2,
aec5a198,5rk1/4ppb1/p1N3p1/1p6/1Q6/2P2RPp/PP1r3P/7K b - - 0 1,2,
ac0693c2,8/1ppR4/5q1k/5rp1/1p6/2PQ4/PK5P/8 w - - 0 1,2,
5022a0c3,2k3r1/1p6/p1p2Q1p/3p2rP/3P1P2/4P3/P7/5R1K b - - 0 1,2,
9b2fa2b3,r7/pp5k/8/3q4/4p3/6R1/P4P1P/6RK w - - 4 1,2,
c247081e,6k1/1p1q1p2/pb1P1Qp1/7p/2P5/2N1r2P/PP4P1/3R3K b - - 3 1,2,
73f9eacd,6k1/6r1/2q1p1P1/5pQ1/Pp6/1P1p4/5P2/6K1 w - - 0 1,2,
1f2aceee,2Q5/6pk/p4p2/6bp/1P6/P2q4/1B4PP/5RK1 b - - 0 1,2,
1e0f6727,2q2rkb/Q3R3/5B2/p5pp/P7/1P6/2P5/5bK1 w - - 0 1,2,
74b99a4d,1n3rk1/1p3ppp/1bp5/7r/P3B3/B1Pq2P1/3PN2P/R2Q1R1K b - - 0 1,2,
0fbbc899,4k2r/p1p2p1p/4Bp2/8/8/P7/1rq2PPP/R2QR1K1 b k - 0 1,2,
90f80be9,8/8/8/p5Q1/Pp2P1P1/1P5k/4qB1P/6K1 b - - 0 1,2,
86a108f8,r5k1/1bp2rpp/ppn5/6q1/P7/1B2R3/2P2PPP/4R1K1 w - - 0 1,2,
d8bc7e9f,6k1/p1Rq2p1/1n5p/4Q3/8/2P2pPP/PP3P2/7K b - - 0 1,2,
28c823a3,1r2r2k/2p2p2/2p2Pp1/p2pn1Q1/1q1P4/2N4P/P5P1/3R2K1 w - - 0 1,2,
d043f419,6r1/4R3/8/8/8/8/5k1K/8 b - - 26 1,2,
ba975f21,5R2/p5pp/6k1/1p5n/3p1P1P/5K2/r4N2/8 w - - 0 1,2,
301416d8,8/1p1qkppp/8/p3P1P1/6QP/bP6/Prr5/K2R4 w - - 0 1,2,
eb2fdf5d,2kr3r/p2p4/1p1Pp1p1/4np2/7q/2PQ1B2/P3K1P1/R3R3 w - - 0 1,2,
0b8c2515,2R2b1k/p5pp/5p2/1r1p4/4P3/QP3P2/P3qBPP/6K1 b - - 0 1,2,
142b435e,r5r1/3b1p1p/BR2pp2/p2pk3/8/2P1KP1P/P5P1/1R6 w - - 1 1,2,
c160307f,b1k2r2/p1p4p/Pp1p2p1/8/QP3q2/7P/5PP1/4R1K1 w - - 0 1,2,
5d2968d1,r1b2r1k/1pp3pp/1p6/2q1pp2/2Bn3N/3Q4/P4PPP/1RR3K1 w - - 0 1,2,
510cd2c2,1k3r2/ppp4p/3b3p/3B4/1PP1R3/7P/P2r2P1/5R1K w - - 12 1,2,
25744eea,8/p7/7Q/kp1p1pP1/2pP4/2P2q1R/PPB5/1K6 b - - 7 1,2,
50c60d6b,5r1k/7p/3QN1p1/p7/8/3p2P1/1q3r2/5RK1 w - - 0 1,2,
e6262aba,7k/p1R5/7p/3p2p1/3P2n1/2P2NP1/Pr4P1/6K1 b - - 0 1,2,
e0a664d5,r1bn2k1/1q3pbp/p3p1pB/1p5n/8/1BN5/PP3PPP/2RR2K1 w - - 0 1,2,
17aa516b,8/p6k/1p4p1/2pR1bq1/2PbB3/1P6/P5QP/7K b - - 0 1,2,
de7a7816,5rk1/6p1/4PRQp/3p4/p1qP4/2P5/6PP/5R1K b - - 0 1,2,
5fc9b175,6k1/5R2/3p2KP/p6P/8/4P3/P7/b1r5 w - - 4 1,2,
5aff85eb,8/7Q/1pR5/3pk1p1/3b4/1P2pqP1/P4rNP/7K w - - 3 1,2,
378116b0,7k/1p2rBp1/p7/4n1N1/5Kp1/P3n3/1Pr5/R7 w - - 0 1,2,
482b1170,r1b3k1/pp4p1/2p4p/2Ppp1q1/P2P4/3BPR2/2Q3PP/6K1 w - - 0 1,2,
0e294c3e,1q2r1kn/1p2bpp1/p1p1P3/2Pp4/1P4P1/2NB1P2/P6Q/6K1 w - - 0 1,2,
7065e702,6k1/5p2/q5p1/6P1/4Q3/P4r1p/1P6/KR5R b - - 1 1,2,
3037565e,8/5k2/1B5p/P3RppP/r4n2/8/5P1P/6K1 b - - 5 1,2,
3a37f469,6r1/1pr1qp1k/p3pR2/3pQ2p/3P3P/P1P5/1P5P/7K w - - 0 1,2,
10e269c0,5rk1/ppp1b1pp/8/8/3nR3/4B3/PPP2PPP/RN1r1BK1 b - - 6 1,2,
100c6354,3k2r1/q3pp2/p2p3p/1B2b1p1/Qp6/4P3/P5PP/2R3K1 w - - 0 1,2,
1a3f7d61,3r1r2/2Q2Rbk/p5pp/1p1B4/2p1P3/2P5/P4PKP/3q4 w - - 2 1,2,
4be19716,4k3/7R/4Kp2/7p/1p6/1P4r1/8/8 w - - 10 1,2,
668f0241,6k1/3r1pp1/5r1p/3P4/p2PB3/P4Pq1/1PQ3P1/1R3K2 w - - 1 1,2,
8130eedd,8/5Q2/2k2Pp1/Kp2q3/2p5/2P5/P7/8 b - - 0 1,2,
e5c37014,8/7k/6qp/P1P1Q1p1/1B3r2/6K1/P3p1PP/4R3 b - - 5 1,2,
db1e0fa8,r3r1k1/p4p1p/1ppp1bpB/8/2q3B1/2PnR2P/P4PP1/4R1K1 w - - 0 1,2,
908ea764,8/8/5kpp/5p2/4PK1P/p1r3P1/R3BP2/8 b - - 0 1,2,
bf06e57e,8/p5pk/1p5p/3p4/PP2q1Q1/2P1p3/6RP/6K1 b - - 3 1,2,
167e0781,6k1/5qp1/7p/4Q3/4p3/2B1P2P/2r3P1/3R2K1 b - - 0 1,2,
a52affad,r2r1k2/2p2p1Q/1p3q2/p4N2/3P1b2/P4P2/1PP3P1/1K5R w - - 6 1,2,
008ddb47,1r6/1kp5/3p1pQ1/3P4/8/1q6/4R1PP/K5R1 b - - 1 1,2,
85cce6eb,r5rk/pp3p2/2p4p/2P2Nq1/1P2Pp2/P2RbP2/2Q4P/3R3K b - - 6 1,2,
e5047a9c,R7/P6k/3b3p/8/3B1p2/7P/5P1K/r7 b - - 1 1,2,
5a73d008,8/8/6P1/R2b4/7k/P2r3P/5P2/6K1 b - - 0 1,2,
80872af3,1k1r1bnr/2p1p3/1p3p2/QN1p2p1/3P4/2P2q2/PP3PpP/R5K1 w - - 0 1,2,
36409d4f,r4rk1/pp3ppb/3p3p/8/4N1P1/3Q3P/PqB3K1/3R4 w - - 1 1,2,
79c9c295,2k3r1/p7/2pQ4/5p2/8/2qN3K/P4P1p/2R4B b - - 0 1,2,
e8e2860a,1r6/3P4/k1p2q1p/pbQ5/6B1/P5P1/1P5P/1K1RR3 b - - 0 1,2,
de50ce08,1rbqn2k/2ppbQ1p/p5pB/1p2n3/P7/5R2/1PP2PPP/RN4K1 w - - 0 1,2,
2bcbb31c,5r1k/3RQ1p1/5pPp/4p2K/P3P2P/1r2n3/q5B1/3R4 b - - 7 1,2,
f4773eb9,r4k2/pp2qr2/2pp1n2/4p3/3PP1Q1/2N1P1P1/PPP3K1/7R w - - 3 1,2,
d04620b0,r2q1r2/2pbbp1p/p2p1Npk/3pP3/3P4/6Q1/PPP3PP/R4RK1 w - - 0 1,2,
ae9148ed,1r1k1r2/7Q/p2p1BPp/1p6/2pn4/P2n4/6PP/R4K1R b - - 0 1,2,
a1579a28,3Rr1k1/1q3pp1/p6p/1pB1P1n1/1Pp5/6P1/P2QPP1P/3R2K1 b - - 0 1,2,
b7a9d358,2rq3k/p3rp1p/2P3n1/5NQ1/8/4pP2/6PP/4R1K1 w - - 4 1,2,
fcd895cc,r3bb1k/1p3rp1/pq2p1Q1/3pPp2/1PnN1P2/P1P2R2/1B4PP/6K1 w - - 0 1,2,
7b375580,5bk1/7p/p1r2B1q/5Q2/Pp1p4/3P4/2P3PP/5K2 w - - 7 1,2,
522213bb,6k1/p1Rr1p1p/4bKp1/8/6P1/5n2/8/8 w - - 0 1,2,
41d5195b,7k/5rpp/3p4/2pQpp2/4nq2/2P4P/1P4P1/3R2K1 w - - 0 1,2,
d1761336,4q1k1/p4p2/1p3B1p/1Pbp4/P7/5QPP/5PK1/4r3 w - - 3 1,2,
150e9036,r2q4/ppp2prk/8/2p1pN2/2B1n3/3P1b1P/PPPQ1P2/2K5 w - - 0 1,2,
61a77acf,7r/5k2/R7/2P1B1p1/8/1P5P/r7/6RK b - - 0 1,2,
6913361b,2r2rk1/3N2p1/6Qp/p2p4/4n3/4R3/6PP/6K1 b - - 0 1,2,
5bb19c78,rnbr2k1/pp3npp/2p5/5q2/N3Q3/1PB3P1/P1P2NBP/4R1K1 w - - 5 1,2,
923a35af,2rq1rk1/pp1bbppp/3p4/7Q/2p1Nn2/2P5/PPB2PPP/R4RK1 w - - 0 1,2,
e94abc02,7r/ppk5/2p2Q1b/2Pp3r/3P4/P3PP2/3N2P1/R4RK1 b - - 0 1,2,
726d7b9b,4rr1k/1pqn1p2/p2p1n1p/2pPpN2/2P4P/4Q3/PP3PP1/R4RK1 w - - 2 1,2,
fb9ba629,2b5/1pp1R2p/2kp1Q2/2p2p1N/4q3/8/P4PPP/6K1 b - - 0 1,2,
39839559,2r2rk1/1p2b3/pq1p2pP/3P1Q2/7P/1N3P2/PPP1p3/2K4R w - - 0 1,2,
54548a71,2r1k3/5R2/p1q1p3/4P3/2p5/P1N3r1/1PP5/2K2R2 w - - 0 1,2,
31702d17,7B/2R4B/1p1N4/pP1P4/5p2/5kr1/P5bK/8 b - - 0 1,2,
8a50639e,2k5/2p5/p1P4n/7p/3Qppb1/1P2q3/P5P1/5K2 w - - 0 1,2,
4f2d4c7e,3rr2k/1pb2ppp/8/5bNq/1PPp4/1Q3PP1/3NR2P/4R1K1 w - - 5 1,2,
be29a1c2,2r3k1/2r2pp1/p3p2p/4n3/1p2Q1P1/3R3P/P1q2P2/3R2K1 w - - 0 1,2,
45c79b6d,r1q5/pp3r1k/1bp2P1p/3p1b1Q/3P4/6P1/PP3PBP/R5K1 w - - 0 1,2,
5a2bb12a,rnbr2k1/pp2pp1p/6pQ/2pq2N1/2p5/8/PP2PPPP/R3KB1R w KQ - 2 1,2,
12094829,8/3r4/8/4BR2/1P3P2/5kPK/7P/8 b - - 0 1,2,
0cf3f76d,5r2/6p1/8/1p2Nbk1/1P1q2PR/6Q1/1B3P2/K6R b - - 2 1,2,
8238e6f4,7k/pp5p/2b5/5p2/2Q2N2/8/2PP1qPP/4R2K b - - 0 1,2,
0697b042,2R2rk1/pp4pp/5p2/4p3/5PQ1/P2P4/1q1nK1PP/8 w - - 0 1,2,
69a786e0,8/8/8/P1p3p1/R2b3p/3pkP2/4R1PP/5K2 b - - 0 1,2,
93be6abb,6k1/ppR5/2n3K1/4p3/3p3P/6P1/Pr6/8 w - - 0 1,2,
ef3d784c,6r1/pp1kb2Q/3q4/3p4/7P/2P1B1P1/PP6/R3R1K1 b - - 0 1,2,
898df452,6k1/5ppq/pp6/4p3/6R1/5QP1/PP3PK1/2r5 w - - 3 1,2,
e7b6b1a6,2kr4/5p2/p2pp1p1/qp5p/1n2P2P/1PP2B1Q/2P5/1K1R3R b - - 0 1,2,
48f92d87,r6r/pp3p1p/2pp4/5R2/4P1n1/3Pk3/PPP4R/3K4 w - - 4 1,2,
323a2c6e,4k3/1p6/2p2Q2/p7/2P3q1/PP3pB1/5P2/7K b - - 0 1,2,
e51d9500,k3r3/p1p5/8/3p1pNq/2nQ1K2/2P5/P7/1R3n2 w - - 2 1,2,
0d7f0ce3,4rrk1/ppp3pp/b2p4/3q1p2/7Q/2N5/PP3PPP/R1BR2K1 b - - 1 1,2,
be07332f,2r1nNk1/4q2p/6p1/pp1pbP2/8/1P2B3/P1PQ4/2KR3R b - - 0 1,2,
73df5010,5r1k/5p2/2p2Np1/3p2P1/4n1K1/8/8/4R3 w - - 6 1,2,
e301a41b,8/8/2p1p3/2Pp4/1r1PkpK1/3b2p1/rB1R4/1R6 w - - 4 1,2,
87af81cf,r1b2r1k/p3nP2/2np1q2/2p3N1/P3P2P/1RbP1Q2/2P1B3/3K3R w - - 6 1,2,
2d4f171d,r2q1rkn/ppp2p2/5P1Q/4p2p/2N3p1/2PP2Pn/PPB3KP/R4R2 b - - 0 1,2,
643c97b8,5r2/6k1/1p3p2/4bQ2/1P1p4/1q4PP/3B3K/5R2 b - - 4 1,2,
140df8b0,6k1/pp5p/4N1p1/2P5/3Q1Bn1/1P4PK/P3q2P/8 b - - 6 1,2,
608dfd2e,8/5R1p/p5pk/Pp6/6P1/1r3NKP/3n4/8 w - - 4 1,2,
a2ec81d5,k3rr2/N1p3p1/Q6p/PPp5/6b1/2P5/3N2PP/6K1 b - - 2 1,2,
3715530d,4r2b/3bpR1p/2ppB1p1/p5k1/4P3/P1r3B1/8/6K1 w - - 0 1,2,
ffc85232,5r1k/p1p1R1p1/3pQ3/1Bb3Np/P2p3P/5NP1/1rq2P2/4R1K1 b - - 1 1,2,
25e1b813,6k1/1pp3pp/8/p2Pp3/3q4/7B/P4QK1/8 w - - 4 1,2,
fdecc3db,Q7/p3qppk/1p2p2p/2p1P1PP/2r2r2/8/P7/3R2RK w - - 0 1,2,
8c109aae,2b4k/5Qp1/p5Bp/1p2R1q1/3p4/8/P1P2PPP/6K1 b - - 0 1,2,
d747ca58,7r/pp4R1/2p5/5k2/6p1/P2PBnP1/1PP2P2/3K4 b - - 2 1,2,
9a5690b0,6k1/p6p/R2p2p1/2pP1p2/6P1/4bB1P/P2nR1K1/4r3 b - - 5 1,2,
3499d14d,r4r1k/4Npbp/p2pbnp1/1p5P/q2BP1P1/5P2/PPPQ4/1K1R1B1R b - - 0 1,2,
26146040,8/8/1R6/5kp1/1P6/6PK/1r6/8 b - - 6 1,2,
2815c21b,7k/7p/p2R4/8/2q1p2P/P3QpP1/5P2/7K b - - 0 1,2,
f80b5a6b,r2q1r2/1b2b1pk/4p2p/1p3p1Q/8/3P2RN/5PPP/1B3R1K w - - 0 1,2,
b6e40f02,2b3k1/p1p4p/1p1b3K/6N1/3B1nP1/8/P7/4R3 b - - 6 1,2,
abc4fcb1,8/5pk1/p3p1p1/P1BbP2p/1P1P1K1P/3r2P1/8/6R1 b - - 0 1,2,
a3d68477,6k1/5p2/R6K/6p1/p1p5/8/1r6/8 w - - 0 1,2,
dcee1fd8,3r2k1/p4pp1/4pn1p/2p5/2P2n2/P4NqP/1PQ5/3R3K w - - 0 1,2,
6ea1f67c,8/8/8/5Kpk/5p2/6r1/6R1/8 w - - 6 1,2,
48430f5f,1k6/p1r5/3Q4/1P1p4/3q2p1/4n1P1/7P/5R1K w - - 3 1,2,
159ce940,5k2/5r2/8/8/2P2n1Q/1P4pP/6P1/6K1 b - - 0 1,2,
bc815ed0,R3r1k1/1Qp2ppp/3b4/7q/6b1/1PNN4/1PP2PP1/2B3K1 b - - 2 1,2,
6e6206cd,r1k4r/2p3b1/p2q1pp1/8/5n2/5Q2/PP3BPP/RN3RK1 b - - 0 1,2,
f8d5b268,8/pp1R2pk/2p2p1p/7P/3KN1P1/7r/Pr6/8 w - - 0 1,2,
54606321,N1r5/pp1k1ppp/4p3/8/8/bBqPB2P/P2RQPP1/1K5R b - - 1 1,2,
834a6568,k2r4/1p1qp1Q1/p5p1/3P4/P2nN3/8/1P3P2/2R1RK2 b - - 0 1,2,
63806f7d,2r2r2/pp4pp/7k/8/6RP/P5P1/1B3P2/6K1 w - - 3 1,2,
cccab109,4rr2/1pp3k1/3pqp2/p4Rb1/3BP1p1/2N5/PPP5/1K5R w - - 6 1,2,
6baedc07,r6r/p4k1p/Q5p1/1p1N4/2pnP1b1/6b1/PP1K1P1q/R1B2R2 w - - 2 1,2,
a58ecbf4,5k2/pb5q/1p5b/3N4/8/6P1/PP2Q1PK/R3R3 b - - 0 1,2,
6fc1e2df,3r1k2/pp4pp/2p5/2P1pb2/1PB5/q1P1B3/5KPP/3R4 w - - 0 1,2,
e996b907,2kr4/1p6/p3p3/6pp/NP4n1/P4RPP/2P3P1/3Q3K b - - 0 1,2,
b77a3f70,8/6Qp/5p2/8/1P2rrpk/2P5/P5P1/6K1 w - - 4 1,2,
378fc3b6,r2q1r2/ppp2Qpk/2n3p1/4P3/3P2P1/2P2R2/P6P/R5K1 w - - 4 1,2,
9cdd8848,8/6pk/p6p/8/2P3PK/Pr6/1P3R2/8 b - - 0 1,2,
ea491083,6k1/p4rpp/1p6/2r1p3/8/2N3P1/PPP4q/1K1R1R2 w - - 0 1,2,
2b905a20,2r2qk1/1b3p1p/2p1p1pQ/1p2P3/p3N3/5P2/PP2B1PP/5K2 w - - 4 1,2,
16920f58,8/pp1r1pp1/k5p1/P2p1n2/3P4/2Q2Pq1/4KRPr/1R6 w - - 2 1,2,
117b59d7,6rk/1p4b1/p2R2Qp/4q3/5r2/1N4RP/P5PK/8 w - - 2 1,2,
cf2a1e28,1rb2k2/1pq2ppp/p3p3/n7/P6Q/1BP5/2P2PPP/3R2K1 w - - 0 1,2,
b13f648c,r1b3k1/pp1p2p1/3Ppr2/2q2pNQ/5n1P/8/PP3PP1/R4K1R w - - 2 1,2,
e8454108,7k/r5rp/1q1P1Q2/pp2p3/4n3/1P4RP/1P4P1/R6K w - - 0 1,2,
2809ed7f,r4kr1/pp1Q1p2/4p3/2N4p/2Pp4/P2P1PqP/1P3R2/5R1K b - - 0 1,2,
286d579e,6k1/p1q2p1p/3N1Qp1/3P4/1p2Pn2/3n1P2/PP1R2PP/5K2 b - - 0 1,2,
1fec7606,rn3rk1/pp3pp1/2p4p/4P3/6qb/1QN1PNP1/PP2B1K1/2R4R b - - 2 1,2,
348608ab,8/8/4p2p/3pQppB/2p5/2q2PPP/2bk1K2/8 w - - 0 1,2,
6d7ab1c3,5rk1/2p3p1/1p5p/2q1R3/8/2P3QP/PP4P1/7K b - - 1 1,2,
2230b4ce,3Q4/8/P5p1/3p1p2/6k1/6P1/r3qp1K/5R2 w - - 6 1,2,
a565be80,6k1/5p2/2R1p1p1/7p/1p1r3P/1Pn5/5PP1/5RK1 b - - 0 1,2,
640ae6f4,5qk1/p1p3pp/8/2p5/2P3Q1/1P2P1P1/P3r2P/R2R2K1 b - - 0 1,2,
d5d32e54,1n1r1k2/p6p/1p1b1p1P/3r2pB/6P1/P3RP2/1P6/1K2R3 w - - 0 1,2,
bf349a0d,r1bqrb2/p6k/1pp2P1n/3n2pP/3PN3/5P2/PPQ2B2/2KR2NR w - - 1 1,2,
a97caa5a,4r1k1/1b2q2p/1p3p2/p1p2PB1/P2p4/1P1P4/2P2NPQ/R5K1 b - - 0 1,2,
ce451037,r1r3k1/1p1nqppp/4b3/3p4/PppP4/1P1QP3/2B2PPP/RN3RK1 w - - 0 1,2,
983f65ec,8/kp6/p5p1/7p/3qQ1n1/1P4P1/P1P3K1/4R3 b - - 7 1,2,
0df3c470,4krr1/p6R/4p3/8/2N3b1/1P3q2/P1R2P2/5K2 w - - 6 1,2,
21dd3c28,6k1/R7/6K1/1pr1P3/4n1bP/6P1/P7/R7 b - - 4 1,2,
84d6fa43,r5k1/5ppp/1p2p3/q7/2P5/5RP1/RQ4PP/7K b - - 0 1,2,
9a3168dd,6k1/5pp1/8/4P1r1/6q1/3B1QP1/6K1/8 w - - 1 1,2,
b6a12156,1k3r2/bpp5/p1b4p/6p1/NP6/PB6/1BPR1nPP/5RK1 b - - 0 1,2,
89421e62,5k2/6p1/1p3r1p/p2r2p1/P2n1q2/3QRP1P/1P4P1/4R1K1 w - - 0 1,2,
a6b0813a,6k1/pp2Rp2/6p1/7p/5P2/1P5P/PB2K1P1/2q2r1n w - - 0 1,2,
002eb413,1r4kr/8/2p1b1p1/4P2R/1q1p4/1p6/P1P5/1NK4R w - - 0 1,2,
02ca4a2d,8/PB6/2RB4/6pk/3n2np/6Pb/4PP1P/R5K1 b - - 0 1,2,
0b3691f1,5k2/4br2/2ppQ3/4p3/4P2P/1r6/qN3P2/2K3R1 w - - 2 1,2,
0420e00f,6k1/5p2/3R2p1/8/8/8/r2b1PP1/B4K2 w - - 0 1,2,
74ce779c,r1b3k1/pp3r2/1qn3p1/6N1/8/2P1b1P1/P1Q2P1P/R4RK1 w - - 0 1,2,
c48ce4fa,r1bb1rk1/ppppnp1p/6p1/3N2P1/8/3P1N2/PPP2PP1/2KR1B1R w - - 1 1,2,
5ac65e6b,2rr2k1/p3R1pp/1p6/n4Q2/2pP1P2/P1q5/6PP/5RK1 w - - 0 1,2,
bf0e84fd,4k3/2pq1p2/1p1p4/3Qp1B1/3nP2P/1P4K1/1P3P2/8 w - - 2 1,2,
7d9ec90f,1Q5R/p5r1/6k1/3P1rPp/8/Pp1q4/1P6/KR6 b - - 0 1,2,
66a34622,3r2k1/2Q3pp/4pq2/1N3p2/2P1b3/1P6/P2R1PPP/R5K1 b - - 0 1,2,
a2f6db12,3r1r2/ppp2p2/5P1k/3PPQ1P/5P2/P4K2/3q4/7R w - - 0 1,2,
b90e090a,6k1/p4rp1/8/1ppqRp2/2n5/2P3Q1/P4PPP/R1B3K1 b - - 0 1,2,
fa14ab64,r3nr2/1pp2p1k/p1np2p1/8/4PPR1/1P3P2/qBP1N2P/6RK w - - 0 1,2,
5bdc45c4,8/1R6/p1kNKp2/2p3b1/2B1P1P1/q3PP2/P2r4/8 w - - 3 1,2,
57b8d4ce,8/3R3p/6pk/8/P3N1P1/3P3P/r6r/5K2 w - - 11 1,2,
31526c8c,7k/1pp3r1/pq6/3QpP2/3p1b2/3R4/PPR2P2/7K b - - 5 1,2,
8eebdef2,r2qr1k1/ppp2pb1/3p2n1/4pN1Q/2P5/2PP4/P4PP1/R3K2R w KQ - 0 1,2,
be442d71,r4rk1/1pN2ppp/p7/1PP5/3Qp2q/P3PP1b/1BB2P2/R4RK1 b - - 0 1,2,
bb59a779,8/pp2kpp1/2p5/3pKPP1/3P1N2/P1R5/1rP5/8 b - - 5 1,2,
1bb1c8b2,3r2k1/7p/3q2NP/R1p1Np2/4pQ2/8/2r2PP1/R4K2 b - - 0 1,2,
c9868b9a,r2q1k1r/2p1n3/p2pPp1p/b2P4/2p5/P4QPP/5P2/R4K1R w - - 0 1,2,
c87880fa,3qr3/6R1/7p/4r2k/6pP/3P1P2/5PK1/Q7 w - - 0 1,2,
87d19cce,1r2r1k1/pR3pp1/6p1/B1pQ4/3p2P1/7P/PKP2P2/5q2 w - - 7 1,2,
ac87f70c,r5k1/ppp2p1p/3p3B/3n1r2/4R3/8/P4P1P/4R1K1 w - - 8 1,2,
e7eaf313,6rk/p5pp/2p5/8/1P6/2q5/PQ3RPP/7K b - - 1 1,2,
a279d429,7B/1p6/2p3pp/2N1pk2/2P4n/1P2rP2/P4RPK/3r4 w - - 2 1,2,
497b16d5,1n4k1/4R1pp/p4p2/1pBb1P2/8/2P4K/2r4P/8 w - - 2 1,2,
300df4ba,2k5/1pp2pp1/p5p1/8/4B1K1/bP2P1P1/5q2/3R3R w - - 0 1,2,
02c10d94,2r2rk1/ppp2p2/6p1/7R/3P4/1K1Q2R1/PP3q2/8 w - - 2 1,2,
1f447866,8/6p1/1pB4p/k5p1/1qQ3P1/7K/8/8 w - - 4 1,2,
c2375e03,7r/5k2/p6q/1p1pQPp1/8/2P5/PPB2PK1/4R3 b - - 0 1,2,
7d12c5b4,2r2rk1/pp3ppp/2N5/3Qb3/6n1/2N1P1Pq/PP1B1P1P/2RR2K1 b - - 0 1,2,
f92265f2,r1bk3r/p1p1nQ1p/1p6/3Pq1P1/5RB1/2N5/PPK3P1/8 w - - 6 1,2,
803ccfb2,8/7B/8/2k3B1/5n2/p6P/3rn1P1/4R2K b - - 1 1,2,
e1389507,6k1/pp3p1p/6P1/4p3/1b2P1Q1/4P3/B4q2/K5R1 b - - 0 1,2,
b98799bd,5k2/2q5/5BQp/6b1/6P1/1P1P3P/3r4/1K2R3 b - - 1 1,2,
2c6998ca,r1b1r3/pp3B1p/1qpB2pk/6N1/4P1nP/2Q3P1/PP3P2/R3R1K1 b - - 0 1,2,
61134186,2krr3/ppp2p1p/2b2Nn1/8/8/5P2/PPPR2PP/2K2B1R b - - 2 1,2,
103a6e94,3r4/1p3p1k/4p1pp/8/2P3r1/1P1p1P1R/P2Q1K1P/1q6 w - - 0 1,2,
78c7c430,r2q1Nk1/p2bbpp1/1p1p3p/2pPP3/2P5/1P1Q4/P5PP/1nR3K1 w - - 0 1,2,
ee727b38,6k1/5ppp/p3p3/8/2p1KPP1/B1Pr1nR1/PP2N2P/8 b - - 2 1,2,
f1d3e3d6,6k1/p2N1p1p/4pQp1/2p5/Pp6/7P/3n1PPK/4q3 w - - 8 1,2,
da4ac338,k3r1r1/1p6/p1N5/P2pQ1p1/5n1p/2P2P2/1q3P1P/4RB1K w - - 2 1,2,
a220cfca,1r3k1r/1b3pp1/3p1q1p/nB6/Pp6/4QN2/1P3PPP/2K1R2R w - - 2 1,2,
97fa426c,r3r1k1/pp3pp1/2n2n1p/q2p2N1/P5b1/B1PBP3/2Q2PPP/1R3RK1 w - - 0 1,2,
89959f70,7r/pRp1k3/2Bb4/q4p2/P5p1/3RP1P1/1Q3P2/6K1 b - - 4 1,2,
ab44c174,5r1k/pp1q3r/8/3R2Q1/2pP4/2P3P1/PP3PKN/5R2 b - - 0 1,2,
12cd9b22,1k1r4/pp3BQ1/2p4p/2q5/5P2/2P4R/PP4P1/2K5 b - - 0 1,2,
8cfdef69,R2Q4/5p2/4p1q1/3pk3/1P6/6Pr/5P2/6K1 b - - 0 1,2,
1e436bdd,r5k1/7p/p2p2p1/1ppP3q/2PbN3/1P1B1P2/P1Q4B/1R1R1b1K b - - 4 1,2,
a592c2b2,r6k/8/p2q1rbp/1pp3Q1/8/P2P3R/BPP2P1P/7K w - - 0 1,2,
a66caf9a,7r/1b2p1k1/p3Q1p1/3pN1P1/1q1P4/2n1Pr2/P2K4/8 w - - 0 1,2,
e0ee4165,2kr4/1p3pp1/1Qr3bp/8/8/3q3P/5PP1/R3R1K1 w - - 2 1,2,
a56a8cc8,5rrk/p1pp1q1p/1p3p2/4BQ2/2PP3R/7P/PP4P1/n5K1 w - - 6 1,2,
00f928c1,r5k1/p3P2p/n1N3p1/1p5r/4N1n1/P1Q3PP/1P3qB1/R5RK b - - 0 1,2,
52050317,rr2b2k/6q1/4p2p/3pP2P/1p1P1RP1/P2Q4/1PB3K1/8 w - - 1 1,2,
6ca84107,6k1/pp2p2p/6p1/2b3N1/5PK1/1P1r4/PB5P/R7 b - - 6 1,2,
1e6d85e9,8/pp4k1/6p1/PP2P3/2rbpPb1/6Q1/3R4/4KR2 b - - 0 1,2,
6b762fd8,6r1/pb1p4/1ppBk1r1/4P3/2P1N3/1P4P1/P5K1/5R2 w - - 1 1,2,
637c6384,6r1/4q1rk/2p1p1p1/1p1p1pPp/pP1P1P2/P1P1PQ1R/5PRK/8 w - - 1 1,2,
bb6c4573,1k5r/3Q2pp/5p2/q2BpPP1/2pPP2P/b7/1P6/2KR4 b - - 0 1,2,
e1948899,3r3k/ppp3pp/4Q3/2b5/8/2K5/PPP1R1P1/RNB3q1 b - - 5 1,2,
a7a463ab,1R5R/k1r3r1/p7/P7/4Pn2/5P2/6P1/6K1 b - - 5 1,2,
cadd2b5a,6k1/1p3pp1/pP2p2p/P7/2P2q2/2Q2P1b/5P2/3R2K1 b - - 2 1,2,
6d06148f,8/8/5pp1/PP4k1/4P1np/1R6/r5R1/6K1 b - - 1 1,2,
5674d929,6k1/ppp3pp/4p3/4p3/4Nnq1/2P1R1P1/PP6/4BR1K b - - 0 1,2,
8071a232,5r2/pp5k/2pp4/6pp/5qn1/2Q2R2/PPP1RPK1/8 b - - 5 1,2,
a391641d,8/ppp4k/3p3p/3P4/2nB1r1N/2P3RP/r5PK/8 w - - 5 1,2,
6dacdf0b,5rk1/5p2/p2Q2pP/1pB4n/1n2qP2/3R3b/PPP2R1P/6K1 b - - 5 1,2,
8e8d99e2,1k1r4/1p6/2b2p2/4r2p/1Q4nP/1PN5/1PP5/R1K5 b - - 2 1,2,
0365e401,3R4/p1r1kp1p/1pB3p1/1Pn1p1P1/5P2/P3P3/5K1P/8 w - - 1 1,2,
65fcb408,2R5/2p2ppk/3R2rp/p3p3/2P1P2q/1P2QP1P/P1B3PK/8 b - - 0 1,2,
ecaeab65,8/4bp2/p1q1kp2/4pr2/1p4P1/4P2P/1P3P2/3Q2K1 w - - 0 1,2,
fc3e4cd1,1k6/R3N3/1n1Kp3/7p/p4P2/7r/8/8 w - - 4 1,2,
a935762a,r1b2r1k/pp3Rp1/7p/2bp4/8/3B2P1/PPP4P/1K3R2 w - - 0 1,2,
80b54ecc,2r3Q1/3k1p1p/2r5/p4N2/B3P1p1/6P1/Kp6/6q1 w - - 6 1,2,
f7ff20de,6k1/p1R2pp1/4r3/8/P1P1B3/RPb1K1Pb/7r/8 w - - 2 1,2,
9c00f328,6k1/ppQ2pp1/7p/3B4/8/5qP1/PP2rP1P/3R2K1 b - - 2 1,2,
04205bd5,6k1/R4p1p/1p3Pp1/8/8/6P1/1r2r1P1/5RK1 w - - 1 1,2,
709f25b0,r2q1r1k/pp4b1/2n1Qpp1/8/2Bpp3/2N1P3/PP3PPP/R3K2R w KQ - 0 1,2,
5e04e4c6,2k5/pp6/3QP3/3p4/8/1P6/P1rq1PPP/R3R1K1 b - - 0 1,2,
1b486a9b,3r4/pp3pk1/B2p2p1/3P4/1P4r1/b4N2/5P1K/3QR3 b - - 1 1,2,
2915bbc5,8/5k1B/3R1B2/2r3p1/7n/8/1P3PPP/6K1 b - - 0 1,2,
bdfb2af4,r5k1/5ppp/pP2p3/8/2P2qn1/P7/1B2QPP1/3R2K1 b - - 0 1,2,
917941c8,8/1N2R3/r1kb2p1/1p1p4/1P6/3K4/8/8 w - - 4 1,2,
f77c14a2,4Rnk1/p1p2ppp/1p1p4/3P1q2/7Q/1BP5/Pr4rP/6RK w - - 0 1,2,
667b6812,r7/p6B/b1pk4/8/3r4/8/PP3PPP/3RK2R b K - 4 1,2,
ea2edcff,2b2r1k/1pp3pp/3b4/p2R4/4P2q/P1R2B2/1P2QPP1/6K1 b - - 0 1,2,
86f1753c,5rk1/6pp/8/6QP/3Bp1P1/2P1PR1K/q7/8 b - - 0 1,2,
65659f7a,r4rk1/ppqb1p2/4p2p/4P1pN/2p1Q1Pn/8/PP3P1P/R4RK1 w - - 1 1,2,
80f2101d,7k/1bp1b2r/p1n1p2Q/1pPpP2P/3P2Pq/2P5/P7/R4RK1 w - - 2 1,2,
00a87394,6rk/1p2P2p/p2P1p1p/5pq1/3Q4/7P/PP3Pr1/R4R1K b - - 0 1,2,
1886fa53,7k/p3Q2p/2p5/1pNb4/3Pp3/2P2p2/PP3q2/7K w - - 8 1,2,
cab8b898,1Rrk1b1r/1R3ppp/4pn2/4p3/8/4B3/P1P2PPP/6K1 w - - 6 1,2,
cf1c5f0c,2q3k1/4Q3/p5p1/1p4K1/2p4P/P1P5/1P6/8 b - - 3 1,2,
29d84190,r4rk1/2b2pp1/p1p4p/5q2/8/P3PB2/1P1BKP2/2RQR3 b - - 2 1,2,
8bf377b6,6k1/2R3pp/p2rp3/4N3/2p1n3/4P2P/P5P1/6K1 w - - 0 1,2,
d43d5a3d,6r1/3RR1pb/5pk1/p4N1p/1p4P1/2r4P/P5K1/8 w - - 0 1,2,
74f17c61,1r4k1/2R2pp1/8/p2bB2p/P7/6P1/4PP1P/6K1 b - - 1 1,2,
bbe3ff79,rkb1r3/1p4p1/p2R4/2Q4p/8/6P1/PPP2P1P/5K1R b - - 0 1,2,
ba0236d1,2r5/5R2/pp3p2/5P2/4P2K/5k2/P6P/8 b - - 1 1,2,
1bcda9b6,3rb2k/ppp4r/2qp2nQ/8/2P1P3/1P4PB/P6P/R4RK1 w - - 0 1,2,
9253f54a,5rk1/2p2p2/1np2P2/4P2p/q6P/1p6/1PPQ4/1K2R2R b - - 2 1,2,
c02a7255,2r3k1/Q2R1p2/6pp/4q3/8/7P/P4PP1/6K1 b - - 1 1,2,
0ed5aa81,5k2/7p/p2ppK2/5p2/2r2q2/8/8/6Q1 w - - 2 1,2,
79e95a36,2Qbk2r/pp2npp1/4p2p/2NpP3/6P1/7P/PP2q3/7K w k - 4 1,2,
072b52a6,5k2/4p3/3p4/1p2n2R/p7/K1P5/PP3rP1/7R b - - 1 1,2,
b844c0d5,8/1R2pr1p/6p1/8/8/R6P/4krP1/7K w - - 3 1,2,
f26f0fb8,r1b1k3/pp1p1p2/3Pp2p/5q2/3Q2rp/3P2P1/PP3P1P/R3K2R w KQq - 3 1,2,
f7c7e86d,8/5pk1/6p1/2bQ3p/7P/8/q4PP1/3R2K1 b - - 3 1,2,
e333fc30,6k1/1p1bQppp/p7/3p4/1P1q4/7P/2P2PPK/8 w - - 0 1,2,
744f07a6,8/pp3prk/1q1p3p/3PpN1Q/4P2P/7K/P1r1B3/8 w - - 0 1,2,
9d99a06d,7k/p3P2p/2p5/3p2Pq/4b2b/7R/PP1B3K/R5Q1 b - - 0 1,2,
02627455,6k1/1p3pp1/2p1bb1p/r3p3/4B2P/P2R2P1/2P5/3R2K1 w - - 0 1,2,
c227e24e,1r2k1r1/p6R/3pN1p1/8/4P3/2pB4/P1P3P1/2K2Qq1 b - - 4 1,2,
aa73aee4,8/3Q4/4pk2/p2p4/3b2PK/2r4P/P7/8 b - - 7 1,2,
08bd9d8a,r3r2k/pp3pp1/7p/4P2R/3p2Q1/4PKP1/PP1q2P1/7R w - - 0 1,2,
c10d2961,3r3k/R5p1/Pp3p1p/2n5/2P1b1PN/6BP/5P2/6K1 b - - 2 1,2,
689a783f,8/6pk/4Q2p/7K/5PPP/8/2q5/8 b - - 2 1,2,
3bb5c771,1r6/pb2R3/1p4p1/2p5/4pPk1/1B1r4/PP2N1K1/8 w - - 1 1,2,
df255c52,rk1r4/2pQ2p1/pp3b1p/4p3/4P3/1R6/P1q2PPP/1R4K1 w - - 4 1,2,
e20120e4,2rR4/pb3pkp/6p1/4qP2/4P3/2r2BNP/P2Q2K1/8 w - - 4 1,2,
3191b7e8,7k/pBp3pp/7q/2P5/6Q1/5pP1/PP2RP1P/6K1 b - - 0 1,2,
b2943d9d,1k6/3r4/1PpN3R/1b1n4/8/r7/5P2/1R4K1 w - - 6 1,2,
1d07b394,r7/p6R/6p1/5nB1/7P/2P2Pk1/r2R2P1/6K1 b - - 2 1,2,
aa604b12,6k1/1p2B1p1/4p3/3pP1Qp/3Pb2P/3q4/2r3P1/5RK1 w - - 6 1,2,
3e79ebd5,3r4/pQ3pkp/5Np1/2P1P3/3r1PP1/4n3/7P/R6K b - - 0 1,2,
e5a31dfa,3k4/6R1/1p5R/p7/3P4/7P/r2b1rPK/8 w - - 2 1,2,
ca120573,8/ppk2p2/2b1p3/4r3/5R1P/1B4P1/1P3P2/6K1 b - - 1 1,2,
41eaee28,2k3r1/pp1nqp2/2p1b3/3pp2p/7P/PNP1P1N1/1P4BK/R3Q1R1 b - - 0 1,2,
1d30cc3a,8/1r3pkp/3q1r2/1p2R3/2p4Q/7P/1PB3PK/8 w - - 0 1,2,
35eac136,5k1r/5pn1/2p1p2p/3pP1p1/P1pP2K1/2Nb1N2/1R3PPP/7R b - - 0 1,2,
bd457bc2,1k1r3r/1bp2B2/pbn5/1p6/4PpQ1/2P2N2/PP3RP1/RN4K1 b - - 0 1,2,
b331194d,r5k1/ppp3pp/7r/2PpB3/3P1QK1/2Pq4/P6P/5RR1 b - - 8 1,2,
e2460db2,2q3k1/3R1pp1/p6p/5Q2/1r6/7P/6P1/7K w - - 3 1,2,
9f83f6fc,4r2k/p5p1/5n1p/1P6/N2p2n1/1P1QqBP1/P3P1KP/2R1R3 b - - 0 1,2,
32bcaa15,4r3/2q2pk1/2b2np1/1p2p3/2p1P1N1/2P1Q2P/1PB2PP1/r3R1K1 w - - 0 1,2,
09f94fe7,2k5/1p3R2/2p5/3p4/p5r1/6PR/r7/6K1 w - - 0 1,2,
0cf48260,6R1/2r5/5p2/7k/4p2r/8/1KP5/6R1 w - - 2 1,2,
0cb22581,5k2/5n2/5K2/8/8/r7/p7/2R5 w - - 4 1,2,
8d715057,5rk1/p1q2ppp/Bp4b1/2p5/3P2n1/P1P1PN2/1Q1n1PPP/2R2RK1 b - - 5 1,2,
f60c30ae,1r2k2r/3qppbp/p5p1/B1RP4/Q7/5P1P/P4P2/2R3K1 w k - 0 1,2,
c91237d8,6k1/1r5p/6p1/4Q3/2q5/1p4PP/P4R1K/8 w - - 0 1,2,
4f2f6365,8/2R2pk1/5qpp/3Bp3/2Q5/1PP3PP/5P1K/r7 b - - 4 1,2,
b55139a6,5r2/5pk1/R2Q3p/1p2p3/5nqP/6P1/1P2PP1K/3R4 b - - 4 1,2,
1b1bea1d,r3k3/pbqp1r2/n1p1pB1p/2P1P3/6Rp/3B4/1PP2PPP/5RK1 w q - 0 1,2,
298fa05c,4B3/pp5k/4nB2/2p5/2P1bpR1/P1P3r1/8/2K5 w - - 2 1,2,
cf381446,5rk1/5p2/p4qpp/8/P1B1P3/Q5nP/2Pr2P1/2R1R1K1 b - - 0 1,2,
9cb0af6c,3k1r2/1R6/3p1p2/3NpP2/q1PbQ1P1/5P1p/7P/7K b - - 0 1,2,
8f76d08f,r2k1r2/1pp3pp/p1Bb4/6q1/4Q3/2N3P1/PPP2P1P/3bR1K1 w - - 0 1,2,
0813d717,r6r/pppq3p/2nb4/5b2/3P1Qnk/2P5/PP1N2PP/R4RK1 w - - 2 1,2,
2975d746,8/6p1/1k2n1p1/3ppp2/PP4P1/1NPKPP2/7r/6R1 b - - 0 1,2,
f1cf6d1f,1r4k1/1q3pp1/1p5p/2p1Q1n1/8/6P1/4PP1P/1R2R1K1 b - - 15 1,2,
0ca21ef2,8/4R3/8/5pk1/2b1p3/2P4R/5PKP/1r6 b - - 2 1,2,
0eff5ef2,k4r2/p3Q3/8/8/6P1/P7/5bP1/3RR2K b - - 1 1,2,
fc9a7967,8/1kB5/1b2R3/3p2rP/8/8/r7/1R5K b - - 0 1,2,
c1191a6f,1q4k1/2r3pp/4Rp2/p2p4/Q6P/1P3P2/P5P1/7K b - - 0 1,2,
9f091a68,4r3/5q1k/3p2p1/P1pP4/6P1/2BQ4/1P4K1/8 w - - 1 1,2,
e69239b3,4q3/8/6P1/5Q1K/7P/6k1/8/8 b - - 0 1,2,
9813b511,1r1r2k1/5p1p/p5p1/q1pQP3/5b2/1BP4P/PPK2P2/7R w - - 2 1,2,
396e82d1,1r2k1r1/1RQn1pp1/p6p/5Pq1/2RPP3/2P4P/P1P5/K7 b - - 0 1,2,
a6df97a0,r1b4k/p4pbp/1q4p1/5n2/2PN1P2/4Q3/P5PP/3R1K2 w - - 5 1,2,
bc2a4f7c,r1bq1rk1/ppp2ppp/3p1nn1/2bNp1N1/4P2Q/3P4/PPP2PPP/R1B1KB1R w KQ - 4 1,2,
5aa931f4,3r1r1k/pp3p1p/4b1p1/6QN/2P2R2/3pq3/P5PP/1R5K w - - 6 1,2,
206cf530,8/1p1k3p/2q5/4Qpp1/8/P3P1PK/1P3P1P/8 b - - 3 1,2,
f37703c4,r5r1/pkpQ1N2/1p2p3/3p4/3P1p2/P1P4q/2PK4/6R1 w - - 0 1,2,
469549c1,2kr3r/ppp2pp1/2p5/7p/4P1Pq/4PQ2/PPP3P1/RNK2B1R b - - 0 1,2,
54f516b5,1QR5/5p1k/N3p1pP/Pn3r2/4N3/6P1/5P1K/3q4 b - - 4 1,2,
2f2e1e5d,8/1p6/8/1P3p2/5NkP/n1b1P1P1/5P2/6K1 w - - 1 1,2,
6fdd44c5,4r1k1/pp2rpp1/2p2q2/8/3P2p1/P2QP1P1/1P1N1PK1/7R w - - 2 1,2,
96afe0d3,5rk1/pr5p/2b1pPp1/3qQ3/2BpnP1B/1Pp4R/P1P3PP/R6K b - - 4 1,2,
c231f9bb,2kr4/B1b3p1/2p4p/8/2P5/8/P3RPPP/3R2K1 b - - 0 1,2,
b42f4c1e,2k4r/b1p5/p1pqRp2/2Nn3p/1P5N/P2P2rp/2PB1P1K/R2Q4 b - - 1 1,2,
11014c16,r3k2r/ppp2ppp/3pb2q/2N1n3/2P3n1/1P2PN2/P3BPPP/R1BQ1RK1 b kq - 0 1,2,
4b674058,2r2r2/5pk1/1n3R1p/3qP2P/1n1P4/1PpR4/P5P1/K1B5 w - - 0 1,2,
f24cb655,6k1/3R2pp/1q1b4/1p1nr2Q/8/1P4PP/P6K/8 w - - 0 1,2,
9859bd5f,8/p4p1k/6pp/8/2N2b2/1P1r1qPP/P1R2P1K/7Q b - - 1 1,2,
21e382ba,r6k/ppp4r/2n3Rp/b1P2Q2/3q4/2p5/P5PP/5R1K w - - 16 1,2,
3b87c7dd,4r1k1/1rqbQp1p/p2p1Pp1/3P4/1p4P1/8/PPP4P/1K2R3 w - - 1 1,2,
d25153d7,7k/6qp/p5p1/5r2/3Q4/7P/5PP1/4R1K1 w - - 2 1,2,
331150aa,7k/5r1p/1p3P2/2p3K1/6p1/1P3b2/P2R4/8 w - - 0 1,2,
ed2eba8c,1Q6/5pkp/3pp1p1/p7/3P4/4PPP1/1PQ1qn1P/5RK1 b - - 0 1,2,
a3b4b2c8,6k1/2p1rpp1/1p4p1/1n4N1/4P3/P6P/6PK/3R4 w - - 2 1,2,
e624bf26,4r1k1/8/3p2B1/2pnr3/Np1b4/8/PPP3Q1/1K3R2 b - - 0 1,2,
3b8575b7,4r2r/pp4pp/n3N1k1/4Qp2/2P5/8/PKP5/3q4 w - - 2 1,2,
c6e7e3e2,8/pppR4/6pk/1P6/6PP/6K1/1r6/8 w - - 0 1,2,
9b444439,5k2/2p3pp/Nb2Q3/8/q7/P7/5rPP/3R3K w - - 1 1,2,
1eee5579,1r6/kr4p1/pp1p1p2/2pP2p1/2P1P1P1/R4K1P/1R6/8 w - - 2 1,2,
edb6211d,3Rr2k/1p4pp/5p2/p1q5/8/P1PQ3P/4rPP1/3R2K1 b - - 1 1,2,
4bc023ad,2k5/1pp5/p3n1q1/PP6/2P1N2p/2QP1r1P/5Pr1/R4RNK b - - 8 1,2,
78101551,8/R7/6k1/5pp1/5P2/6PK/3r4/8 b - - 3 1,2,
0cb3c9ce,r3r1k1/1p3ppp/p7/2Np1Q2/1P1P1Pnq/P3P3/3BR1K1/2R5 b - - 1 1,2,
b5563f96,r1bqr1k1/p1p2ppp/1p1p1b2/8/7Q/2PB4/PP3PPP/RN2R1K1 w - - 0 1,2,
c8db489d,1r4k1/p1p2p1p/3p2p1/2pP2r1/4P2q/1P4PP/P1Q1R2K/4RB2 b - - 0 1,2,
f180f652,6k1/1p3p2/p1p3pK/3pq3/6Q1/1P4rP/5P2/8 w - - 0 1,2,
f988c99e,5rk1/2p3p1/8/4R2p/p3B3/2P3B1/PPP3rP/2K5 b - - 1 1,2,
7dfcbe9b,2r1r1k1/pb3ppp/p7/2p1R3/2P5/P2q3P/1P4P1/R3Q1K1 w - - 0 1,2,
a9a3dcf8,r5k1/pp3ppp/1n2r3/1B1bN3/3P4/B1Q1P1P1/P2n1P1K/R2R4 b - - 0 1,2,
a3ffe533,8/1q6/p4r1p/1p4pk/8/3Q2PP/7K/8 w - - 2 1,2,
670e61a6,5q1k/Q3R1pp/8/8/8/2P5/P1P2r1P/6K1 b - - 1 1,2,
9b3b6e9f,6k1/q4ppp/p5P1/3b4/7Q/4r3/P5rP/4RK2 w - - 0 1,2,
e94c184f,6k1/1R4pp/5p2/8/R7/4r2P/p5PK/r7 w - - 0 1,2,
dedfaccf,3r2k1/pR3p1p/4p1p1/1P2b3/8/q4Q1P/P5P1/3B3K w - - 1 1,2,
f9bde79a,r4r1k/5p2/4qPp1/1n5p/3P4/4Q3/1p3PPP/4R1K1 w - - 0 1,2,
7076bc49,r2q2k1/1R3pp1/p6p/2pP1Q2/4n3/2P5/5PPP/6K1 w - - 0 1,2,
315dfcd1,3R4/Qp3ppk/6b1/8/6P1/5B2/P4PPK/q1r5 b - - 0 1,2,
bbde5800,5rk1/ppp3p1/8/7r/8/5nNP/PPP2P2/R4R1K b - - 4 1,2,
e744255d,3Q3Q/8/8/5kp1/8/6PK/P2q4/8 b - - 0 1,2,
6315314b,8/1r4kp/p4pp1/2pq4/6N1/5PP1/PQ4KP/8 w - - 1 1,2,
6d89318e,6k1/7p/4p3/R7/2pPp3/4P1P1/1rr4P/5RK1 w - - 2 1,2,
325bfa6f,1rq2rk1/1p3ppp/p2p4/3Bp3/1PP1Pn2/P4N1P/5P2/2RQ1R1K b - - 0 1,2,
233ad81e,2r3k1/5p2/1p2p1pQ/6Np/2Pp4/1r4R1/p3qP1P/R1K5 w - - 0 1,2,
1003f454,2r1k2r/pQ1bppbp/3p1np1/8/1P2qB2/8/P3NPPP/2R1K2R w Kk - 2 1,2,
0d35a698,r5k1/p4p2/8/1q4p1/3Q4/1P2PpPN/P4K1P/3R4 b - - 3 1,2,
9c0776c3,8/8/1p6/pkr3q1/4Q3/5R1P/6PK/8 w - - 7 1,2,
0ef6ad95,3r1r2/5p2/p2q2kp/2p1Q3/1n6/1R5P/5PPK/8 w - - 0 1,2,
2cf77469,6k1/1p2ppbp/3p2p1/p7/PqQ1n3/5P1P/1P1N1P2/R3K1R1 b Q - 0 1,2,
38da6e86,8/R2b1r2/2p3R1/4k1P1/1p1ppr2/1P2p3/4B3/4K3 w - - 1 1,2,
5bbbba61,2k4r/pp3ppp/7q/2p1nN2/3r2n1/1Q3N2/PP2BPP1/R4RK1 b - - 7 1,2,
4d652352,8/6kp/p1R3p1/1p2p2q/1P3R2/P3Q3/B4PPP/6K1 b - - 0 1,2,
28ec9510,6k1/5p2/1p3Br1/pP1pP2p/3n4/8/6PP/2R4K w - - 0 1,2,
f69415b9,4B3/pp5k/3p3q/2bQ4/3np3/8/PPP2P1P/4RRK1 b - - 0 1,2,
b9a8879c,R7/5ppk/2p4p/8/4N1n1/1P3N2/2r3PP/6K1 b - - 3 1,2,
b60cf587,8/pp2N2k/2p4b/3p3Q/8/7P/1q3PPK/8 w - - 6 1,2,
7a9e64de,2kr4/3nn1Bb/2p1pp1p/1p1pP3/5P1P/bPqP1N2/P3Q1B1/1K1R2NR b - - 4 1,2,
de0d1d18,4k3/1B1b1p2/1b1p1B2/5P2/1P4r1/8/8/4K2R w K - 0 1,2,
6ccdd452,r4rk1/1b6/pp3np1/8/3P4/2N1q3/PPQN3P/2K3R1 w - - 0 1,2,
fd1eeb81,2r1r3/3n2pk/p2q2Np/1p1pp3/3P4/1PP5/P1Q3PP/5RK1 w - - 0 1,2,
21014a4c,8/p7/2R4p/r5pk/8/7P/6PK/8 w - - 4 1,2,
c8ca0022,4kb1R/2p1np2/4p3/8/5PNP/6P1/6K1/r7 w - - 1 1,2,
d81f61db,6k1/6pp/R3P3/8/4pP2/2r3P1/2b4P/6K1 w - - 0 1,2,
6e9be0d4,5N1k/ppb2Bpp/2p5/8/P5Q1/2q4P/5pK1/8 w - - 0 1,2,
6e924499,2r3k1/1p3ppb/5q2/3B3p/2P5/4Q3/PP1K4/4RN2 b - - 2 1,2,
45e77291,4r1rk/3R2p1/p4bp1/5nNP/6R1/4P3/P4P2/6K1 w - - 1 1,2,
c27f6eb2,r3r1k1/2q3pp/p3b3/1p2n1B1/4Q1n1/P1P2N2/2B2PPP/R4RK1 b - - 2 1,2,
c7c50cf8,7r/5Rp1/2p1p1p1/3pN3/3Pk3/6P1/PPP3r1/3K4 w - - 1 1,2,
f4f548e0,3r4/p3kp2/5p2/2p1b3/8/4Q3/5PP1/1B5K b - - 0 1,2,
3cdfa3b9,6k1/1p2r1bp/3pN1p1/3pq3/2P1p3/1P5P/P4QP1/5RK1 w - - 0 1,2,
ff835ff8,5rk1/p4r2/1p4p1/2ppB3/5P2/6Q1/PP3K2/7q w - - 0 1,2,
d30f2086,4r3/2k3pp/p1b3q1/P1Q5/1P1R4/2N3P1/1B1P1P1P/1R4K1 b - - 2 1,2,
fe13f2d2,r7/pp1k1r1p/2p4Q/2Pp4/1P3Pb1/6P1/P2K1Pq1/4R3 w - - 8 1,2,
bc0d57ba,2kr4/Qp1r1pp1/p1p1p1p1/q3P3/1R4P1/1nP4P/P1R2PK1/8 w - - 0 1,2,
00078372,8/3b1pk1/p7/3pP3/6r1/1qP5/3Q1KPR/8 w - - 0 1,2,
bf79dbc2,rn3rk1/1p6/3p2pp/pNpPpQ2/P4b1q/3B1P1P/1PP2P2/4R2K w - - 0 1,2,
55e192e6,3r3k/3r2p1/3Np2p/1p2P2b/1P2BQ2/2q4P/5R1K/8 w - - 7 1,2,
b281e858,r6k/3qpr1p/b2p1p1B/p1pP1N1p/2P1P3/P5Q1/5PPP/5RK1 w - - 3 1,2,
26ce8db2,1k6/RNq3b1/2p1p3/1pP1P3/1n1B2p1/3r4/5P2/R5K1 w - - 1 1,2,
37cc852e,4r2k/p2Q4/1p6/2p5/4b1p1/1B3r2/PPP2P1K/4RR2 b - - 0 1,2,
0f03f3e6,2b3rk/4b1q1/1Q6/3Pp3/1P2Np2/5P1p/4BBPP/6RK b - - 1 1,2,
aadf4b05,5rk1/1p3bp1/2pQN2p/5q2/8/8/5P2/R4K2 w - - 0 1,2,
1f9f69f7,6k1/6pp/1p2r3/2p1N1p1/2r5/7P/8/R5K1 w - - 2 1,2,
8687d24d,r2q1rk1/1pp4n/4p1pP/8/2nP1P2/pPN1P3/P1Q2P2/2K4R w - - 0 1,2,
42791f8c,8/5pk1/p3p1p1/1p5P/1P3b1K/P1P2B1P/8/8 b - - 0 1,2,
881f50c6,k4r2/pp4Qp/8/3q1r2/PP3B2/6P1/5P1K/R2R4 b - - 4 1,2,
07f3081b,r4r1k/4N1pp/b4p2/p1pp1P2/P3pQ1N/2q4P/6PK/3R4 w - - 4 1,2,
82751447,r4rk1/pb1P2p1/4R2p/1B2p3/5q2/8/P4PPP/3QR1K1 b - - 0 1,2,
7c0eb13f,r5k1/p4ppp/8/6q1/3pQ3/8/PP3PPP/4b1K1 w - - 0 1,2,
2c23443b,r3r1k1/p4bpp/1p3q2/5p2/2B5/P7/1PQ1RPPP/4R1K1 w - - 2 1,2,
6929afe0,r7/ppNk1Npp/8/4p3/2Qn3q/8/PPbP2PP/R1B3KR b - - 2 1,2,
93fcffd4,1k6/2p5/pp5p/6p1/4Qq2/7P/P4rP1/3R3K w - - 2 1,2,
9d113da0,4r3/5p1k/6p1/7q/8/P2R2Q1/5P2/6K1 b - - 3 1,2,
1566a361,2k1r3/ppp3p1/7p/8/8/1QPqB3/P4P1P/3RKR2 b - - 6 1,2,
692bf85c,1r4k1/4b1p1/R1P2p1p/1P1pp3/3P2qn/3QP1P1/5P1P/1R5K b - - 0 1,2,
ab833e6f,r3k2r/pp2b3/2n5/4Pb2/3pB1q1/1Q1P3p/PP1NN2P/4RR1K b kq - 0 1,2,
e46d98c3,r4rk1/pp3pb1/2p3B1/2qn2Qp/7P/5P2/2P1KP2/3R2R1 w - - 0 1,2,
c087e147,3r2k1/5p2/6pp/1p2B3/8/8/2q2PPP/3R2K1 w - - 0 1,2,
9adf76d7,R7/P5k1/5pp1/4p3/5PKP/r7/8/8 b - - 2 1,2,
4cb0abc5,r2b3k/ppp3pp/4N1q1/1P1PB3/P3p1r1/7b/2Q2PPP/R2R1BK1 b - - 0 1,2,
41539153,2rq3r/3n2kp/p2P1n2/6N1/2Q2B2/P1p3P1/1p3PKP/1R6 w - - 0 1,2,
04407b8f,r3b1rk/1pp1q1p1/3p1p1p/p4P2/2P1P2R/3P1BQP/PP5K/6R1 w - - 10 1,2,
7a380151,6rk/Q2RR1bp/2q3p1/8/5P2/6PK/8/8 b - - 2 1,2,
105c0165,r7/ppp4p/2n2p1k/8/5q2/4R3/PP1p1P1P/6RK w - - 0 1,2,
13f01ace,r2q1bkr/1p1np1pp/p7/1b1p3Q/3P4/2P5/PP3PPP/RNB1R1K1 w - - 2 1,2,
13295202,3r3r/p4ppp/k1p5/3PBb2/4N3/P3n2P/6P1/1R4K1 w - - 0 1,2,
c82944ee,1r4k1/2q2ppp/3p4/n4P2/4Q3/7P/Br1b1PP1/R3R1K1 w - - 0 1,2,
67d7a5af,2r1q1k1/1R2b1pp/r7/3p2Nn/3P4/5P1P/3N2P1/1Q4K1 w - - 3 1,2,
c9f9ad4c,r4rk1/pp3ppp/2p1p1N1/2P5/4n3/3q3P/PP4Q1/R1K3R1 w - - 0 1,2,
d3800605,4rk2/pBQ3pp/2N2p2/2p4q/3P4/2P5/PP5P/2K5 b - - 0 1,2,
fda1728d,1r4k1/5pp1/3q3p/2pP4/2P3nP/3Q4/p1B1RP2/K7 w - - 0 1,2,
07b19003,2r3kb/pp2n3/1q1rp1p1/3p2N1/3P4/2P4Q/PP3PPP/5RK1 w - - 0 1,2,
16532e2f,r2qr1k1/p1p3pp/2p5/2b1B3/8/1P1PpQ1P/P1P3P1/R4RK1 w - - 0 1,2,
cd41d48f,2kq4/P1p3p1/1pQ4p/8/3rp3/6P1/5PP1/R4K1R b - - 0 1,2,
d56973e6,6rk/2p5/pp1p3p/3Pbp2/8/6RK/P1B3R1/2q5 w - - 0 1,2,
e2edf9c5,r3rk2/pp3p1p/4bQpP/3p1qN1/8/8/P4PPK/8 w - - 2 1,2,
3e8f4426,4R3/p1pr2k1/1p4bp/6p1/1Q1P1p2/3q1P1P/PP4P1/7K w - - 3 1,2,
92fa5c21,r4rk1/pB3pp1/7p/2p5/Q2B2n1/4P1Pq/P4P2/R1R3K1 b - - 1 1,2,
58d7f5dc,2r1r1k1/1p2ppn1/3p2P1/8/p1b1PP2/1q6/3BB2Q/2KR4 w - - 2 1,2,
3d3893ae,3r2k1/pp3ppp/8/8/1P1P1n2/P3qN2/6PP/R1Q2K1R b - - 3 1,2,
6d246a04,r2r2k1/pb2qp2/1pn1p3/4P1Np/4QP2/1BP5/P5PP/R5K1 w - - 0 1,2,
b252ce04,6k1/2r4R/b2b2p1/p5P1/1p1Nr3/2P5/PP3P2/2K4R w - - 1 1,2,
96fdc56d,7k/R6p/4r2P/2P5/8/4n1P1/7K/8 w - - 0 1,2,
ebae9135,8/5pk1/6p1/3P3p/2PqN3/Q2B4/Pr4P1/3K4 b - - 3 1,2,
527f91d1,3r2k1/1ppr2p1/1p2b1Bp/1n2Q3/1PN5/P4PPn/1B2P2P/5K2 b - - 10 1,2,
e362f121,1k5r/pp1Rb3/5p2/8/P7/B3q1PB/7K/R2Q4 b - - 2 1,2,
eaecaf9c,1k1r4/7R/3b4/1B6/8/1nP1B3/1P4rP/1K6 w - - 0 1,2,
8db90e62,k2r3r/7P/8/4p3/8/5P2/2R2PK1/1R1q4 w - - 0 1,2,
f9881e36,1r5r/1Rpkb3/4p2p/p2nP3/3P4/P2Q1N2/q2B1PPP/6K1 w - - 1 1,2,
aca2b72b,2r3k1/p4pp1/qp5p/3Q2n1/3R4/4P3/P4P1P/1B4K1 w - - 3 1,2,
d42a7d05,8/8/p4Qpk/2q2p1p/8/P6P/2r2PP1/3R2K1 b - - 2 1,2,
5cd31ef7,4r3/pp3pk1/3p2p1/3Pp3/3nP1N1/1P4qP/P1rQ2P1/4RRK1 w - - 4 1,2,
3207bee7,6k1/1p3Np1/1p2N3/3p3p/1P4rP/r7/2PR2P1/1K3R2 b - - 0 1,2,
aa6d9c96,r1bkr3/1p1pq2p/p7/6Q1/4P3/8/P5PP/5R1K w - - 3 1,2,
f1c4462f,q1Q5/3Q4/4p1P1/5p2/1k5P/4P1K1/5P2/r7 b - - 0 1,2,
04570034,8/1b3k2/4pp1B/7p/4P2P/Q4PK1/8/3q4 w - - 4 1,2,
be97ee76,1bR2r1k/6pp/4Q3/3p4/P2P1p2/1P2P2P/5qPK/5R2 b - - 0 1,2,
6b58f885,3r2k1/pb1nqp1p/1p2p1p1/8/4PPN1/1P4P1/PQ4BP/4R1K1 w - - 3 1,2,
6643aa00,2k2r2/ppp3Rp/8/8/2N1R3/2P5/PPr3PP/6K1 b - - 2 1,2,
abd2e7cd,8/ppq2Bk1/2p3Pp/2PP3r/2P4r/4P3/P1Q2PRP/R6K b - - 0 1,2,
1666f590,5r1k/4qp2/p2p3p/1p3r1N/4P3/P1P1Q1PP/1P6/1B5K w - - 0 1,2,
b5dfd9ab,4kr2/2r4R/R3p1p1/3n1pP1/1p3P2/1Pp5/P1P2KP1/8 w - - 1 1,2,
42419fea,7k/p4p1p/4p3/3p4/2qP4/2P2KB1/8/6R1 w - - 2 1,2,
bd7f9ac9,4r1k1/4p2p/q2p2pB/2pPn3/1p1bPR2/8/1P1N2PP/5R1K w - - 0 1,2,
c5638b25,5r2/k2p4/7K/2P1n3/5r2/8/2R4P/1R6 w - - 0 1,2,
2befb961,r7/pb1nqkpQ/1pp1p2p/3np3/P2P4/2NB1rPP/1P3P2/1R3RK1 w - - 2 1,2,
781046b5,r5r1/6bp/4q1pk/8/N4p2/2P1B3/PP3PQP/2K5 w - - 0 1,2,
ed872afb,3r2k1/1q2n2b/p4R1Q/1p2p2P/2p5/P2P1Rr1/BPP5/7K w - - 0 1,2,
84e81f35,1b6/2k5/2ppB2p/p3p1q1/P3P3/1QPP1pP1/5P1P/6K1 b - - 0 1,2,
cb80c717,8/5Qpk/p1b1pb1p/5p1B/3np3/7P/5PP1/4qNK1 w - - 0 1,2,
55cd359d,6k1/2r3pp/3N1p2/8/r7/2p5/6PP/1R4K1 w - - 0 1,2,
ad5a1c0f,1r3r1k/2RQ2pp/3N4/4b3/pP6/P7/2P3PP/1K6 b - - 4 1,2,
be7e1591,5rk1/R4R2/6Bp/2p1b3/p7/6PP/5P1K/3q4 w - - 1 1,2,
d6f1af9e,8/1p6/1p5R/2p3p1/5q2/1PP3kP/r5P1/3Q2K1 w - - 1 1,2,
25869902,8/4pkbp/6p1/2R1P3/8/2p5/P1P5/2KR1r2 b - - 2 1,2,
d2b100e4,4r3/ppr5/3p2k1/3P4/q3P3/2PR4/2PK4/5R2 w - - 0 1,2,
cc3574cc,5r1k/pp6/1q3np1/2nr1NQ1/4p3/2P5/PP3PP1/1R2R1K1 w - - 0 1,2,
15f57ae1,1k1r1b1r/2pq1pp1/Q2p3p/2B5/1n2P2P/5P2/PPP3P1/2K4R w - - 0 1,2,
6e35cfea,8/6pp/4Qb1k/1pp5/8/5P2/3q3P/6RK w - - 3 1,2,
8025d863,r2q2k1/1R4bp/4p1p1/1p1p4/1BnP4/P3PQ2/1P4PP/6K1 w - - 1 1,2,
8ae1ea42,4r1k1/pp3p1p/1q4p1/3p4/8/P1P2NQ1/1P1RrRPP/6K1 b - - 0 1,2,
50c9f162,r1b2rk1/pppq1n2/1bnp1P1p/7Q/8/5N1P/PB3PP1/R4RK1 w - - 2 1,2,
729d9610,Qn4k1/p1pN1p2/5bpp/2q5/4P3/2P2N2/r4PPP/3RR1K1 b - - 2 1,2,
c1fc7371,R3q1k1/5rpp/3p4/2r3P1/1p6/8/1PP3PP/5R1K w - - 2 1,2,
177d12c8,r3r1k1/pp1b1p1p/n5p1/2pP4/2B3n1/PPN5/3BNPPq/2RQRK2 b - - 3 1,2,
864dad2d,4k2r/4p1b1/p2P2pp/q7/6P1/1p1PB2P/1P1Q4/1K2RR2 b k - 0 1,2,
b17d4332,4r1k1/6p1/pp3b1p/2p5/P2r1N2/1P3qP1/2Q2P1P/4R1K1 w - - 0 1,2,
72ec9e66,8/7p/4R1pk/p1pr3P/P7/6Q1/3q1PK1/8 w - - 0 1,2,
e1934451,1r3kr1/2p2p2/p3bRp1/3pP1Pp/q2P3P/P1NQ4/KP6/5R2 b - - 1 1,2,
9fc14e3f,3r2k1/2Q2pp1/4p2p/8/8/2P4n/PP3PP1/4RKNq b - - 1 1,2,
1f17c8ff,1r6/2p2p1k/2p1qBp1/p2r2Qp/8/1P5R/K1P2PPP/8 w - - 1 1,2,
a741085a,r6k/4P1pp/p7/8/1pB5/8/PPP3Pq/2KR4 w - - 1 1,2,
ecb8ecd0,r4k2/2p4Q/2p5/4q3/1p2N3/3P3P/1PP1R1P1/7K b - - 0 1,2,
43d4a4b4,7k/6p1/6Pb/2p5/1pB2q2/p7/2P3P1/4Q1K1 w - - 2 1,2,
5b982dc6,4r1k1/Q1p2pp1/2p3q1/4rN1p/8/2P5/PP3PPP/R3R1K1 b - - 0 1,2,
b942e414,5k2/6pp/1p2Qp2/p7/3r4/PP2P1P1/4q2P/2R3K1 w - - 0 1,2,
f37a4462,6k1/6p1/3Q3p/ppR1P3/2b2P2/2K5/PP2qP1P/8 b - - 8 1,2,
d772fe9c,r1bq1rkn/2b3p1/2p1pn1p/p5NP/1p1P4/1N1B2P1/PPQ2P2/2KR3R w - - 0 1,2,
fde338b4,4r1k1/5pp1/1p5p/p7/3P2Q1/1PR2pP1/P4Pb1/6K1 b - - 0 1,2,
f10051d1,6k1/ppp2ppp/2n5/3Q4/3P4/2P3qP/PP4P1/4rRK1 w - - 0 1,2,
6ec61d10,3kr3/4nQ1p/4p3/3pP3/8/2R4P/rq3PP1/2R3K1 w - - 0 1,2,
8440abf0,8/5Rpk/1p5p/p1p2PrN/n2p4/8/5P1P/5K2 w - - 1 1,2,
aa1b6837,2R5/pp2p1kq/3p1p2/3P2p1/P2B4/1P4K1/4QPP1/8 b - - 4 1,2,
1842d3f6,2r4k/5Ppp/8/4p2P/P5P1/p2R1P2/P1q5/K1BR4 b - - 1 1,2,
c917e927,8/7p/8/1Bp2k1K/3b1P2/3Pp1P1/4R3/5r2 b - - 2 1,2,
8ad63b7e,6k1/p4p2/6p1/3pB1Q1/3P3K/1q5P/5r2/8 w - - 0 1,2,
070b47ae,R7/p1p2pkp/3b4/8/8/7P/r1P1RPP1/6K1 b - - 1 1,2,
ebcbd036,1r6/b5R1/2kp1N1p/P3p3/2P1P3/3P1N2/5PPP/6K1 b - - 0 1,2,
1989cb32,7k/7p/6p1/p1b1p3/B3P3/P4Q2/K1P1nP2/2q5 w - - 0 1,2,
cc21c76d,q3kr2/pR3pQp/3Pp1p1/4P3/1p6/1P1P2P1/P4PKP/2r5 w - - 4 1,2,
c1cf69b0,2q3rk/6p1/3Q3p/5p2/7R/6PP/5PK1/8 w - - 2 1,2,
63e7561b,7k/1p2pp2/p2p2p1/1q1n1NQ1/3P4/6P1/PPr2PK1/8 w - - 0 1,2,
0f4612f4,1r3rk1/6pp/2Q1p3/P1P1N2b/3P1P2/4P1Pq/R4R1P/6K1 b - - 6 1,2,
6fe04cf4,2Q5/p4qk1/4P2p/3p2p1/8/2P4P/Pr3PP1/R5K1 b - - 0 1,2,
33529a69,3r3k/ppp1R2p/6p1/4N3/2B5/P4bP1/1PPb3P/6K1 b - - 1 1,2,
633edc85,r5r1/pNp2k2/5pqp/8/Q4P2/3b4/P5PP/K3R3 w - - 0 1,2,
2dfc08cb,5r1k/p1p4p/1pq1p3/7P/6R1/2P3Q1/PP6/1K6 w - - 1 1,2,
118f2ce7,6k1/3R4/7p/1Pn3r1/2P2K2/8/4r3/R7 w - - 3 1,2,
91091b1e,4k3/3b1p2/4r3/2Q5/1p3B1K/5PP1/PP2r2P/8 b - - 12 1,2,
8775cf1d,6nr/p4R2/k3p3/2KbP3/PP3P2/8/6p1/8 w - - 2 1,2,
2abd2731,1k6/1p6/3p2B1/KPnNr3/5rP1/8/8/3R3R b - - 4 1,2,
001030f0,4rrk1/p2nq1pp/2p5/P1Pp4/3P3P/7P/3NB2B/R2QK2R b KQ - 0 1,2,
dcc9de5f,7k/p5pp/2p5/6Q1/4P3/2P2r1P/P3q3/R1R3K1 b - - 5 1,2,
0c0b86c0,r4r1k/ppp5/2b1R1Q1/2q5/8/2P3N1/PP3PPP/R5K1 b - - 0 1,2,
cc02bdc9,Qnk1r3/1pp2p2/P2b4/3P3p/B7/P3q3/2R3P1/3R3K b - - 3 1,2,
a7280b32,2bk3r/Q4P2/5q2/3p2Np/p1pP2nP/B1P3P1/2P2P2/R5K1 b - - 0 1,2,
bad694a8,5k2/5p1p/p1p3p1/3p2B1/2n2P2/2P4P/Pr4P1/4R1K1 w - - 6 1,2,
f7d765e0,1R2B3/P3k1p1/3r4/8/4n1PK/7P/8/8 b - - 2 1,2,
c53a7777,3R2nk/5Qp1/7p/8/4P3/r6P/2r2PP1/5K2 b - - 4 1,2,
b4142418,3Q1rk1/6pp/p1B5/4p3/5b2/P6P/1P2qPK1/8 w - - 2 1,2,
dc2a9015,Q7/5npk/6qp/8/5n2/5Q2/5PP1/5K2 b - - 3 1,2,
d31af9b7,r1br2k1/p4p1p/1pp3p1/2q1p3/4P3/1B2NQ2/P1P2PPP/1R4K1 w - - 0 1,2,
5b2c3518,r3k2N/ppp1q1p1/7p/3B4/4P1P1/3Pb3/PPP4P/R2QK2R b KQq - 0 1,2,
1020e35b,4B1r1/1kp5/1p2b3/1P1pBnp1/3P4/6P1/3K4/R6r w - - 0 1,2,
a3a6b579,r6r/pR2R2p/6p1/5bBk/2P4P/3n2K1/P7/8 w - - 4 1,2,
bc091c3f,7k/5p2/2rr1np1/2p2NQ1/3Pq3/2P5/7P/5RK1 w - - 0 1,2,
d4e06756,r2qr3/p1pb2kn/1p5p/3pN1p1/3P4/4P3/P4PPP/1Q2K2R w K - 0 1,2,
ac15c93f,8/pp2k2p/4pp2/3n3P/3Nq3/1P6/P2R1QP1/3K4 b - - 2 1,2,
3fef6ef6,r2k4/pb1p2p1/1p1P1r1p/8/8/8/PP2QPPP/6K1 w - - 1 1,2,
eba8a72c,2R5/3Pk3/3rP3/1pK5/1P6/P3R3/4b1r1/2B5 b - - 4 1,2,
ba86730d,6rk/1p6/2p4p/4R2n/4QP2/P3Pq2/5PRP/7K b - - 2 1,2,
f886c92c,8/6k1/1P1R4/2P3p1/2BPb2P/4p1K1/5r2/8 b - - 0 1,2,
e8fe67aa,r4r2/pp4Q1/3k2Bp/2Nb4/1P1p1q2/P7/2P2PPP/1R2R1K1 b - - 0 1,2,
a3d2d297,Q6B/2R1bk2/5p1p/4n1p1/4P3/2P3Pq/Pr3P1P/3R2K1 b - - 0 1,2,
31d9ca1f,8/5pk1/6p1/4p2p/1P1b2N1/7P/3Q1PPK/q7 w - - 0 1,2,
c953dafc,2rq4/pp1b1r2/1k3b2/3p1p1P/5Q2/P2B4/1P3PP1/1KR5 w - - 5 1,2,
215bb7f0,8/R5p1/3P4/4pk2/7K/3r3P/8/8 b - - 4 1,2,
8e4c4ae8,4r1k1/1Q3p1p/P2p2pB/1Bp4q/6n1/6P1/5PP1/R5K1 b - - 4 1,2,
1336788c,rnb3k1/pp1p2bp/4N1p1/1P1q4/2P1P2P/5R2/6P1/5R1K w - - 0 1,2,
4fe6d63a,r1b1r1k1/pp4BR/3p1Pp1/1N1P2P1/P4P2/2P1pn2/2q5/n4K2 w - - 0 1,2,
a999049b,1b6/p4pk1/3q2pp/8/8/2PN1Q1P/PP1r1PP1/3R2K1 b - - 6 1,2,
977d52cd,3q1k2/p3N1p1/7p/2p5/8/1Q6/PPP2PPP/3r1RK1 b - - 0 1,2,
f4d28760,6r1/5p2/pp2kP2/3Rp1p1/1b2N1K1/1P6/1Pr5/3R4 w - - 3 1,2,
8b3340cc,5rk1/Q2R1p2/1p4pp/4b3/8/5R1P/q4PP1/6K1 b - - 0 1,2,
8ea0908f,3r2k1/p4rp1/1p4R1/2p2pQP/4p3/2Pq4/1P3P2/2K3R1 w - - 5 1,2,
4534d657,8/k7/P3P3/3Q2B1/3p4/3P4/1rr3PP/6K1 b - - 3 1,2,
0ca45b87,rn5k/1p2q1rp/5b2/p2Qp3/8/1B5R/PPP2PP1/2K4R w - - 1 1,2,
8b685f10,2b1n1k1/7p/pp4pQ/6N1/P7/5P2/2r2qP1/7K w - - 0 1,2,
7db3692a,8/4Npk1/br1R1p1p/2r2PpP/4P1P1/P7/3R4/K7 b - - 0 1,2,
ff40495b,r4r1k/p2R1Qpp/1p6/2p1q3/8/2P5/PP4PP/5RK1 w - - 3 1,2,
bb71d4f6,r3qn1k/pp5p/2pQ2pP/3p4/8/2P5/P1P5/1K3R2 w - - 6 1,2,
4de41f55,6r1/PQ6/7k/1P1P2p1/8/6PK/1B2r2P/1R6 b - - 0 1,2,
26ec8a7f,r7/4kp1N/1pp3p1/r2P2n1/8/4P2P/1BQ2P1q/1K4R1 w - - 0 1,2,
aca8b54d,6k1/p4pp1/b5rp/8/2PNr3/1P2n3/PB4P1/RN2R2K b - - 8 1,2,
367b2fca,1k5r/p1RQR1p1/8/5p2/3p4/P2P2P1/2P3K1/1q6 b - - 8 1,2,
3f73c79a,4r1k1/7p/3Q2p1/1p6/r1pR1n2/8/PP3PBP/4R2K b - - 0 1,2,
5d7c67c7,2rr2k1/pb3ppp/1p1q4/3P1Q2/8/3B4/Pb3PPP/3RR1K1 w - - 0 1,2,
ad4e8068,r3r1k1/1R4p1/p2p3p/1b1P1p1Q/4p2P/6PK/q7/3R4 w - - 0 1,2,
f1d8682c,6k1/p2Q1pp1/7p/8/8/3P4/P1r1qPP1/R3R1K1 b - - 0 1,2,
812c7b3f,8/1p3r1k/p5p1/7p/4Q2q/1PP4P/1P2R1KB/4Rr2 b - - 11 1,2,
5a3f2c28,2n5/p1q3bk/1p4pp/1Pp5/P1BpP2N/1Q5P/5rP1/R6K w - - 0 1,2,
8c9dc73c,5r1r/2p1k1pp/pp6/2b5/3N4/1Q6/PP3PPP/6K1 w - - 4 1,2,
6ec46dc4,5k2/6pQ/2p2p2/3p4/3P2qP/8/r5P1/4R1K1 w - - 1 1,2,
8a166fa3,1Q6/p1p1kpp1/1p1b1q2/4r3/8/2NB3P/PPP2PK1/R4R2 b - - 0 1,2,
2396ac81,1k5r/2p2p2/Bp1p4/3P2r1/4Pn2/5QP1/PP3P1q/R1R2K2 b - - 10 1,2,
692034c0,r4rk1/ppp2ppp/1bnp4/8/PPBPP3/2N1PN1q/R3K3/3QR3 b - - 5 1,2,
76630cda,6k1/1R1R1p2/3pnQp1/7p/4PP1K/2r4P/6P1/2r3b1 b - - 7 1,2,
ed877c3f,7k/6p1/1p3q2/p1pP1Br1/P1P2Qp1/6KP/8/8 w - - 0 1,2,
cd73a9d7,6k1/3r1pp1/4p2p/p2n4/3r4/P6P/6P1/1QR4K w - - 13 1,2,
32f35053,2k2b1r/Rp2r2p/1Bp2pp1/3p4/3Nn3/6P1/KP2P2P/8 w - - 0 1,2,
d203b28e,8/4QN2/5pk1/4p1n1/7p/P6P/r5PK/8 b - - 0 1,2,
e40ae16b,4r3/p1p2k2/2R5/1p6/1P1N4/2P5/r3RPP1/5K2 b - - 0 1,2,
be50a34e,7r/2r1k3/p3b2p/2qRQ3/1p2B1pP/8/PPP5/1K4R1 b - - 0 1,2,
94b0677e,5r1k/1pp3pp/1b1p3r/p7/P7/2P1PnNP/1P3P2/R1BQ1R1K b - - 0 1,2,
e284b7be,6k1/5p1p/2N3p1/8/2R5/2n2B1P/2r2PP1/5K2 b - - 0 1,2,
d4ca2b8c,r1b4k/1p3rpp/p4p2/3QPBq1/5n2/7P/PPP3P1/R4R1K w - - 0 1,2,
bf71c732,4r1k1/p1pb1pp1/2p5/7p/7b/1BP1PK2/PP1N2PP/R7 b - - 1 1,2,
057d3cf8,4r1k1/2q1rppp/2N5/3n2Q1/p2B4/Pb6/1P3PPP/R3R1K1 b - - 0 1,2,
560b3a80,8/p4Q2/5bp1/3P4/b1r3kP/5qB1/P4P1K/8 w - - 0 1,2,
9414ec37,4rrk1/p5p1/2p4p/8/3P4/2N1nqP1/PPPQR2P/R5K1 b - - 3 1,2,
b8e8c02d,5r1k/p3r3/1p3Np1/2q1PQ2/3p4/8/PP5P/6RK w - - 0 1,2,
eb21d81d,8/Q7/3q2p1/3p1p1k/2p1p3/2P3PP/1P5K/8 w - - 0 1,2,
a2a122aa,6k1/2p2pp1/7p/4pP2/4n1P1/2q4P/p6K/R1Q1N3 b - - 3 1,2,
89bd1b61,8/3r1k2/4R1p1/4KpP1/2pP1P2/1rP5/8/2R5 b - - 0 1,2,
aa70c5f2,6rk/6p1/p2q1bQp/1pp1n3/3p4/1P1P3R/1PP3PP/5R1K w - - 4 1,2,
beaf0f58,2k5/p2r3p/1pp1rp2/3p1b2/P2P1B2/2P3P1/1RP2P1P/4RK2 b - - 1 1,2,
0bbac41c,r2q1bkr/p1pnp1pp/1p1p4/8/3P4/2P2Q2/P1P2PPP/R1B1K2R w KQ - 1 1,2,
c5c3da99,3k4/5pp1/Q3p3/1p1pP3/2p1q3/2P5/PPR5/K4B2 b - - 0 1,2,
2e24c331,6k1/p3rpp1/4b2p/8/4B3/r3P3/5PPP/3R1RK1 w - - 0 1,2,
3b19875a,7k/7p/1p3R2/p2Qp1q1/7p/P3PP1P/1Pr3PB/4K3 b - - 2 1,2,
b5a7e1ce,3r4/4kp1Q/p3p1p1/5PP1/6K1/3r4/P7/4R3 b - - 0 1,2,
57abb19e,7R/3rk1p1/2Q5/4B1p1/1P6/4KP2/q7/8 b - - 0 1,2,
4e4e5d6e,1q5r/1Q5p/8/k1bPp3/4p3/r7/P4PPP/1R4K1 w - - 4 1,2,
d4a2cb8b,r2b1r1k/pp5q/6p1/2NQ2P1/1P1PpPn1/P4BP1/1B3P2/2R1R1K1 b - - 0 1,2,
bb947360,8/1R5p/3b2pk/8/6PP/5K2/1pr5/8 w - - 0 1,2,
9fff81ab,7k/6r1/8/p1p2Q2/4P3/2NP1RqP/PPP5/1K6 b - - 0 1,2,
81a3a963,1k4rr/p1pp4/1p6/8/1P2Q3/2P2p1P/P2P3K/R1B1bR2 b - - 3 1,2,
575293a2,3rr1k1/1p4p1/p3pPb1/1pP1q3/1P6/P1n4Q/5PK1/7R w - - 0 1,2,
9a5157e5,6k1/1q3ppp/4pn2/8/2r3P1/2NQ3P/2PP1P2/r4RK1 w - - 0 1,2,
402a2d22,6rk/1pq4p/p7/3Q4/8/1P3NP1/P1P5/R3R1K1 b - - 0 1,2,
1a962516,3q1rk1/2Q2p1p/3pp1p1/3P4/4P3/5P1b/P4P2/R1R3K1 b - - 1 1,2,
9474ddae,6k1/Q3Rpp1/3q3p/8/8/7P/Pr3PP1/6K1 b - - 6 1,2,
9289b099,5R2/7k/8/2p5/p1Qp4/Pp6/1P3q2/K7 b - - 0 1,2,
087e1d39,4r3/ppp2k1p/5n2/2P5/1P3R2/P1P2P2/2b3PP/R1Bn1K2 b - - 2 1,2,
a403c8c6,4Qbk1/4p3/4p1B1/4P3/7p/p3q2P/P5P1/7K w - - 0 1,2,
d5607c3a,5rk1/2N2pb1/8/3pp2q/3P3Q/4P1Pp/PP3P2/4R2K b - - 1 1,2,
82d0af99,5r2/2qn1k2/3p1B1p/p1pP3b/PpP1PP2/1P4QP/3N3K/8 w - - 0 1,2,
a97837fc,8/5Bpk/p4n2/1p6/P7/3R4/1rp3P1/6K1 w - - 0 1,2,
283309e8,4rr1k/p5p1/2p3P1/3bQ3/8/2P4P/P1P5/2K5 w - - 0 1,2,
e9380be3,2kr4/p1p2p1p/2p5/4P1P1/5Bb1/1NPrb2P/PP4P1/R3KR2 b Q - 0 1,2,
b803cd6e,3r1bk1/2Q2ppp/p2p4/1p4q1/3Pb3/1B5P/PP3PP1/R5K1 w - - 0 1,2,
09a339dc,2k4r/ppp4q/5p2/3PnP2/8/1P1P1NP1/P4PB1/R2Q1RK1 b - - 0 1,2,
51bdc6a0,r2qr1k1/pppnb1pp/3p3B/n7/3PP3/2P2Q1P/PP1N2P1/R4RK1 w - - 2 1,2,
f8fe07a7,r1k4r/p1p1Rp2/2p5/2Np4/3P2p1/6Pp/PPq2P1P/4R1K1 w - - 10 1,2,
40bc1ccd,7k/p4p1p/8/8/3P4/2P2P2/P3rqQ1/2N3RK b - - 0 1,2,
010846bd,3r2k1/1p3pp1/p1b4p/8/7P/1N2B1P1/PR3P2/6K1 b - - 0 1,2,
87b547eb,1k2r3/ppp4p/6n1/8/Q3r3/P4q1P/1K6/4R3 w - - 0 1,2,
2d306975,6k1/1r3pp1/2R5/8/p7/3r4/PP3K2/7R w - - 3 1,2,
045c3968,4r1k1/p5pp/q1p5/3p4/3B4/P1P2Q2/2P3PP/4rRK1 w - - 0 1,2,
de236005,5r1k/p5pp/4Q3/8/3P1p1B/2N1p2P/Pq3n1K/1R4R1 b - - 2 1,2,
debb35e1,5qk1/p4p1p/n3p2Q/3p3N/3P4/2p4P/PP4K1/8 w - - 2 1,2,
32e80817,r3kb1r/ppp1pppp/8/1N5q/1PB3n1/3P4/P1P2P1P/R1BQR1K1 b kq - 1 1,2,
447b2d6f,1r3r1k/p1pn1p2/4p3/4P3/1p1P4/3B2P1/PP4Q1/1K5q w - - 0 1,2,
8afa3c22,r2k4/ppp2QBp/2q3p1/8/1P1P4/2P1Pb2/P4P2/2K3R1 b - - 0 1,2,
d50a26f0,8/4r2p/7k/6R1/5PP1/1B5K/P1Pr3P/8 b - - 0 1,2,
73fe67f6,4r1k1/ppb1qp2/2p2np1/6Q1/7B/1PN2N2/P2R1PPP/6K1 b - - 4 1,2,
6f776268,8/8/2P4R/4B3/4bPr1/4k3/8/5K2 b - - 0 1,2,
45362cb5,8/Q7/5ppk/4b2p/PP1n3P/7B/2rR2P1/7K b - - 0 1,2,
fce2d645,3r2k1/5pp1/p1Q4p/4q3/8/4P3/PPRr1PP1/2R3K1 b - - 3 1,2,
d3ab69b4,kr6/2R4p/1r4p1/8/3K1P2/8/7P/1R6 w - - 0 1,2,
81d9c517,3r4/pp5k/6p1/7p/5Pq1/2Q4b/PP3P1P/4R2K w - - 4 1,2,
fe0075d5,8/4k3/6Rp/p1p1P3/r1P1R1P1/8/2r3PP/6K1 b - - 0 1,2,
39105e94,6k1/2R3pp/4p3/3pN3/4n3/4P3/q4rPP/5RK1 w - - 0 1,2,
73e9e715,8/8/3R1p2/4kN2/1p4P1/pb4KP/1r3P2/8 w - - 4 1,2,
37329dd7,Q5rk/2pbn2p/3b4/8/3P1p2/1PBKP3/2P5/8 w - - 0 1,2,
ed64ad9d,1k1r1b1r/pp2Np2/4qp2/4p3/4N3/2R1PQP1/1P3PKP/5R2 b - - 0 1,2,
38b6e869,r4rk1/p5p1/8/7p/3pN3/3PnqP1/PP1QR2P/2R3K1 b - - 1 1,2,
e1ce236c,r6r/p6k/2NbN1pp/1p2p3/6n1/8/PPP3PP/2K2R2 w - - 0 1,2,
7df25496,r4r1k/1p6/1Pp1p3/2PpN2p/p2Pn3/P2Q2pP/5RK1/6R1 b - - 0 1,2,
b4e44bed,5rk1/p5pp/1p3q2/P1pP4/2P1P3/3N2Pb/1Q5P/R5K1 b - - 2 1,2,
d651fb03,r3r1k1/5pp1/p1nb1q1p/1p5b/3pQ3/2P2N1P/PPB2PP1/R3R1K1 w - - 0 1,2,
0825af0f,r2q4/pppb1pkp/2nP2rb/1B4Np/3P3P/5Q2/PPP3P1/2KR3R w - - 2 1,2,
84f780e8,8/7p/Pn4p1/1R6/1B2k3/P2rp3/6PP/6K1 b - - 0 1,2,
196e325a,2r3k1/1p3ppp/1P6/pQqp4/P2NpP2/3nP3/3P2PP/R5K1 b - - 0 1,2,
93a69535,2b2rk1/1p2R2p/8/p5p1/1nP2N2/1P5P/3r2P1/1B3RK1 w - - 0 1,2,
62b0c3ea,1k1r1r2/pp5p/1N6/PP6/4Q3/8/5qPP/R3n2K w - - 2 1,2,
a70bf0d0,1R6/2p3pk/p6p/2P2p2/8/P2r3P/3qr1P1/5Q1K w - - 4 1,2,
5127368b,7r/p5pq/1p1Q1pk1/2p5/2P1P3/1P2B1P1/P2R4/6K1 b - - 0 1,2,
5fa4bf01,5r1k/pQ6/2p1q2p/3P4/8/4r2P/PP4P1/3R2RK b - - 0 1,2,
4c2d7194,1r1q1rk1/1bpp1p2/p4P1p/1p1RP3/4Q3/7P/P5P1/bN4K1 w - - 1 1,2,
668c9fc3,8/4Qp1k/5qp1/7p/8/7P/r4PB1/4R1K1 b - - 7 1,2,
69a57959,8/4r2p/2p5/2P3PP/pk1N4/3P4/B1P5/1K6 b - - 1 1,2,
2200b411,r6r/1p1k2pp/p2ppb2/4pP2/2R1P1P1/8/PPP4P/2KQqB1R b - - 2 1,2,
d68f35a1,6r1/pk6/2pb1p2/5P2/1PQP4/6rP/3B1R2/1R5K b - - 0 1,2,
1c11d43a,5rk1/7p/4R3/8/6q1/2P1Q3/7P/7K b - - 3 1,2,
f7ef72e3,5Q2/k1p3r1/1p1p4/1P1Pp1q1/4P3/2RP3p/6P1/6K1 w - - 2 1,2,
3389992c,8/5N2/R5pp/4bp2/5k2/7P/2p2KP1/2r5 w - - 8 1,2,
59c10033,k7/pp4p1/2P5/5p2/1q3B1P/bB4P1/P4P2/K2Q4 b - - 0 1,2,
cd4b917d,1k6/1pp5/p6p/3r2p1/3B3b/5P2/PPP1R2K/8 w - - 0 1,2,
c8ec180e,r2qk2r/1pn1bppp/2p1p3/2Pp1b2/3P2PP/P1N5/3BP3/R2QKBNR b KQkq - 0 1,2,
95604338,8/5R2/3qr1p1/pp2N3/2pPb1pk/P1P4P/1P5K/5R2 w - - 0 1,2,
e6ef8e10,2kbQ1nr/ppp3pp/3pP3/8/3P2K1/2P5/PP4P1/RN3q2 w - - 8 1,2,
baeea8d9,8/k5pp/8/P7/2pN2Pr/8/r7/1R4K1 w - - 2 1,2,
f4861daf,6rk/1pR2Q1p/p7/5pp1/5P2/6PK/Pq5P/5R2 b - - 1 1,2,
f004072f,6k1/pQ6/3q1p1P/4r1p1/8/2P5/PP2p3/1K2R3 b - - 0 1,2,
2155e64a,6k1/pp1q1p2/3p4/3P3Q/5R1P/1P3P2/P1r5/5K2 b - - 0 1,2,
8e51040a,3r3k/p3Np1p/1p4p1/2n5/8/2P1K1Q1/5PPP/3q4 w - - 0 1,2,
3bc95138,8/8/3NR3/3p1pk1/3bn1r1/3B1K2/8/8 w - - 5 1,2,
37144c6b,8/2RR1pk1/6p1/7p/4P2P/4rPP1/6K1/4r3 b - - 14 1,2,
917d20e0,1k5r/pp3ppp/5n2/8/2R3B1/P6P/r4PP1/2R3K1 w - - 4 1,2,
ff18a406,3R4/5p2/3Nk2p/1pp3p1/7n/2N2PKP/5P2/4r3 b - - 13 1,2,
c9a7036b,r3r1k1/1p3p1p/p5p1/8/P1B2QP1/7P/5PK1/4q3 w - - 0 1,2,
db2cedda,rn4k1/p4ppp/2p5/3pq2P/4n1Q1/1PR3P1/PB3P1K/8 w - - 1 1,2,
254dc08c,7r/5kp1/p3p3/P2p1pQ1/1P1P4/1q5P/5R1K/4R3 b - - 0 1,2,
b433c01c,2k4r/nppr1pp1/p6p/3P1B1n/3P4/PP2RP2/2QB1P1q/2R2K2 b - - 3 1,2,
8347b2e3,3QQ3/p6p/6pk/3P1p2/4qP2/4b1KP/P7/7R b - - 1 1,2,
08ac3b0b,6k1/6p1/2b5/5qN1/7Q/7P/6P1/7K b - - 2 1,2,
f8547438,r2r2k1/p1R2pp1/1p5p/5b2/5q2/3p1P1P/Q5P1/7K w - - 0 1,2,
3c2157db,6k1/p5p1/6P1/4r3/2P1n3/P3p2P/1r2B2P/3RK3 w - - 0 1,2,
9ee6564c,8/6p1/7p/8/5K1k/8/4p1r1/4R3 w - - 0 1,2,
7ff769df,3r2k1/1p1rqpp1/1n2p3/p3P3/2PnQP2/1P3N1R/7P/2R3K1 w - - 0 1,2,
62ae9e6d,5q2/1p3r1k/pRp3p1/P3Pr1p/3P4/2P5/2Q3PP/1R4K1 b - - 6 1,2,
c6a6a2e2,6k1/5r2/4Qpb1/8/7R/7P/6PK/3q4 w - - 2 1,2,
88a1251c,r6k/2q4r/p6Q/8/5R2/7P/P5P1/7K w - - 13 1,2,
27f8b954,2R1r1k1/5ppp/1p2b3/p3N3/1q3P2/5Q2/PB4PP/4R2K b - - 0 1,2,
f62e67a8,4rk2/b4p1p/p4R1N/1p4n1/1Pp5/1Br4P/P5PK/5R2 w - - 0 1,2,
02e57451,rr6/6k1/q1PP1p1p/4p2P/6p1/1pQ5/P4RP1/KR6 b - - 3 1,2,
40ca8b23,6rk/p1q4p/1pP1pp2/1Q1p4/3P4/P5RP/7N/5RK1 b - - 0 1,2,
71130b24,4rrk1/p4p1p/5P2/2pP3Q/1pPp3p/3P3b/PPB2q2/3K4 w - - 0 1,2,
09c58296,r4k2/pp3p1Q/2p1pPn1/8/1b1P1q2/8/PP6/1K5R w - - 0 1,2,
60d764ee,2r3k1/p5p1/7p/3PRQb1/2r5/7P/q4PP1/4R1K1 w - - 0 1,2,
b39d043a,8/8/p4k1p/1pr1pP2/PP1pK3/3P1R1P/2P3r1/2R5 b - - 0 1,2,
e56d1251,4r1k1/6p1/2Bp4/8/Q1P5/4q2p/7P/3R3K b - - 0 1,2,
8c1590a6,8/5R2/1b4pk/8/1p3KP1/1B6/2P1r3/8 w - - 1 1,2,
50530282,2r2r1k/1p2Npb1/p2p2p1/q3p3/4P1Q1/P3n2P/6P1/5RK1 w - - 0 1,2,
aec2ead9,5r1k/1p3p2/5N1p/3pK1p1/1P6/3B1r2/8/7R w - - 6 1,2,
feeeb2e5,5k2/p1p2pp1/3p3N/4b3/2q1P1Q1/6P1/P1P2PKP/1r6 w - - 1 1,2,
2345b67a,6k1/pp3p2/6p1/3rR3/8/1P3b2/PB4pP/6K1 w - - 0 1,2,
2355fcb7,rn2r2k/ppp1P2p/2qp1pn1/b5B1/4P1Q1/2P5/PP1N2PP/R6K w - - 0 1,2,
e8ec9f0f,3r2k1/5p1p/6p1/1b6/1p1r1Q2/1B2nP2/1PP3PP/6K1 w - - 0 1,2,
4bcdc805,4R3/pp1q1kp1/2p2p1p/3p4/3P4/1BP2N1b/PP2QP2/6K1 b - - 2 1,2,
4d65faba,r1bk3r/5ppp/1p1p1n2/B5Q1/5P2/3P4/q5PP/4R1K1 w - - 0 1,2,
732a88e8,2b2rk1/p7/2p2q1p/2Ppp1pB/3P4/4P3/PQR2nPP/5RK1 b - - 1 1,2,
44f7b149,2r3k1/5pp1/5q1p/3pN3/3P4/4P3/Q3RPPP/6K1 b - - 0 1,2,
6e0e1333,1r3r1k/p5pp/2BR1B2/qp6/1n6/5Q2/2P2PPP/1K1R4 b - - 0 1,2,
a5967b87,5r2/5pkp/1p2n3/2pNpQ2/2Pb4/3P2P1/2q2P1P/5RK1 w - - 1 1,2,
b30124ad,3R4/pp2rkpp/2p1qp2/8/5P2/4P3/P3QKPP/8 w - - 3 1,2,
ef7d7f46,5rk1/1q4pp/2p1b3/QpPpN2n/1P1Pp3/4P3/6PP/5RK1 w - - 0 1,2,
da4c7ee4,6k1/5p1p/p5p1/3p4/3Br3/Pr6/1P3PPP/2R3K1 w - - 0 1,2,
db8085ba,rn2kb1r/pp6/2p1pp2/6pp/2P4q/3B2N1/P5P1/1N1R1KB1 w kq - 2 1,2,
f8df1db7,4rr2/p4k1B/3p1p2/2pP4/6R1/N4pP1/PP3Pb1/R1B3K1 b - - 1 1,2,
f9d257eb,rn3r1k/pb5B/1p1ppq1Q/6p1/2PP4/P4N2/1P4PP/R4nK1 w - - 1 1,2,
fed0a282,1r4rk/6b1/3pp1B1/2p4p/2P5/pPq2Q2/4K1RP/5R2 w - - 1 1,2,
568e0b9f,5r2/pp4qp/2p1R1pk/5n2/5P2/P2Q4/1PP2P1P/3K4 w - - 4 1,2,
14a6f056,1rbq1r2/6pk/p1pp3p/1p2p2Q/4Pp2/P1NP2R1/1PP2PPP/R5K1 w - - 0 1,2,
846f6398,8/1R2R3/3k4/P1p4p/2P4P/4p1P1/6K1/4rr2 b - - 4 1,2,
1ef91f9d,1r4n1/p5k1/6pp/2p1p1N1/4P2P/3P4/r1P3P1/5RK1 w - - 0 1,2,
40e54b77,5R1Q/7p/2p2n1k/p1Pp4/b2P1PP1/6KP/3q4/8 b - - 3 1,2,
2b9f4a26,6k1/ppp1r1pp/1b4p1/6N1/8/3R2KP/PPP3P1/8 w - - 0 1,2,
3759dbe1,q5k1/p7/1p1Rp1p1/2p2r2/2P5/1P2Q1P1/P4P1K/8 b - - 3 1,2,
f38eb4de,8/8/8/p2R3B/2Pn3P/P5k1/1r6/5K2 b - - 4 1,2,
9db25c99,7k/8/p1P4q/Pp1pP3/1Q1P4/5p1b/5N2/3BK3 b - - 0 1,2,
a2c050a3,8/6pk/1R2N3/8/8/4PPn1/PP1K4/6rq w - - 0 1,2,
1df0edcd,6k1/5p1p/4p1p1/6PP/1R3K2/p4P2/1p6/r7 w - - 1 1,2,
7e99f0d8,4r1k1/1p4b1/2p5/3nN1Np/p5b1/3B4/PPP2PK1/4R3 w - - 3 1,2,
7c972681,1R6/8/7R/5kp1/p1r1p3/1p3PK1/5P1P/r7 w - - 0 1,2,
75b266ae,r1b1r1k1/pp2bp2/2n1p2Q/3p2N1/3qN1n1/P2B4/1PP2PPP/R3R1K1 w - - 2 1,2,
29c6ffda,1r1k4/1np1p3/3p4/3PPQ2/P7/KP3p2/2P3q1/8 w - - 2 1,2,
f1ecdbbc,k5r1/p1Q2p2/1p3K2/4P3/3P1P2/P1R2P2/1P6/1q6 b - - 11 1,2,
31129d89,Q4b1r/p4kpp/2pp1p2/6q1/8/8/PPP2PPP/4R1K1 w - - 0 1,2,
49fc3aef,8/8/6p1/5p1k/4bK2/8/6r1/2R5 w - - 8 1,2,
31275964,1k3r2/pq5p/8/4P3/1PQP2P1/P1P3NP/4N2K/4b3 b - - 2 1,2,
13a61f66,r2k3r/3P2R1/5pB1/1ppP3p/2n2Pnp/p1P5/6PP/2K1R3 w - - 1 1,2,
874fb0b4,r4rk1/p1p2ppp/1bp5/8/1P4q1/P1P3B1/4N2P/R2Q1R1K b - - 1 1,2,
32ca59e8,1k1r2r1/ppp2R2/3pq3/7p/1P5P/2Q3B1/P1P4K/8 w - - 0 1,2,
eb1227eb,6k1/p4p1p/2p3p1/4b3/8/1B3QPP/Pq3P1K/5r2 w - - 2 1,2,
063da3ac,Q7/2pknR2/3pr3/1Pb1p3/4P3/1K1P4/1PP5/4q3 w - - 9 1,2,
2f517b30,1r3r2/4p2k/2pqPpR1/p2p1Pp1/P2p4/2PPB3/1PK5/R7 w - - 3 1,2,
94438694,4r2k/6pp/1p3q2/p1bB3b/2P5/2NP4/RP3PPP/5QK1 b - - 2 1,2,
8a9c4c37,8/7r/8/p1R1R3/5P2/PP2Pk1P/3P1n1K/8 b - - 0 1,2,
0b185f0c,3k1r2/p2b4/Pp5q/1B3p2/1P2p1n1/2P1N1p1/4QPP1/2RR2K1 b - - 2 1,2,
3df88f1d,4r3/1kp4p/1b1p1p2/3P4/4qpp1/R4N1P/2P2nPK/5Q2 w - - 0 1,2,
58a9e1ae,r1br4/p6k/1pp1p3/4Pp1B/4pBPb/4P2R/PPP1K1P1/R7 b - - 1 1,2,
66e531bc,r2r2k1/5p2/p5p1/1p2PpP1/5P2/P4K2/1P5R/7R w - - 0 1,2,
9a341e2f,7k/1p4p1/3pN2p/3Pr3/p1q1b1P1/7P/PP3Q1K/8 w - - 0 1,2,
3728be31,3r2k1/5p1p/1q2p1pQ/2p3N1/8/5P1P/5P2/b5K1 w - - 2 1,2,
126f59ce,6k1/ppp4p/5Qp1/3P4/1PP5/P7/4r1q1/K4RR1 b - - 0 1,2,
3762a4bf,5rk1/p5p1/2p5/3p3p/3P4/1N6/PP1Qq2P/R6K b - - 5 1,2,
0248d278,7r/p1N1kppp/4B3/4Q3/8/4P3/P1q3PP/R3b1K1 b - - 0 1,2,
77638ef4,3r2k1/4R2R/6PK/8/pp1p4/8/PP3r2/8 w - - 6 1,2,
be1aa689,5N2/1p3k2/2np3B/2p1p1Q1/4q3/3r4/6PP/6K1 w - - 2 1,2,
81b25a22,2r5/1p3kp1/p4n1p/3p4/1q1P4/1PrQ2R1/P1P3PP/4R1K1 w - - 0 1,2,
1ae9bb09,1R6/5ppk/2p4p/p2n4/P1qP4/2p3P1/2PBr2P/5QK1 w - - 2 1,2,
279b7898,7Q/p4p2/2p1p1b1/2pp2k1/2P5/3P1BK1/r4r2/8 w - - 6 1,2,
4a1f39d0,1r1q4/p3prk1/2p2p2/8/2P1n1P1/4Q3/PP6/2K4R w - - 0 1,2,
b74b0303,5k2/5ppp/8/3p1q2/2pn4/8/P4PPP/1R2R1K1 w - - 0 1,2,
5f222c14,5bk1/7p/p3P1p1/1ppqp3/8/8/PP4PP/5QK1 w - - 0 1,2,
6f26eb28,5rk1/1p3p1p/p3p1p1/3pP3/1b1P2NQ/1bq4P/P5P1/3R2K1 w - - 0 1,2,
1f66ec64,4r2k/1p5p/p1pp4/3qp3/4R2P/1P3QP1/P4P2/1K6 w - - 0 1,2,
02c3185b,4b3/5k1p/5PpP/3q4/pQpP1K2/2P5/P7/8 w - - 4 1,2,
913bb9b7,4Q3/6pk/p6p/5K1P/P1NrP3/1P3PP1/8/2q5 b - - 0 1,2,
dab5212d,7k/bR4p1/4N2p/2r5/8/8/r5B1/3R3K b - - 3 1,2,
0d1b9cd0,8/PQ3ppk/6p1/5q2/7N/8/r4PPP/4R1K1 b - - 4 1,2,
5a161249,4kr2/pp1r4/2p1p2p/2P2R1n/1P1pP1q1/6P1/P3N1P1/5RK1 w - - 0 1,2,
df41416a,2Q1b2k/1p5p/pN5P/Pq1P2p1/4p3/8/8/2K5 w - - 0 1,2,
14c3bbad,1kr1r3/1p3ppp/pQ1p4/8/8/1P1R4/PP3PPP/1K2R3 b - - 0 1,2,
b4fce6e5,5r1Q/1kp3R1/2p4R/1n1p4/p7/1P6/P1PP4/2K5 b - - 0 1,2,
2a2002e4,r3q1k1/4b1p1/3nprN1/pp1b1p1Q/2pPpB1P/P1P1P3/1PB2P2/R4RK1 w - - 1 1,2,
10023762,5k2/5p1p/pp4p1/8/4PNb1/3PB1P1/PP3b1P/1R2n2K b - - 4 1,2,
09cb4c5e,5r1k/7p/3bqp2/1pp2p1Q/3p1P1N/3Pr1P1/1PP3RP/R5K1 b - - 3 1,2,
785c04dc,r1b1k2r/pppp3p/5p2/3Pn3/2P2P2/P3q3/3NB1PP/R2QK2R b KQkq - 2 1,2,
6d87f25b,8/3r1p1p/5PkN/6P1/3n3P/6K1/8/8 w - - 1 1,2,
3565fc02,5k2/3P4/5B1p/1B6/5P2/8/5QPP/2qb2K1 b - - 0 1,2,
c75b35e3,5k2/1p3p1p/3b1Np1/6P1/PPR4P/1r6/8/6K1 w - - 7 1,2,
503e9c47,2rqr2k/p3Np1p/6p1/8/PP2Q3/7P/5PP1/4R1K1 w - - 0 1,2,
25afa5bb,5rk1/5pp1/4p3/6qp/6P1/1P6/P1Q1nPKP/R4R2 b - - 0 1,2,
1e10b806,r4r1k/5p1p/p2p1p1B/qpp2P2/2n1PP2/1P6/P1P1Q2P/2KR3R b - - 0 1,2,
bbd60259,4bR2/2p4p/1p1p1Rpk/p2B4/2P3PK/4r2P/8/4r3 w - - 0 1,2,
d55525b0,b5k1/p4ppq/4p2p/p7/P1rp2R1/5PQ1/6P1/6K1 w - - 5 1,2,
1d6e9df0,8/8/5Q1p/6p1/5p1k/7P/4pqP1/7K w - - 0 1,2,
a2f3abcd,3r3k/pp4p1/5N1p/4Rb2/3q4/8/PP3PPP/4R1K1 w - - 0 1,2,
f6b547e7,2rqrk2/pp3p2/1n2pPp1/3p2Q1/3P4/6n1/PP3PPP/R3R1K1 w - - 0 1,2,
9e13fee2,rb3k2/1bq2p2/pp2pQB1/7N/4p3/2P4P/PP2RPP1/4R1K1 b - - 0 1,2,
57889c8b,8/8/p4Qpk/3Pp2p/5p2/P4PrP/5qPK/6R1 b - - 2 1,2,
fc20cd1b,7k/1b4p1/p2p3r/1prNp2q/6RP/2P1bQ2/PP3PK1/3R4 w - - 0 1,2,
5e886abb,5rk1/6pp/p3b2q/1p1pBp2/1P3P2/P3PRn1/4B1P1/1N1Q2K1 b - - 11 1,2,
2ca26224,5rk1/6pp/2R5/3pN3/3P1r1Q/6n1/5PP1/5RK1 b - - 0 1,2,
e7ed360f,1k1r2r1/1p1nb2p/p2p1p1P/2pP1B2/Pqn2B2/1PN3P1/2P1Q3/2KR1R2 b - - 0 1,2,
21c67033,7k/5prp/p5qp/1p6/3Qr3/P7/1P3PPP/2R2RK1 w - - 0 1,2,
b0fda942,3Q4/pp6/2p5/1k1p2rp/1P1P1q2/P5n1/2P2P2/R5K1 w - - 5 1,2,
962ac862,2k3r1/1p6/p2Qp3/q7/4P3/1P3N2/1BPP1P1p/2K4N b - - 4 1,2,
1cce053d,8/8/2p3k1/pp4pp/3B4/P1P1Q1PK/q7/8 b - - 1 1,2,
66b87fc1,6k1/8/4P1p1/2p1RpPp/1q5P/1P4PK/r7/3Q4 b - - 0 1,2,
95adcedb,3R1rk1/pp3ppp/2p5/8/P3P3/1BN2K2/1P3b2/3R1Qq1 b - - 0 1,2,
219f4db5,7k/Q3R1p1/2p2p1p/prPq4/3p4/3P2P1/P1P2P1P/6K1 b - - 1 1,2,
bec2925d,2r2rk1/1p6/p5p1/3P4/2p5/q3P2P/P1Q1KP2/6R1 w - - 0 1,2,
83b0a55d,3Q4/5k1p/2p2p1B/1p1P4/3q2PK/3r3P/1P2r3/8 w - - 2 1,2,
3182626b,r1b2rk1/pp3ppp/1np5/8/1P1q4/PB3Q2/2PP1PPK/RN2R3 w - - 0 1,2,
48fda7de,r2q2k1/p4r2/1p1p4/3QP3/8/5p1P/PP3P2/2R2RK1 b - - 0 1,2,
d4f72c70,2kr4/1pqr1ppp/1R2p3/Q7/8/2P2P2/P5PP/1R5K b - - 0 1,2,
b352999e,4r1k1/1p3p2/pq3bP1/3r4/Q4BK1/2P3P1/BP5P/R4R2 b - - 2 1,2,
30103361,1r6/3n4/3k3p/8/Q2P2p1/P1P2pP1/5P1P/6K1 b - - 0 1,2,
0b5b679f,8/5Q2/p2B2pk/6p1/2P5/7P/2r1q1PK/8 w - - 1 1,2,
220f8502,3Q4/8/pp2b1pk/4P2n/8/5P1p/P4r2/4R2K b - - 2 1,2,
035d0557,r3k1n1/pp1n2r1/4p2p/8/7B/5Q2/P2q3p/R4R1K w q - 0 1,2,
56fdea35,3r1qk1/pp4n1/2pPr1RQ/8/8/5P2/1B3P2/1K6 w - - 0 1,2,
e00f3365,1k2q3/pp6/8/3P2B1/4B1b1/2Q3Pp/P4r1P/4R2K b - - 0 1,2,
2fea0f87,3R4/1p3ppk/p1b4p/8/6Q1/4qPK1/6PP/8 w - - 2 1,2,
60713d8e,r3r2k/p2q1p1p/2n3pB/2b5/5Q2/3p4/PPP2PPP/R4RK1 w - - 0 1,2,
da38a9d9,1k1r1b2/2p1ppp1/2P3q1/8/2PB2n1/5Q2/PP3Ppr/R2R2K1 w - - 0 1,2,
b39e4bff,3r1r2/pp4pk/4p2p/4Pp1Q/3P4/6R1/Pq4PP/5RK1 w - - 0 1,2,
509390a4,4q1k1/3r1p1p/3Q1p2/1p6/1P3P2/P7/7P/R6K w - - 0 1,2,
7bc1cd28,3qrk2/2r2p2/p2p3N/1p2p3/4n3/2P3QP/PP3PP1/R5K1 w - - 0 1,2,
0a584585,4r1k1/p4p2/1p4p1/3n3p/2qB4/P1P2P2/1P4PP/4R2K w - - 0 1,2,
93ca5eba,2r3k1/p4pbp/8/8/3p2P1/P6Q/2qB1P2/K1R4R b - - 1 1,2,
d4180dbd,r1b3k1/p1Qp1p1p/2p1r1pB/3p4/3q4/1P6/P4PPP/R4RK1 w - - 3 1,2,
0efcbc9c,3r4/p5bp/2R5/k4pp1/2P5/P7/KP3P1P/8 w - - 0 1,2,
09c3865f,3r2k1/1p2qp1p/2b5/6p1/3Q1pN1/pP2p2P/P1P3P1/4R1K1 w - - 2 1,2,
392824c5,3r4/4qprk/1p1p1b2/3B3p/1PP1PP2/5K1Q/6P1/7R w - - 0 1,2,
b07e374d,8/R5p1/5k1p/3B4/p1P2KPP/1r6/2b5/8 b - - 0 1,2,
dcb166f6,3r1rk1/p1p2ppp/1p2p3/2q5/6n1/2P4P/PPBBN3/R1Q1K2R b KQ - 0 1,2,
b7c732b9,3r3k/5Q1p/3R2p1/q3p1P1/1p2P3/4P3/1r5P/3BKR2 b - - 2 1,2,
49c789cd,6k1/p4p1p/2p1rP1p/2n5/8/PP5P/2P3P1/3R3K w - - 3 1,2,
b79cc41a,6k1/3P1p1p/2Q3p1/5q2/5n2/6RP/5P2/5K2 b - - 2 1,2,
fbcc6024,3q1r2/6k1/p2pQ2p/5BbP/1pr3P1/1P6/P1P5/1K5R w - - 0 1,2,
a20a10f6,6k1/p3p2p/3p1bpB/2pP1p2/7P/2P1QP2/qr3PK1/6R1 w - - 0 1,2,
1b28906f,7r/2p5/3p1Qp1/3Pp1Pk/4P3/5K1P/8/2q5 w - - 0 1,2,
0805e809,3r2k1/1Q4bp/6p1/p1p1pn2/2P4q/5P2/PP1NB1PP/R3R2K b - - 0 1,2,
63cb88b7,1B2kb1r/p2b1ppp/8/3Q4/4P3/1Pq5/P1P2PPP/2KR1B1R b k - 0 1,2,
0a79efd5,6k1/1b3pb1/p2q3p/1prP1Qp1/3p4/P2B3P/1P3PP1/4R1K1 w - - 0 1,2,
db7a0320,3r1r2/pp4pp/8/1k1Np3/1P2P3/3P4/P1R1K1PP/8 w - - 1 1,2,
5a23f316,6r1/1pQ5/pnp2k2/8/3P4/2N2bPK/5P2/2R5 b - - 0 1,2,
e8226947,2bR1rk1/5rpp/p7/1p1Q4/4P2P/8/1P3qP1/4R2K w - - 0 1,2,
ed0b1892,6k1/pp3r1p/4Npp1/1QP1n3/2q1p3/4P3/1P4PP/6K1 w - - 0 1,2,
eb6cf519,8/p1k2p2/4p1Pp/2b5/5PPK/1Br5/P7/3R4 b - - 0 1,2,
ab5848a2,r1bqk2r/ppp2ppp/2p5/4P3/4n3/3P4/PPP3PP/RNBQ1BKR b kq - 2 1,2,
5d143928,rk4r1/1B2R2p/pp3B2/5p2/2P5/2p5/PP2KR2/6q1 w - - 0 1,2,
87801d9d,4r1k1/1bq3p1/3p1p1p/p1p2P1B/P1P5/1P5P/6P1/4R2K w - - 0 1,2,
8c339a39,5rk1/6pp/p1p5/1p1pB3/P2PN3/1B6/1P2brPP/1R4K1 b - - 0 1,2,
6a70fd77,r6k/3R1brP/2p5/4Q3/1q2P3/1PN2P2/1KP3P1/7R b - - 2 1,2,
36c19498,2n1b1k1/p5p1/1p2N2p/3pP3/q2P1QP1/8/5P1P/6K1 w - - 0 1,2,
11dd3cc7,r5k1/5pp1/1B5p/pp2P2Q/2pNqP2/P1Pr3P/1P6/3R1RK1 b - - 0 1,2,
a93eaba1,r3rB1k/2q2p2/2pb1pp1/1p6/p2P4/2PB1P2/PP1Q1P2/2K5 w - - 0 1,2,
4f698dbe,4k2r/2p2ppp/q3p3/8/1Q2Pn2/5N2/5PPP/1N1K3R b k - 0 1,2,
374bd6d1,1r4k1/2bR1pp1/2P1p3/2R4p/8/8/3P2P1/7K b - - 0 1,2,
07d751d4,r4rqk/2p1R3/3p3p/2p3bn/p7/2PQ1P2/PPB3PP/4R1K1 w - - 0 1,2,
2f6ceab6,6k1/p1rq2pp/bp3p2/2p4Q/3p1P2/1P6/PB3PPP/4R1K1 w - - 5 1,2,
60d527aa,4q1k1/6bn/3p2N1/2pPp1Pp/6bP/r7/P1Q4K/1B3R2 w - - 2 1,2,
bddafd87,2r2k2/pp3pq1/6p1/4p3/2r1P2Q/7R/PP1RK1PP/8 w - - 6 1,2,
c4452432,1r6/2p3k1/p2p2p1/2p1n3/4P3/1P1B2q1/P1P2QP1/1R3R1K b - - 0 1,2,
2b1718b1,3q2k1/1R5p/3Pp1p1/p3P3/P1r5/8/2p2QPP/7K w - - 0 1,2,
3e3f161a,2k5/1p6/p1p1r3/3pNnr1/3P4/2P1pP2/PP4PP/4R1RK b - - 10 1,2,
632ef1bb,4r1k1/ppR3pp/3b1p2/3p3Q/5P2/7P/PP4PK/4q3 w - - 0 1,2,
a724317b,6r1/6pk/8/p4P2/2pP2R1/5q2/P5RK/8 w - - 0 1,2,
e1499d96,2r3k1/5p2/6p1/Pp2pq1p/1P2P3/4b2N/2P4P/RR1Q3K b - - 0 1,2,
88653d5c,r1br2k1/1p2q1p1/p1n1p3/2N1bpNQ/2P4P/8/PP3PP1/R4RK1 w - - 2 1,2,
8d739112,R7/5ppk/7p/4p3/3pP3/1Pr2QP1/2r2PK1/4q3 w - - 6 1,2,
a7ae4c1e,3rk2r/4bp2/5Bp1/7p/ppp1P3/6qP/PPPQ2P1/2KR1R2 w k - 1 1,2,
970c1d49,kr6/p1p5/Q1P4p/2q2pp1/4nP2/2b2N1P/P4PP1/1R4K1 w - - 0 1,2,
f82a2a16,r4k1r/3p1p2/Bq1Np3/p3P2p/5PpK/8/PPP3PP/R1BQ2bR b - - 1 1,2,
c6ed0903,1Q6/pp2P2p/5pp1/6k1/8/P5PK/1P3qNP/8 b - - 0 1,2,
f358c3b8,2k4r/pp1n1p1r/2p1pn2/8/1P1P2p1/P3P1P1/1B1N1R2/R2Q2K1 b - - 0 1,2,
a96ecd2e,8/Q7/2ppk1p1/8/4Pq1r/2N2nPP/PP3P2/R4R1K b - - 0 1,2,
c471acad,3r2k1/pp3p1p/2pq1bP1/8/5p2/1Q3N2/P4PP1/1B2n1K1 w - - 0 1,2,
766676c3,r1bq2k1/pp2b1p1/2n1p3/2PpprNQ/7P/2N5/PPP2PP1/R3K2R w KQ - 4 1,2,
fa2bc5cb,7k/pp3Rpp/3N1n2/8/8/P2r4/1P2rPKP/8 w - - 0 1,2,
b73755ad,7r/5kp1/4p3/P1NpPn2/1P1P3p/3Rb3/6PP/3R3K b - - 4 1,2,
425e11b6,4r3/6pp/6k1/pp4N1/2n1N1KP/2P1P3/8/2n5 w - - 3 1,2,
db822ac4,r5k1/6bp/pQ1p2p1/2pP4/2P1PpP1/6q1/PP4B1/5RRK b - - 0 1,2,
13b26b83,R3R3/2bk1p1p/P7/8/1P1Pn3/2P5/4r3/6K1 b - - 15 1,2,
6b7ace5e,1r5r/3k1pn1/p2Pp2p/1q1bP3/2p2B1Q/2P5/PP1R3P/1K6 w - - 0 1,2,
9149e5b5,r1bqrbk1/p4p2/1pp1pn1Q/6N1/2PP4/P2B4/1P3PPP/R4RK1 w - - 3 1,2,
7b127156,1k2rb1r/pppb2p1/3p1p2/3P4/3Qq3/1P2B1P1/P1P4P/1K1R3R w - - 0 1,2,
f9758f37,bQ6/4kp1r/1R1Np3/3pP3/q1pP1n2/2P2NP1/5P1P/6K1 b - - 0 1,2,
6d161b6d,7r/1pp1k1r1/pb1p4/4p3/PPN1P3/2PP1RP1/6PP/5R1K b - - 3 1,2,
0d2a8080,B3r1k1/p1Qn1pp1/3p1q1p/2b5/8/8/PPP2PPP/R1B2RK1 b - - 0 1,2,
28715c5a,r3r3/pp3pk1/2p3p1/3pP1P1/1qn4P/1PN3Q1/P1P5/2KRR3 b - - 0 1,2,
a4ea1b7c,6k1/4q2p/5RpB/r1PpP3/2b5/8/4nRPP/7K w - - 0 1,2,
042695cc,r6r/1b1qpp1k/2np2pb/p7/1p2P1P1/3P1PK1/NPPQB1P1/R6R w - - 0 1,2,
6cc1ad04,6k1/5b2/5Qp1/4p3/3q4/P5P1/7P/4KR2 b - - 5 1,2,
70f02833,5n2/6k1/p6r/P1qBpQp1/2Pp4/8/1r3PP1/2R3K1 w - - 0 1,2,
20da9820,3r2k1/pp2R1p1/2p3pp/2q5/8/5Q1P/1P3PP1/6K1 w - - 0 1,2,
c79e47e1,2rk3r/5ppp/1p2pn2/pBNp4/1P3B2/P4P1P/3K1P2/n6R w - - 0 1,2,
f1722c37,r2r2k1/1pp3pp/1b1P3q/1Q2np2/pB2p3/P3P1P1/1P3P1P/R2R1BK1 b - - 0 1,2,
24bc8c93,2k5/ppp3Rp/2b5/8/P7/1P4P1/2r4r/3R2K1 w - - 5 1,2,
adacccc1,2r5/p1q3pk/3p3B/1p2pP1Q/3nb2P/1B6/PP4P1/K2R3R b - - 1 1,2,
8afa4a49,7Q/4kpp1/3q4/3p4/3Pn1b1/8/PP3pBP/R1R2K2 b - - 1 1,2,
e9c67d17,8/R5pk/7p/6q1/3P4/2Pb4/PP3QPP/6K1 b - - 3 1,2,
3196ce7a,8/8/4R3/2p3pk/2r2p2/6PP/5K2/8 w - - 0 1,2,
4906fadb,1kr5/pp2b1pp/1p2Qp2/4pP2/6P1/2qB3P/P1P4R/2KR4 b - - 1 1,2,
a6d4252e,6k1/p5p1/3r2rp/3p2N1/1P1P1PK1/P1R5/8/8 w - - 0 1,2,
58ca9f67,r3qbrk/2p1n3/3p1pRp/pp2pP1Q/4P3/2PP3P/PPB2P2/R3K3 w Q - 0 1,2,
1ddb398a,5R2/7k/1Ppq2p1/3p4/P2P3P/2r4b/4r3/5R1K w - - 2 1,2,
bd3f06f7,1k1r4/p4p2/1pRpp3/7p/3P1P2/Q4P2/PP2q2P/R5K1 b - - 0 1,2,
3757d2dc,r2r2k1/pb2qp1p/1p2pp2/2b5/2P5/1P5Q/P1B2PPP/R3R1K1 w - - 0 1,2,
73025501,2r5/pp1k4/1q6/1P1b1n2/8/N2Q1P1P/P6K/3RR3 b - - 0 1,2,
6385b883,5k2/5p2/n1PK1Pp1/4P1P1/P3R3/8/2r5/8 b - - 2 1,2,
8d50a3a5,4rrk1/3nbppp/3p4/2pPpN2/p1PPQqP1/Pp5P/1P3P2/RB4K1 w - - 1 1,2,
4c9a41cc,r2q1rk1/pb1n3n/1p2p1p1/3p4/3P4/2PQ3P/PPB2P2/R3R1K1 w - - 0 1,2,
42549176,r3r1k1/2p2pp1/pp1p3p/3P4/2PbP1q1/2N5/PPQB2R1/5R1K b - - 5 1,2,
b8d4452d,6k1/p4p1p/5qp1/8/8/1P1Q4/P1r2PPP/1R4K1 b - - 0 1,2,
2b59cb55,7k/8/6Q1/1p1nP3/3p2p1/3P1r1q/8/2R3K1 w - - 2 1,2,
2b96194a,5N1k/1b3p2/1p6/5p2/r2P1B1P/1qP5/8/2R1K1R1 w - - 1 1,2,
779b202d,4r1k1/p4ppp/3q4/4rQ2/2B5/1Pn2P2/P1K4P/6R1 w - - 0 1,2,
c02ecd0e,1k6/pp2r1p1/2p2n2/2P2B1p/r2RpN2/2n5/5PPP/4R1K1 w - - 0 1,2,
7e48a1e4,1r3r2/pR4pp/2pkp3/3pq3/8/8/P4PPP/2Q2RK1 w - - 2 1,2,
ef26cbf3,7r/p1p1b1k1/1p2p1B1/4q3/2P5/P4R2/1PQ2P2/5K2 b - - 0 1,2,
6b512105,8/7p/p2kpp2/1p1n1p2/P2K1P2/1P1BPP2/7P/8 b - - 0 1,2,
4bae2627,3r1r2/p4k1p/1p2p1pP/n1p3Q1/2Pp1PN1/1q1P2P1/1P1K4/6R1 w - - 0 1,2,
b3497372,r5k1/1p1R2p1/p3p2p/5p1Q/P1q5/8/5PPP/6K1 w - - 0 1,2,
cbcd20e5,4r1k1/p4p1p/6pQ/3p2N1/Kp6/1P3B2/P7/q7 w - - 0 1,2,
82659481,r1b1r3/pp1n3p/1q4k1/3pn1NN/1b6/8/PP1BBPPP/R2QK2R b KQ - 6 1,2,
2be05f7c,8/pp6/5k2/3pN1p1/1P1P2K1/P5RP/2r2rP1/6R1 b - - 0 1,2,
ce40a14d,6k1/pRR5/6p1/2p5/6B1/7P/P1rr4/7K b - - 3 1,2,
343d26c7,3r2k1/p5r1/1p3pB1/2p4P/3P1q2/2P1R3/PP3p2/1K2R3 w - - 0 1,2,
cda2447a,2B3k1/5p1b/1p4pq/p5R1/3nP3/P2P4/3B1P2/3QK3 b - - 2 1,2,
5e1cadb2,8/Q1brRpk1/6p1/1pp5/8/1P5P/P4PP1/6K1 b - - 0 1,2,
0e2cecb1,3r2k1/p4p1p/1b4p1/4p3/4Q3/1NP5/PP3RPP/6K1 b - - 0 1,2,
1ab7cbce,r4r1k/5pp1/pp1R3p/8/5Pq1/1P1QP3/PB4bP/5RK1 w - - 1 1,2,
0a8bfac6,4rr2/p1p3p1/2k1p1Pp/1pNpn3/7R/R4P2/PPP5/2K5 w - - 2 1,2,
53e3f0d1,6k1/r3q2p/6p1/2PRrp2/3Q4/P7/5PPP/R5K1 b - - 0 1,2,
fda56b20,5r1k/pp1qrB1p/6p1/6B1/3bP2Q/P2n4/1P4PP/5R1K w - - 0 1,2,
6adaa1ab,r4rk1/2R2qpp/p7/1p1bB3/8/8/PP3PPP/3QR1K1 b - - 0 1,2,
583374f0,4k3/1Q4p1/3bp3/3p4/5q2/N2B2P1/PPPp3P/3R3K b - - 0 1,2,
3ff293c6,b4r1k/p5p1/1p3RQp/8/2q5/2N5/PP4PP/5R1K b - - 0 1,2,
4ff7c3ef,8/8/R7/2ppk3/3p2K1/P2b4/1r3P2/8 w - - 2 1,2,
a1ea59cf,7r/ppp3k1/7p/2Q1Rqp1/5p2/2P5/PP3PPP/6K1 b - - 0 1,2,
da768c49,r2q2k1/pp3p1p/6pb/3p2N1/3PnQ1P/1PP5/1P4K1/RNB1r3 w - - 3 1,2,
ca5f3ea4,1r6/p2PR3/6k1/6p1/2P5/2P3r1/P7/3R3K b - - 0 1,2,
c1e80244,8/1R5p/4Pppk/4n3/2P2q2/6Nb/2B4P/4Q2K b - - 0 1,2,
5ba3e4bb,8/1p2Qpkp/p3p1p1/P2pP1N1/1P1P4/7P/5qPK/5b2 w - - 2 1,2,
d1885e39,6k1/1b3ppp/p3p1n1/8/NBr5/8/PP3PPP/3R2K1 w - - 1 1,2,
bf53c478,1k4rr/p1p5/1p3p2/2p4P/2P1Q3/P3P3/2P2P2/1R3R1K b - - 0 1,2,
e5a61449,1r3r2/3bppk1/1q4p1/1N1nn3/3N2P1/1P3P2/P2QB3/1K5R w - - 2 1,2,
4547128d,4k3/4p3/4BpK1/p5p1/Pp4P1/1P2PP2/2r4r/3R4 w - - 6 1,2,
90708133,r1b3k1/6pp/p2p4/1p1Pp2Q/1P2Pr1P/2PP3q/8/R4RK1 w - - 0 1,2,
c884870a,7k/6p1/5bK1/p7/P1R5/8/r7/8 w - - 0 1,2,
8bb9d1ed,1N4k1/p5pp/4p3/8/3Pp1Q1/4P1qP/5rP1/2R1R1K1 b - - 2 1,2,
119a7cfe,3rr2k/pp2bQp1/2p1p1p1/8/3P4/P2R4/2q2PPP/3R2K1 w - - 0 1,2,
57ab5503,r5k1/2q1rpp1/4N2p/1p2n3/3p2n1/P2P1N2/1PB2PPP/R2Q1RK1 b - - 0 1,2,
10b54c2f,r1b1nnk1/1p4r1/p1p1p3/2PpP3/3P1Q1q/2N2Rp1/PP2B1P1/R3N1K1 b - - 3 1,2,
8132697f,3r2k1/pp3ppp/2p4r/1PP1p3/P2bP3/2N2RqP/2QRB1P1/7K b - - 0 1,2,
23937cc2,r5k1/1b2Qpp1/5q1p/pp6/2p5/P4PPP/BPP3K1/RN2R3 b - - 0 1,2,
275244e8,r4r2/pp1q2k1/3ppnP1/1npP4/4P3/P7/1P1Qp3/R3K2R w KQ - 0 1,2,
5fd2c66e,1Q6/7p/2b3p1/2p5/P1kb3q/8/1P1B1PPP/R3R1K1 b - - 4 1,2,
bcd2fc44,r1b3k1/pp2rppp/8/6q1/2N5/B7/P1B3PP/3R1R1K w - - 0 1,2,
50bed942,5q1k/8/6Kp/6nP/1p6/1P6/P3Q1B1/8 b - - 2 1,2,
36f1fc1b,5r1k/1bp2pp1/p3r3/3q4/5PN1/R7/1P3QPP/4R1K1 b - - 1 1,2,
52ef5017,2Q2bk1/5ppp/2N1p3/8/2P5/6P1/Pr1q1n1P/5RK1 w - - 0 1,2,
65723ca5,5Bk1/1Qp2ppn/1b5p/p3p3/4P2q/1PPr3P/P3N1P1/R4R1K b - - 0 1,2,
57218c90,2kr1b1r/Qppq1ppp/2n1pn2/5b2/2pP4/2N3P1/PP2PPBP/R1B2RK1 w - - 1 1,2,
2afd86d0,r1b3k1/pp4pp/2p1p2r/2Pp1p2/1PnP1Pq1/2N1P2P/P3QPB1/R5RK b - - 2 1,2,
bdd9208c,4rnk1/p1rq3p/4pQpB/8/8/5R1P/PP3PPK/8 w - - 10 1,2,
3491cd95,3rR3/pbp2k1p/1p5R/8/8/1N6/PPP2PPP/6K1 b - - 0 1,2,
2b5a1ba7,r4rk1/pp3p1p/3P4/8/6n1/3QP3/PP2K1P1/1BRR3q b - - 7 1,2,
df61c818,3rr2k/1pQ2Bp1/1pp4p/8/1P2P2n/5PNb/P4qPP/5RRK b - - 2 1,2,
38dd24f7,4r1kr/2pQ2pp/p2b4/2pP1p2/5Bq1/6N1/PPP3PP/7K w - - 0 1,2,
24c6dcc0,6k1/5p1p/p3pp1B/1p1n4/3P4/P4Q2/1Pq2PPP/6K1 w - - 2 1,2,
63e93817,r6k/1p3Qpp/p1b3p1/7q/8/7P/PP3PP1/3RR2K b - - 0 1,2,
823c65b0,5r1k/2r5/p3qpQ1/3R3p/8/2P4P/1P3PP1/6K1 w - - 0 1,2,
fa312cdf,6k1/p1p3p1/2pp3p/5qN1/2P3n1/1P5Q/P3R1PP/6K1 b - - 0 1,2,
e14341e3,4r3/ppp4k/1b4pp/8/6q1/2Q3B1/4r1PP/5R1K w - - 6 1,2,
7aa2bfb4,5rk1/p4ppp/2Q1b1q1/8/2PP4/1P2R3/P4PPP/6K1 b - - 0 1,2,
af779e54,2k3r1/p1p2p2/2P2pr1/b6p/1N1P4/P4b2/2P1RP1K/4R3 w - - 0 1,2,
7b07f863,r5k1/p2R1rbp/np4p1/8/1P6/5Q2/P4KPP/1q6 w - - 0 1,2,
2a6446d3,5rk1/1R6/p3p1p1/3n4/3P3q/3Q1P2/P4P1P/7K w - - 0 1,2,
c5bc5696,1kr5/1p5p/p6p/2q1PP2/2R1Q3/1Pp3P1/P1P4P/1K6 b - - 2 1,2,
0e248ae5,r1b3k1/pp3ppp/2p5/8/6P1/5q2/PPP1rn2/1KRR4 w - - 2 1,2,
60fca89d,7k/4PR1p/8/8/2B5/5p2/2r4P/7K b - - 0 1,2,
7369be1e,8/7p/8/5kpN/8/4R1PK/3r3P/8 b - - 3 1,2,
f778de01,5k2/1r3p2/5Npb/2p1Bb1p/2n5/7P/KPP3P1/3R4 w - - 2 1,2,
7b3a191f,5rk1/pp6/2p5/8/1P1PN1p1/P5Pn/R3P2P/5R1K b - - 0 1,2,
db06bc21,r5k1/1b1n1p1p/6p1/q1p1pP2/2P1p1PP/1P2P3/rBRQ4/2K2B1R b - - 6 1,2,
69c2f73b,7k/6pB/rp1p4/2pP1Q2/b1P2Pnq/P3P2p/1B6/4R1K1 w - - 5 1,2,
