id,fen,mateIn,composer
ba79c05c,8/2K5/1R6/k7/2B5/p7/1P6/8 w - - 0 1,2,Nils Adrian Bakke
83c177dd,4R1N1/5p1B/p1P1b3/4k1P1/4rp2/BQ2npn1/K1N5/4R3 w - - 0 1,2,Charles William Sheppard
b5e8225f,8/6N1/8/3P4/B3kP1K/2Q5/8/8 w - - 0 1,2,Владимир Михайлович Воронин
699b4589,8/3qr2b/2p5/6PB/1N4RP/3p2Bn/pQ2P1Rr/K2k4 w - - 0 1,2,Валерий Юрьевич Шаньшин
81d2e9a0,2B2q2/BprP1p2/1npkp1N1/2n1N3/2PK3Q/1p6/8/8 w - - 0 1,2,Frank Fiedler
38c16921,8/3pK3/2p2N2/2N2B2/2k2p2/2B2P2/3PP3/8 w - - 0 1,2,Eugene Beauharnais Cook
b08fcdfa,8/8/4Q3/8/p2pp3/3kP3/1P6/3K4 w - - 0 1,2,David Murray Davey
d5bfd122,4K3/2p1PQbB/1P4r1/1p1R3b/1P6/6p1/3B4/k1NN4 w - - 0 1,2,Г. Иванов
9e14d1ba,8/4n3/4P3/R1NpN2R/2pkp3/3p4/1P3P2/3K4 w - - 0 1,2,Євгеній Михайлович Богданов
9dd8b7de,6b1/1Qpp4/B1p5/3n3R/2Nk1p2/5P2/1PPB4/7K w - - 0 1,2,Juraj Šťastný
7be35b1e,2n1b1NK/R2r1k1n/2p2PN1/2P2Pp1/2R2p2/3Q4/B5q1/8 w - - 0 1,2,Станислав Максимович Толстой
c0b26007,5r2/2qp4/2p2R2/5Bp1/rR1B1kP1/3P4/5P2/4NK2 w - - 0 1,2,Herbert Siegfried Oskar Ahues
c0044ddd,KbN4R/p1kpp1R1/n4p2/pPn2B2/Pp5p/1P4rp/7B/2Q5 w - - 0 1,2,Cornelis Goldschmeding
30b5bf57,6K1/1kN5/1PN1B3/8/8/1Q6/8/8 w - - 0 1,2,Николай Иванович Белик
2be0d9e4,K7/2p5/3P4/B3R1N1/3k1P2/1P3pQb/n1P2n1P/6bq w - - 0 1,2,Valeriu Petrovici
09028576,6B1/4n3/4n2Q/2N1NRp1/pB1kP1K1/1b5P/1P3P2/4R3 w - - 0 1,2,Christopher Jeremy Morse
cd574142,b3r3/2P5/Q5P1/KR5N/3Bk1P1/5p1B/N2R4/1n6 w - - 0 1,2,Arthur Ford Mackenzie
8de8c71f,8/6pb/7p/1R3n2/PPk2PQp/p4Np1/1nBK4/1R6 w - - 0 1,2,Jan Hartong
e42629b6,1qn1BBN1/5Rp1/N1r3b1/2bkpP1p/p2p4/3P1K2/7Q/2R5 w - - 0 1,2,Георгий Ибулаевич Ибулаев
e679decb,8/3B4/nK1p2n1/1p1k1p2/3p4/R1PPP2R/N5NB/8 w - - 0 1,2,Ivan Jarolín
550c0bbd,8/4p3/1pKn4/3PN1R1/4k3/1Qp1Pp1r/1q2P3/2n1N1B1 w - - 0 1,2,Herbert Siegfried Oskar Ahues
433562da,2b2B1K/P4p2/1NP1k3/n1P2pP1/2rQ4/4P2B/1q1P4/4R3 w - - 0 1,2,György Bakcsi
ac7f3634,4K3/1kB5/1N6/1N6/P5B1/8/8/8 w - - 0 1,2,Miklós S. Locker
f6c976fd,8/8/2Q2Pq1/4k3/2R2b1N/Kn2p3/1N3n2/8 w - - 0 1,2,Siegfried Brüchner
b6d1496c,r3kN2/p5Q1/8/4B3/7b/8/K7/8 w - - 0 1,2,Николай Александрович Ивановский
529335eb,8/6k1/2NK1NP1/8/6R1/8/7B/8 w - - 0 1,2,Анатолій Степанович Пожарський
b6a485de,r1b3Q1/kp4R1/2p5/2P5/1N3K2/7R/8/8 w - - 0 1,2,Віктор Григорович Павленко
bc27dfc9,k2n4/P7/K7/bP1N4/8/8/8/8 w - - 0 1,2,Renato di Vincenzi
18c8730f,4r3/6N1/8/2BRP1p1/5knn/3PpP1R/4Kb2/8 w - - 0 1,2,Rainer Paslack
3f086040,3r1B2/2Rp1BK1/2p1qP2/3kp2Q/1PpN1Pn1/1PR2P2/1n2N3/8 w - - 0 1,2,Raymond C. J. Gevers
a505b64c,8/8/8/1Q6/3K4/3n4/p7/kbN5 w - - 0 1,2,Eligiusz Zimmer
fd567554,Qn6/1Np2K2/1p6/3kB1p1/3P4/nP2p2p/8/5B2 w - - 0 1,2,Jaroslav Hronec
22e7123e,1q6/4BB1p/p7/R1P1kN2/Q1p1rb1N/6nK/8/8 w - - 0 1,2,Gilbert S. Dobbs
152df235,8/QN1p3K/7p/1P1kB2R/2r5/1N4p1/B6r/4R3 w - - 0 1,2,Gustav Adolf Ekestubbe
1b08c6d8,7B/8/4P3/6kN/1P3N2/2K4B/3P4/8 w - - 0 1,2,György Bakcsi
d35811e8,2Q5/8/3N3R/3k4/3q1pB1/3bb2K/4N3/3R4 w - - 0 1,2,Талип Хасанович Амиров
ca4e6b24,Q7/B2p1K1B/3P4/q1pP4/N1pk1P2/5Rn1/1P4r1/4RN1n w - - 0 1,2,Beat Züger
f3204a89,5K2/N2k4/7R/B2npp2/4rpN1/8/b7/b2Q4 w - - 0 1,2,Allard Pieter Eerkes
35dd83e9,1bq5/4Q3/1p2P1pp/1Rn1k3/2BpP2R/B2PN1K1/4b3/8 w - - 0 1,2,Rainer Paslack
532c47f6,7n/2Kp4/1pp5/1p3Pr1/3kbQp1/1B3n2/1NRP3R/N7 w - - 0 1,2,Александр Сергеевич Кузовков
1b6f7247,8/4k3/1KB3Q1/1pp5/8/8/3R4/5q2 w - - 0 1,2,Werner Speckmann
5560f786,8/8/Q7/3k4/5P2/1P6/3K2N1/8 w - - 0 1,2,Robert A. Lincoln
d375446b,8/2p5/2PpN1p1/5pP1/Qnk2K1p/2p3pR/5PB1/2N1B3 w - - 0 1,2,Владимир Алексеевич Ерохин
4062a051,8/R4K2/Q1P3PR/B3N3/2PpPPP1/3Nkp2/5p2/5B2 w - - 0 1,2,Peter Gvozdják
9c6182c8,bn3Nq1/2R1Bpp1/r5P1/p1P1k3/R6N/1Q6/K1P5/b3rn1B w - - 0 1,2,Александр Петрович Максимовских
0320b35d,6k1/3K4/8/6p1/8/8/1B6/Q7 w - - 0 1,2,Léon Fontaine
24dbe8aa,nq6/Q6p/3P1N2/2P1B3/8/2R1pk2/2R4K/8 w - - 0 1,2,Ljubomir Ugren
6ab04730,2Nk2bR/1P3p2/r1P4n/b1PK3B/3N4/2P5/4R2B/3Q4 w - - 0 1,2,Arnoldo Ellerman
83f73826,B1Q5/8/2p4p/4ppqR/1N2kN2/2KR4/5P1n/8 w - - 0 1,2,Leib Bograd
ab114ff3,3r1B2/p2p4/K5bR/1Q2p3/1p1k4/2p3r1/p2P4/Nq2R1b1 w - - 0 1,2,Евгений Викторович Марков
ebe73926,7K/p7/n2pP1Q1/1PBk3N/1bR2P2/1Pppr2b/N4r2/8 w - - 0 1,2,Andreas Schönholzer
e57842ce,4B3/5R2/2r1PpPp/2Pp1k2/3PNNn1/4pP2/1b1PRP1B/1Q2K3 w - - 0 1,2,Augusto Guilherme Meschick
ff6cbdb4,6R1/8/2B5/8/4N2K/8/5n1k/1R6 w - - 0 1,2,Werner Speckmann
d33ead7e,8/8/8/5Q2/N2P1P2/1p1K4/1p6/1k6 w - - 0 1,2,Lilian Edith Baird
01c56df2,NN4B1/6pp/1p1k2qR/3Pp2b/7B/8/2Q2p2/1KR1n3 w - - 0 1,2,Halvar Hermanson
b13d4882,1Q2N1r1/B7/6nn/3P3N/4k3/2b3R1/B3PP2/3K3b w - - 0 1,2,William Henry Reilly
565e8462,b4R2/2b5/B5r1/6rN/N1Ppp3/1Ppk1P2/3P3n/2K1Q3 w - - 0 1,2,Михаил Васильевич Матрёнин
7b9f0e65,3R1Bn1/KbP2p1r/3Nkb2/2n3P1/BNRp1PP1/8/Q1r5/1q6 w - - 0 1,2,Josef Burda
36cfc882,1Q6/8/1B3p2/4nPp1/3n2p1/1P2k1p1/R3P1P1/1B1K1R2 w - - 0 1,2,Seetharaman Kalyanasundaram
9fc508e7,2bB4/1P1P4/P3P2K/1pN3Q1/rk2N3/pP2R2R/P2n4/r1b1nB2 w - - 0 1,2,Alessandro Cuppini
fd2e9945,N1R5/1p2p3/P1PP1P2/q2k1B1N/3P4/1P2nK2/1Q1R3B/8 w - - 0 1,2,Карл Артур Леонид Иванович Куббель
82d0f320,2K4n/3Bp3/1B1P2p1/4k1Nr/2P1pR2/3n4/3R1Q2/7b w - - 0 1,2,Василь Юрійович Марковцій
1f33eec3,4R3/2p2Q1K/1ppP4/1b6/1PNkP2n/2p5/2B2p2/5N2 w - - 0 1,2,Philippe Robert
b3edaf10,2R1r1B1/qP2R3/2pk1P2/1PN2P2/Pp1n1rpK/3p1pN1/5n1B/2Q1b3 w - - 0 1,2,Gerhard Maleika
d78b5499,b6B/5p2/4P3/4RN1B/4nk1K/6pp/5r1P/Q2N4 w - - 0 1,2,Herbert Siegfried Oskar Ahues
d7c63c53,b4K2/B6p/3p4/N3kPP1/1p5r/4P1Pp/B1Q4N/2b1RR2 w - - 0 1,2,Colin Peter Sydenham
19183ade,8/1K1p2B1/Q2p4/1P1k1P2/5p2/3N4/b1pN2q1/nr2nr1B w - - 0 1,2,Dante Hugo Rizzetti
65954f1b,1B3n2/1K4b1/Np1NR2r/3k4/r2P2p1/7p/8/4RQ2 w - - 0 1,2,Леонид Иванович Загоруйко
902d3f4c,6BB/1Q2p3/r4p2/1pP1k1p1/1r1nN2N/2P2PP1/q3p1K1/1b2R3 w - - 0 1,2,József Tafferner
3974f98e,3Q4/8/8/8/4B3/7N/6bb/3K3k w - - 0 1,2,Андрей Николаевич Дикусаров
c9c8e2f5,8/R3p3/1B6/1bb3K1/3k1N2/1Q4p1/5P2/5n2 w - - 0 1,2,Karel Kondelík
0ae1036a,8/8/K7/8/k3P3/pp6/7Q/8 w - - 0 1,2,Hellmuth Konrad Laaksonen
1e3461e7,2K5/3R4/Bp2NN1p/2p2b1p/7Q/B3kppn/3R4/4b3 w - - 0 1,2,Vittorio Zanco
62371821,8/p2Q2B1/RpPP1pK1/2Pk4/N2pRP2/P5P1/2P5/3N4 w - - 0 1,2,Marián Križovenský
6439597c,5n2/8/4bR1P/3Pk3/4P3/6K1/3N1Q2/8 w - - 0 1,2,Johannes van Dijk
52e2ce5f,5rQ1/2PP3n/4p2N/1pK1p2N/4k3/1R2pr1P/6P1/2B3n1 w - - 0 1,2,Oskar Wielgos
563886d3,8/r3q3/RB1kPP2/4R3/B1pP4/2K3Qp/6n1/8 w - - 0 1,2,Federico Alliney
8d6785c4,nNb4b/1p3Q2/2p3RB/3pk1P1/4p1P1/K2R4/2P2N2/7B w - - 0 1,2,Giacomo Cuniali
6b34e27a,3b4/5K2/b4BN1/3B1k1p/3nppp1/1N1r3r/q2n4/3QR1R1 w - - 0 1,2,Н. Буренко
d7fb9111,8/1K6/p2N4/7Q/1k6/8/P7/2B5 w - - 0 1,2,José R. Camisay
c01f6e0b,Q7/rP2p2k/7B/8/8/3N4/P1R4R/KB5r w - - 0 1,2,Fritz Berhausen
2fe59372,1n5k/3b3P/5KP1/8/8/8/8/5Q2 w - - 0 1,2,Franz Ferdinand Ludwig Palatz
8bac16df,kr6/BR6/P7/8/8/7K/8/Q7 w - - 0 1,2,Микола Олексійович Пархоменко
3c8a0920,3R4/8/2pp2N1/2PbpP2/1Pnkpb1R/4N3/2Q1K3/8 w - - 0 1,2,Ján Janček
0e184edf,3R4/2K5/8/1pk1p3/4P3/2pP4/2P4B/8 w - - 0 1,2,Александр Константинович Калинин
572b3107,3R1R1B/P6K/n3p3/2Pp1ppB/1P2k3/2Pr1r1P/1N2P1N1/3b4 w - - 0 1,2,Василь Васильович Дячук
35dd5b4f,B7/1R6/r2pq1p1/6Q1/1rb1k1Pp/2R1N1pn/4N1K1/8 w - - 0 1,2,Europe Cacciari
a0d98b09,6R1/4Q3/4B3/1K2B3/8/1p1N4/4k3/5N2 w - - 0 1,2,Леонид Арсентьевич Лебедев
9d657973,5B1K/6R1/N2Pkp2/qPR2p1B/2nP4/p6N/1p6/2b5 w - - 0 1,2,Владимир Григорьевич Савченко
3e4ba8f8,8/4Q3/3P1PNN/6k1/8/8/5K2/8 w - - 0 1,2,Екув Логвыновыч
7386a417,6b1/2N5/7r/5p1p/1pk2P2/1Nr1RQ1K/P3P3/1nR2nb1 w - - 0 1,2,Allard Pieter Eerkes
7bc71688,4n3/8/4b3/1QRppk1N/8/1N1P4/K5R1/8 w - - 0 1,2,Noel Aubrey Bonavia Hunt
56a5ea27,1n4QB/b2pp3/4N3/1P1kP3/2q4R/pR2p1N1/B1n1P3/1K6 w - - 0 1,2,Wilhelm Seib
3ff722b2,3R4/pN2kp2/pP4n1/P2B2P1/PKp1r3/Bp5b/3PQ3/3n4 w - - 0 1,2,Вадим Александрович Иванов
30c352ee,4bR2/B7/B3R3/8/1p4P1/p3Q2P/r1p1PNNp/1r2bk1K w - - 0 1,2,Bruno Oswald Sommer
13f3dad5,KQ6/8/7b/3R2RB/2N5/6Np/4P1kB/4n2b w - - 0 1,2,Cyril Henry Stanley Kipping
eadbd276,3n1N2/1Q3p2/2r5/4Pk1P/3R1P1K/1bP5/8/8 w - - 0 1,2,Gunter Jordan
55524134,8/1Q6/K1P3r1/4pp2/R1P1kp2/5r2/1N1R1B2/5bnB w - - 0 1,2,Marco Travasoni
149f0e5f,5N2/5p2/q2P1k2/5N1P/3R1K2/n7/4b3/1R6 w - - 0 1,2,
64ae628d,BB1N3q/p2p3b/5nQR/2kP1n1p/1R1p2p1/K7/8/8 w - - 0 1,2,Bernardus Postma
69ee8ecb,2R1B1K1/6p1/3pn3/1N1kPQ2/r5r1/1P3n2/2NPP3/b2R2q1 w - - 0 1,2,Яків Семенович Вільнер
b0f7f219,2KRN3/5R2/4P3/4p3/2P1k1P1/3nbn1r/1p4r1/2QBq1B1 w - - 0 1,2,Herbert Siegfried Oskar Ahues
18e0e702,8/3Q1R1K/q1p1P1p1/1b2P1p1/r3k1p1/4p2R/B1P2P2/B3r3 w - - 0 1,2,Erkki Aukusti Wirtanen
f6cadd6f,6Q1/7K/2p4p/4P2B/2R5/2pkPN2/2R5/N2rr1b1 w - - 0 1,2,Dimitris N. Kapralos
20427dd4,rb5Q/r2p3K/4NR1P/3PkPP1/3R4/3pn2b/1Bp1q1n1/8 w - - 0 1,2,Adolph Jay Fink
adb8b43c,R7/5p1K/q4B2/1Q6/Bp6/1R6/k1P5/8 w - - 0 1,2,Emil Palkoska
efa38fad,8/8/8/8/K3p3/4k2p/4p2B/4Q3 w - - 0 1,2,Олександр Миколайович Дашковський
75d3b111,8/8/1n2P3/1PQP2q1/4k1P1/1P1Np1P1/5bK1/3R1N2 w - - 0 1,2,József Szöghy
ef66b895,8/3K1R2/8/3p4/3pk3/Q4N2/6r1/5N2 w - - 0 1,2,Comins Mansfield
4b30c06b,4Kb2/BQp1p1rp/3k3N/6P1/2B5/2n5/3N4/8 w - - 0 1,2,Antonio G. Corrias
957507b2,8/3k1N2/K2B4/8/8/4N3/B7/8 w - - 0 1,2,Виктор Андреевич Астахов
e46e7678,8/1bn5/1brp4/8/8/2PkP2R/3N2R1/2BQ3K w - - 0 1,2,Julius Buchwald
240a22d0,3B4/8/1K6/4kpN1/8/8/8/3Q4 w - - 0 1,2,John Brown
4e285350,8/6K1/2Q5/4kp2/2p5/8/3B1N2/8 w - - 0 1,2,Чеслав Андреевич Якубовский
fec92c60,QK6/3R1B2/5N2/bn6/k1p5/P1pP4/2P5/R7 w - - 0 1,2,Валентин Викторович Лидер
e1dcf97d,7B/1p3R2/4B2n/1Knp3b/4kp1N/3prp2/2PPQ1P1/8 w - - 0 1,2,Bohuslav Sivák
9acba1fb,3bQn2/8/4n3/p1Pk2p1/2R3p1/1P4pp/N2KN1q1/B1R4B w - - 0 1,2,Arnoldo Ellerman
37d7c872,5Q2/1K6/8/3B4/3p4/1N4p1/p1k2bR1/Bb1r4 w - - 0 1,2,Pieter ten Cate
b7acb27b,2b5/1R2B3/K2P1r1R/N1kP2Qp/6n1/nBPP4/1b6/r3Nq2 w - - 0 1,2,Leon Tuhan-Baranowski
13659468,1K1R2B1/4B3/Qpb1p2q/4k1PP/nr1p2RN/2P2P2/1N4p1/3r1n2 w - - 0 1,2,Volker Zipf
46d19a98,3R3B/2p1p3/q2b1N1K/nB2P1Rp/N1pk3r/2p2Pp1/b1P1Q3/8 w - - 0 1,2,L. A. Woodward
53df1ecc,5r2/n7/2b4Q/4Npp1/2N1k3/2pR2bp/2P2R2/7K w - - 0 1,2,Владимир Николаевич Рычков
2146df78,8/1N1k4/3B2P1/2K5/6R1/8/8/5B2 w - - 0 1,2,Эдуард Николаевич Наговицын
79260dc8,2N2K2/3B1p2/3R4/4k3/1P2p3/4B3/1n6/8 w - - 0 1,2,Павел Павлович Бобров
aff4c2a9,Rb6/3k1K2/Q7/8/7B/8/8/8 w - - 0 1,2,Борис Дмитриевич Пустовой
e75e2053,8/8/8/B6R/5P2/1N6/K2P1rb1/2RnkBQ1 w - - 0 1,2,Юрий П. Голубев
ef6ed46d,4R3/4B3/5P2/r2p1p2/3k4/8/PP3K2/4RQ2 w - - 0 1,2,Александр П. Корепин
467206c1,6B1/1P1p1Q1p/1K1P2nP/1R1Nk3/3nP1P1/B1P5/2P5/8 w - - 0 1,2,Вячеслав Георгиевич Копаев
dd6f01cb,3bN3/3p3R/3Bk1p1/1p2qN2/p2pBP2/8/6n1/3QR1K1 w - - 0 1,2,Валерій Володимирович Копил
aa9a9fcf,b5BK/6Q1/4n2p/1N1kNR2/1rp3n1/2prpP2/5p1B/8 w - - 0 1,2,Norman Alasdair Macleod
5ee8a235,K7/6R1/8/8/4QNbk/8/3p4/8 w - - 0 1,2,Idon Bruno Hovedskou Andersen
511e60fa,6B1/8/1R2Q3/p1K5/2n5/k7/P7/8 w - - 0 1,2,Віктор Миколайович Пилипенко
6da758d0,6K1/1n1pp3/8/5Q2/3k4/6p1/Q7/5nq1 w - - 0 1,2,Erich Anselm Brunner
ecb46a2e,3K2B1/3N3p/3k4/pP6/1n1P1r2/B2n3N/6RQ/5r2 w - - 0 1,2,Štefan Blunár
799c3b7d,1n1QKn1B/r2P2P1/5R2/NpNP4/p2kpP2/b6r/B1R1PP2/8 w - - 0 1,2,Yves Cheylan
dc6cacf5,1B1N4/2N2P1K/1p1n4/pPk1p3/p3r1R1/1bP5/BQR5/8 w - - 0 1,2,Cornelis Groeneveld
c9acef84,8/4k2K/8/1pR5/6B1/B7/7Q/8 w - - 0 1,2,Werner Speckmann
27d005b6,2N1B3/1KB5/8/1p1k1pP1/pP1P1b1R/p7/P7/4Q3 w - - 0 1,2,Gabriel George D. Koltanowski
49693954,8/6p1/5nQ1/8/5B1R/4PkP1/2p2p2/2K2B2 w - - 0 1,2,Марк Борисович Басістий
88de01f5,Bbb2r2/2p1B2p/1p5p/1R2Pk2/2Q4p/2ppP2P/5nRK/3n1N2 w - - 0 1,2,Rodolfo Riva
ad8627ab,1N2b2b/p1B2P2/3p4/1kqQ4/2p2Rnr/P2prN2/5R1P/3B1nK1 w - - 0 1,2,Svend Orvar Thomsen
1c59438a,7B/3R4/2P1k3/4N3/6K1/8/3b4/8 w - - 0 1,2,Валентин Филиппович Ударцев
8f7c48af,8/2BKN1k1/6P1/8/7P/7N/8/8 w - - 0 1,2,Сүхбаатарын Самбуу
85ff0e0c,8/8/8/8/5B2/8/1R5p/R3Knk1 w - - 0 1,2,Andrzej Babiarz
48426a3c,6R1/Kp2p3/pQ1pP2p/3RB2k/7p/7P/3r3b/7n w - - 0 1,2,José Luis Velasco
1757b6cf,8/8/1K6/1P2kbP1/Q2RB3/3P4/6Nb/8 w - - 0 1,2,Zoltán Zilahi
98b6b0ee,8/1p1K1pN1/3n4/2k2p2/4P3/P3P3/8/1R2NBQ1 w - - 0 1,2,Bruno Ghirelli
58362bbf,8/1N1p4/3p4/5Q2/3k4/8/1N1K4/8 w - - 0 1,2,Ferenc Meinärtz
f68315ae,8/8/2P2N1K/5PP1/4PkNp/2PnpnpP/4b1B1/1Q1r4 w - - 0 1,2,Микола Іванович Нагнибіда
0e34265f,3qrn1B/2bbp1R1/7k/6RB/6pK/6p1/8/7Q w - - 0 1,2,Gerhard Maleika
394d2aa6,K1NN4/R3P3/1B5p/p2k4/5P1p/1P3P2/2p1p3/2r5 w - - 0 1,2,Kjell Einar Widlert
f1f28aa3,8/3N1bNB/1K1p2n1/2Pk4/3p1p2/2P1q3/PP2Q2n/2RR4 w - - 0 1,2,Itzhak Grossman
38c765dc,8/8/8/6K1/1N6/3Pk3/4n3/1N3Q2 w - - 0 1,2,Микола Володимирович Кулігін
4389c9ae,2Q5/8/3p4/1p1N4/3kB3/pb1NpK2/3p1b2/q2r4 w - - 0 1,2,Edward Nathan Frankenstein
c82f72a3,8/K1p1Q3/6p1/3NRp2/3kpp2/Np3n1R/1PPp4/3B2b1 w - - 0 1,2,Александр Николаевич Панкратьев
2ff702a5,1B2N1K1/3B4/5pQ1/3kb1n1/1RpP4/n2r4/4N3/2R5 w - - 0 1,2,Pietro Luciano Placanico
6f11a9f0,8/2R5/8/PN3RB1/kp2N3/3P4/8/1K6 w - - 0 1,2,Павел Александрович Мурашёв
aea04d67,3R4/1N6/4k1K1/1r4p1/3p1b2/B4N2/8/3B3Q w - - 0 1,2,Іван Дмитрович Борисенко
2ff1fcc7,1K1R1B2/1n1N1p2/5r2/3pp1Qn/3kP3/1PpN1p2/2P3pq/4R1b1 w - - 0 1,2,Николай Дмитриевич Надеждин
7776e190,3Q4/8/4p3/2N1P3/2kp4/P1N5/3B4/2KR4 w - - 0 1,2,Umut Sayman
2f28a89a,1Q4bb/3pBP2/2pN4/1PP2P2/3k1N2/qpR1R3/1P1nK2n/8 w - - 0 1,2,Vilmos Schneider
352e44c9,1n3N2/1pB2P2/pPk1B1R1/4p2r/P2p3r/KN2P1b1/2b2pq1/n1QR4 w - - 0 1,2,Gerald Frank Anderson
0de34170,1B2B3/p5p1/2P1N1K1/2PkN1p1/r3n1Q1/1P3P2/2R2p2/3nr2b w - - 0 1,2,Валерий Юрьевич Шаньшин
1c398ab1,1n6/2K2p2/p1pR4/B2Nk3/rpQ1B1Pp/b4pP1/3NPr2/4n2b w - - 0 1,2,László Apró
c8fb9e19,B1K5/B4Q2/4p1P1/8/1PpP2p1/3kp2b/2RP1n2/N5N1 w - - 0 1,2,Malcolm Sim
bdb825c7,B7/B2Pr1N1/2R5/qpNnk1b1/8/2p1p1P1/p7/3RQ2K w - - 0 1,2,Joseph Goldschmidt
e5d53b88,4K1k1/5RB1/8/3Q4/8/8/8/b7 w - - 0 1,2,Robert A. Lincoln
bd1fa3f2,5NR1/1q1p1p2/3P1k2/2N1nb2/2P1Q2n/2r4r/1BB3Rp/b6K w - - 0 1,2,Max Hugo Winkler
2f402450,4K3/3P4/p3BN2/Rb1rk1Pp/1Q1Np3/B2p2n1/3P1R2/8 w - - 0 1,2,Ralph Herbert Bridgewater
8b530c64,3R4/7b/3Pp3/pBpkP3/2n1nRN1/8/8/Q5K1 w - - 0 1,2,Вячеслав Карлович Пильченко
90db34e5,8/8/R1B5/Q7/3K2k1/8/6N1/8 w - - 0 1,2,А. П. Сидоренко
f77cef49,5B2/8/K7/8/kpp5/7R/8/1B6 w - - 0 1,2,Юрий Георгиевич Селявкин
77e5f778,2Q2N2/3p4/3k4/3p4/8/8/3K4/4R3 w - - 0 1,2,Николай Чистяков
479f63f2,k1K5/5p2/1P1Pp3/1p1q4/8/1p6/p7/Q6B w - - 0 1,2,Ladislav sr. Salai
c0f197fa,8/3n3N/4Nq2/2n1pk2/5p2/5Q2/B7/5KR1 w - - 0 1,2,Youness Ben Jelloun
71fc6068,5Nkq/4B3/6KQ/8/8/8/8/8 w - - 0 1,2,Олег Павлович Сакс
cf227f07,5K2/b1Q5/4pR2/3b2p1/1BPk1p2/1P1p4/3N1P2/4r3 w - - 0 1,2,D. Harry Rosenkilde
ca85ef4a,8/1r1nN3/5q2/4b3/1PNkP1Q1/3P4/2K1n3/7b w - - 0 1,2,James Pierce
9fa34cf0,6Q1/8/8/5N2/5k2/5PN1/5P2/3K4 w - - 0 1,2,Вячеслав Карлович Пильченко
c370b81e,1R6/2N5/2B5/2n5/2bk2N1/2n2P2/2P5/B6K w - - 0 1,2,Ladislav jr. Salai
2425f0ee,8/P7/1Kn1R2R/2NkP3/N1p5/4Bn2/1b1PP3/3Q1B2 w - - 0 1,2,Giwi Mosiaschwili
2527819f,5N2/8/2B5/2P1k1nn/6P1/1Kp1B3/Q7/8 w - - 0 1,2,Arthur P. Silvera
7c1fd462,2N1k3/6p1/8/2pK4/2p5/1pR5/n2R2P1/3N4 w - - 0 1,2,Jacques Rotenberg
992d05e0,4R3/5p2/5k1K/r6p/8/1p3N2/8/1Q6 w - - 0 1,2,Gheorghe Nicolaescu
562ba941,8/1pP2K2/4B3/1P1Rp1PN/2PBk3/2pp2r1/1P2P3/r2RN3 w - - 0 1,2,Zoltán Labai
6f41f477,7k/4p2P/3p2P1/5P1N/5K2/4B3/8/8 w - - 0 1,2,
de188121,8/5K2/8/7k/6pB/8/5Q2/5r1R w - - 0 1,2,Werner Speckmann
1c48858c,8/8/8/2Q5/B2pk3/2P3K1/8/8 w - - 0 1,2,Суюнбек Исмаилович Болотбеков
f9ed6d4d,6q1/2b1Qn2/2r2Pp1/B1Np1R2/2Bk4/1p2n1N1/1r4p1/2Rb2K1 w - - 0 1,2,Petrus Overkamp
9e4bf79f,4K3/2p5/R1nPp2R/2p1k1p1/r7/1nPQP1NN/B2q3B/8 w - - 0 1,2,Alexandre Dobordschginidse
c95a4e88,2N1K3/1p2p3/3B4/n2kNP2/4p3/1P2P3/b7/5B2 w - - 0 1,2,Émile Léonard Pradignat
ea8169ff,5Q1K/3rn3/1BbPpnp1/4kNNp/8/1B1P2P1/qb3P2/8 w - - 0 1,2,Juraj Brabec
c9ebb96d,8/8/8/5R2/2N5/4K3/6N1/3k4 w - - 0 1,2,William Edward Lester
103f82a9,K4RQ1/1Np4p/8/1B2p2p/3Pk3/8/1nn3bp/B2N2q1 w - - 0 1,2,Alexander Pituk
3045b633,7q/3N1B1p/6PR/4QNkn/R7/8/7b/3K4 w - - 0 1,2,Gustaaf Josephus Nietvelt
4be4aefd,4br2/1B1p2B1/3p3r/4p2p/1Ppk1P2/3N2R1/2R2Nn1/1Kb5 w - - 0 1,2,Joseph A. Wilhelm
efa9a0b2,6k1/6P1/3P2RK/7P/8/8/8/8 w - - 0 1,2,Ernő Szentgyörgyi
0e9b1c4c,1K6/1Q3n2/2R5/4k3/2n2N2/6P1/2B5/8 w - - 0 1,2,William Johnstone McArthur
f3e7e3e3,B2B2q1/3p4/1p2n1R1/Npkp1N1Q/4n2R/P1p1p3/8/K6b w - - 0 1,2,Leopold Mieczysław Szwedowski
8bfecc86,8/8/4p1R1/R1nb1k1P/1b1P4/3pPN2/3N2K1/5Q2 w - - 0 1,2,John Michael Rice
629aabab,5KN1/8/5Nk1/6pn/8/4n2Q/8/8 w - - 0 1,2,Otto Bernard Wurzburg
f1a360af,n7/8/3R1p2/rk6/pPp2N1Q/b7/1pN1b3/1K6 w - - 0 1,2,Леонід Аврамович Любашевський
28cd61ae,n5B1/2BK2n1/1pPN4/q3k3/1Q1NpRp1/b4pPb/4P3/3r4 w - - 0 1,2,Jacobus Haring
9c8bcc0f,8/8/5pK1/p4R2/Nb2B3/4P3/1N1rk1p1/2Q1n1Bb w - - 0 1,2,Bertil Ernst Elmgren
d81cc215,1BN1B1q1/6np/1R6/1p1kP2r/1P1p1R1b/N3pK2/4P2Q/8 w - - 0 1,2,Róbert Pikler
9704d741,B2Q4/1r2pP1K/2k3p1/1N1p4/3B4/2N4b/qn5b/8 w - - 0 1,2,Norris Easter
d2d7a3ed,KN6/1RNp4/p2pr3/1p1p2bR/1PkP4/P1P2P2/2BP4/8 w - - 0 1,2,Stefano Mariani
16cac764,1r4bn/3R1nK1/B3p1Q1/R4r2/q1pNk1N1/p3B1P1/3bP3/8 w - - 0 1,2,Живота Танић
72c1c66d,2n4K/2R1p3/2n1Np2/2PkBP2/2p1p1N1/b7/3P4/3Q3b w - - 0 1,2,Виктор Иванович Чепижный
f4dd2429,5Q1K/8/4p3/pp2k2N/1r6/Bn1PbB2/2N1P3/2nr4 w - - 0 1,2,Михаил Васильевич Кройтор
f642b529,5R1N/3p2r1/4p3/3RPp2/4NkPP/3p3B/5PQ1/1b3nK1 w - - 0 1,2,Mario Righi
d4204dfc,4Q2B/n4p2/1R2bq2/3k1p1R/1Pp4N/2p1PPb1/2K2pBr/8 w - - 0 1,2,Павел П. Кондратьев
e7430427,8/6p1/1N2p1P1/1nK5/1rp5/1Bk1NQ1R/P4q2/2BRb3 w - - 0 1,2,Hans Johner
8489db74,8/4N3/3P4/K5B1/QP1kbrR1/2p1Np2/2R2p2/5B2 w - - 0 1,2,Charles Sumner Jacobs
5e3d5dea,3R2bK/6B1/N7/5N1p/P1krrR1P/pp4Q1/1b1pP3/1q5B w - - 0 1,2,Barry Jack da Costa Andrade
4aabd6cb,8/3p4/1Q6/3k2K1/8/4P1B1/8/3B4 w - - 0 1,2,Robert A. Lincoln
c82dce62,1nR5/b2pp3/6bR/1pNk4/1P1p2p1/1p4B1/4Q3/5K2 w - - 0 1,2,Herbert Siegfried Oskar Ahues
3d28943c,2Q5/K4p2/8/1PB5/B3Pr2/2k5/3RR1pq/6b1 w - - 0 1,2,Cyril Henry Stanley Kipping
194b93e0,2R5/qP1N3K/2NkB3/ppp2Pp1/8/4b3/3Bp3/3R4 w - - 0 1,2,Philip Barron
32ddcd6a,1b6/Ppp4n/1Q2N3/3pk3/5R2/7P/4K3/8 w - - 0 1,2,Klaus Peter Hoffmann
e1733ec2,8/Pp1bR3/1pk1p3/1N1qRN2/B2pQ3/1p1K1p2/1P3B2/8 w - - 0 1,2,Ferenc Böhm
9df12595,4KNn1/n7/4Nk2/2p2pbp/2Pp1p2/2B2P1q/3P4/r7 w - - 0 1,2,Josef Drnek
3ce92ab8,8/1PN1k2P/4B3/4B3/8/8/8/3K4 w - - 0 1,2,Талип Хасанович Амиров
2287e77a,3B3b/2p2r2/2p3p1/P1k1N3/1pPR4/1B3r2/4N2Q/K1R5 w - - 0 1,2,Miklós Schoblocher
60d7bc2d,5b2/8/2R5/1pnp3R/1P1kN1n1/K4p2/1PQ3b1/2B5 w - - 0 1,2,Александр Фёдорович Феоктистов
38214f5a,8/3p4/Q2p4/1RrpRB2/3k2K1/1P6/1P6/8 w - - 0 1,2,Sámuel Gold
72d1bc17,2QK2b1/1p6/1p6/3k4/1PNp4/3pbP2/q2n1NR1/7B w - - 0 1,2,Василь Васильович Дячук
8d9be9a1,2B5/6p1/4Q1Kb/1p1q2p1/PPkpRpR1/5PP1/N1P5/8 w - - 0 1,2,Gerald P. Bowell
dfe15a74,1Q6/5pp1/8/5kNR/3K4/8/8/8 w - - 0 1,2,Emilio Battaglia
46917d47,6K1/8/7B/1pN4B/6Qp/4NP2/4kqnR/R3bbn1 w - - 0 1,2,Comins Mansfield
35df7fe3,6R1/3nR3/Q7/3rprp1/3p1k1b/q3pn1B/3B1NPp/5N1K w - - 0 1,2,Ján Kovalič
9986d200,6B1/7N/5Pkp/1r5p/r5pP/3RN3/1pR4b/1Q5K w - - 0 1,2,Jerzy Konikowski
6215a262,1N5K/4ppQ1/1PB2n2/b1k2Np1/1R4P1/1Pn5/2P5/2B5 w - - 0 1,2,Pedro Riera y Riqué
56ced747,K7/3Q2b1/5p2/6P1/R2BN2k/6pN/5nR1/3B4 w - - 0 1,2,John Michael Rice
3bad1173,KB6/p3p2n/2R1Nb1R/1P1k2pQ/r2P4/7p/2P2N2/4n2b w - - 0 1,2,Віктор Олександрович Мельниченко
136561f9,8/8/8/3Q3P/5R1B/KR2p1q1/3P1N2/3Bk3 w - - 0 1,2,Лев Ильич Лошинский
538ec972,B3K3/3p1p2/1Qnk4/2pPp1NR/b1r5/3q4/3N4/3R4 w - - 0 1,2,Константин Григорьевич Гаврилов
3c4f93ed,8/5n2/7B/4kP2/8/Q7/7K/1B6 w - - 0 1,2,Nikolaj Zujev
98f12b19,1N3B2/P1p1r2r/3n4/P1kb2R1/Kp6/1pb1P3/1NqP4/2R2Q2 w - - 0 1,2,Åke Hesselgren
995388a8,B7/6r1/1Q1PPB1N/5b2/4PkpR/5P1R/7K/2b5 w - - 0 1,2,Marco Guida
6c6353c9,8/NKn3p1/2PB2P1/2P2p2/1PpkqN1Q/1prbR3/1Pn1PP1p/2R4B w - - 0 1,2,Otto Nerong
893d8377,K6B/7B/2Qp4/2p1n1p1/3Rn2r/2k1Nb1R/PbNp4/8 w - - 0 1,2,Antonio Piatesi
817179d2,2q2n2/2p1QRN1/2B1b3/p3r1p1/p2P1R1B/4k3/2Ppp3/KN2b2n w - - 0 1,2,Henry E. Funk
184fc72b,2R2qn1/3pp3/2B5/1P2P3/Pp4p1/1Nk1rn1R/KNp5/Q5Br w - - 0 1,2,Georg Fröhlich
fc7dacc0,8/8/Bp2qBN1/4Pk1p/3RN1R1/r2bPp1n/pPQ5/K3b3 w - - 0 1,2,Василь Васильович Дячук
5c10af9f,7k/5r1p/5P1N/7K/8/8/8/B7 w - - 0 1,2,Александр Григорьевич Андреев
10ae6b84,1N3k2/4RP1K/4R3/4n3/8/8/8/8 w - - 0 1,2,Tibor Schönberger
d0032a98,K5Q1/1p6/bB3RN1/8/3nk2r/R7/3p4/1N1qr3 w - - 0 1,2,David J. Shire
e3efc7db,2Qbq3/RNn5/1p1B4/1kNP4/8/P4n2/4b2p/1BR4K w - - 0 1,2,Erwin Groß
cfc72ce7,b7/7K/3nNp1N/p3kP2/r7/p3P1n1/B1Q5/4R3 w - - 0 1,2,David jr. Booth
28c4fa0b,8/2rp4/6p1/bQRpp1R1/3kp2N/2N5/2n1KP2/1B6 w - - 0 1,2,Иван Иванович Стороженко
67485eb9,5n2/2Qb2RB/1p3r2/B3P3/3k4/2NN1P2/2P2P2/1Kn5 w - - 0 1,2,Ļevs Ulanovs
0291e88e,1B6/5B2/1p1p1p2/1K2k3/1Rn2bR1/pN1p2N1/6n1/4r2Q w - - 0 1,2,
ad5faa0f,4K3/pN1Qp1P1/2p2p1b/1b1NP3/1R1pk1P1/1B1p3R/4P2B/q1r2r2 w - - 0 1,2,Michael Keller
f07afcca,1K6/N2p2R1/1nbk1B2/2p2P2/2p1p1P1/2Nq4/r6b/2QR4 w - - 0 1,2,Израиль Давидович Каценеленбоген
ff0e1971,B2n4/1r5p/N2p3R/3k1p2/P7/Kn3P2/2N1Q3/8 w - - 0 1,2,Martin F. Lindeberg
46c78f8f,8/4p3/2K1RP2/2Np4/3k4/1PpNp3/p3pp2/4QBB1 w - - 0 1,2,Dragutin Bišćan
38d4a4cb,3B1b2/4q2Q/6Rn/5k1p/3K4/2PNPP2/2R5/1B1N3b w - - 0 1,2,Oskar Wilhelm Brenander
2c9b051e,2B5/1R6/8/8/5p1p/Q4N1r/6kp/4K2b w - - 0 1,2,Karel Peter Traxler
26147c2d,3K4/3Np3/2R2Pb1/1P1k1B2/1P1q1n2/1P3P2/1QNrn3/2b5 w - - 0 1,2,Pedro Fastosky
df9468bb,R7/6Pq/8/5p2/6rr/2NNp3/B1p4p/k1K2n1b w - - 0 1,2,Máximo Borges Minhava
1a952c75,8/8/8/4p1P1/2p1P1PP/6RP/2Pk1N1Q/6RK w - - 0 1,2,Николай Александрович Быков
c7f69fac,8/8/N3K2B/8/3Pk1pQ/NnP2b2/3Pr1P1/5B2 w - - 0 1,2,
ff31ddc1,2R5/8/8/8/5K2/3p4/3kP3/2N4R w - - 0 1,2,Марк Рейтман
c1864b9c,6r1/7p/2pN1P2/2KQPbp1/1N1P1kpP/2pp1p2/5P2/4r3 w - - 0 1,2,Lajos Riczu
a478d51e,2qb2N1/K1pNB3/BPk1Pp2/Rp1pPP2/bp6/7Q/6P1/8 w - - 0 1,2,Salman Cavadzadə
adca9344,K1BQ4/3pp3/p4r1B/r1n2k1P/ppNnR3/q4b2/3N1R2/8 w - - 0 1,2,Otto Oppenheimer
088b1d03,3K1R2/4NN2/3P2r1/4B3/2p1k3/n1Q5/2n1B3/5r2 w - - 0 1,2,Vojtech Katreniak
b1093a70,1R2B1Q1/5r2/N2k4/5P2/5P2/6N1/8/6K1 w - - 0 1,2,Adolf Leonard Ahlbom
cd3e8cce,2N1R2K/n7/R2P1P2/3kbn1N/BPp3Q1/B3P2p/6qp/8 w - - 0 1,2,Alexander Pituk
10fba1cc,5n2/4N3/1n1p1p2/Q1qbk3/3NB3/2R2PK1/1B6/3R4 w - - 0 1,2,Matthieu Leschemelle
cd5e6c70,1N5r/P2p4/2n1n1B1/1Rpk1N2/2pP2P1/4R1P1/8/1KQ5 w - - 0 1,2,Николай Иванович Бельчиков
03f20f2b,8/4Q3/B1p5/3k4/8/8/4N1K1/8 w - - 0 1,2,Іван Григорович Осауленко
0ec121f4,8/8/8/B3N3/5n1b/3p1p2/1K1pPR2/R2NkBn1 w - - 0 1,2,Вячеслав Карлович Пильченко
feb9be4a,2n5/8/1n4Q1/2Bkp1Pp/1Pp4R/K7/B7/8 w - - 0 1,2,József Bajtay
b624ac61,4B2b/3K4/3N1p1R/3p2k1/7r/3pRbp1/3Bp3/Q7 w - - 0 1,2,Godfrey F. Heathcote
2b074ca3,1KBk4/8/2bN3n/4R3/8/8/8/8 w - - 0 1,2,Max Otto
df7fe127,4n3/7b/2KpNn2/Q3Bp1R/2Npk1p1/4b3/R7/5B2 w - - 0 1,2,Alessandro Fasano
5e4eb147,8/KQ4p1/p7/R1P5/3kp1N1/2p1pR1r/2PpqP2/7b w - - 0 1,2,Johann Bernhard Michael Schneider
bd9255ca,8/1N2p3/R1R1K3/1p4p1/PkP5/6Q1/1P6/1n6 w - - 0 1,2,Halvar Hermanson
c8f4cd1a,4B3/8/3Q2N1/6p1/R3b1k1/6N1/8/6K1 w - - 0 1,2,Nicolae Popa
3f07a20f,7R/8/8/8/6Rp/7p/5K2/7k w - - 0 1,2,Миливој С. Нешић
01b78fe1,b2R3B/3np2B/5n2/KQ2Pr2/1p2k3/5Rp1/2N1p1p1/b7 w - - 0 1,2,Jan Hartong
1f9c8eeb,8/3p4/B1pBk1K1/6pp/6r1/1N1Rb3/8/7Q w - - 0 1,2,Philippe Robert
5bafd433,2b5/5Qp1/3pPnN1/2BkN3/8/PK6/1P2P3/1BR5 w - - 0 1,2,Johannes Jacob Rietveld
fdc7a9ca,Q1B1R3/2N5/K2n2P1/2R1N2r/5kpB/3p1p2/5P2/1b2r3 w - - 0 1,2,Vincenzo Tinebra
e33dd4af,2R1Q3/1pn1B3/nrrP3K/2kN4/1p1N4/1p1PP3/8/7B w - - 0 1,2,Arnoldo Ellerman
061fafd3,K2k4/3P1n2/3R4/8/8/8/8/1Q2B3 w - - 0 1,2,Oskar Blumenthal
2a45d41b,KB6/8/8/5N2/8/5Qpk/5b2/8 w - - 0 1,2,Анатолий Васильевич Слесаренко
edc02479,8/7R/3pkp1B/4p3/1K6/5Q2/8/8 w - - 0 1,2,Владимир Владимирович Кожакин
6aa9086b,b1Rr4/bnqpN2p/B7/1r2p1QK/1pk5/nNp5/2P5/8 w - - 0 1,2,Geert Smit
ac62d8b4,8/K1p5/B4NR1/1PkP3r/5B2/P1P1P3/bN6/2r5 w - - 0 1,2,Ісаак Ілліч Кавнатський
21aed85a,B4B2/rr2p2K/1p4p1/nN1k1nR1/3N1P2/1bQP4/8/8 w - - 0 1,2,László Schór
c4b394f6,3R3B/2p5/2pb1N2/Q1R1N3/2Pk4/3P4/P4P1K/8 w - - 0 1,2,Frank Richter
54d7b8cb,4R2K/B3bp2/1R3npN/p7/3P2r1/r1n1k1P1/q1b3PP/1N1Q1B2 w - - 0 1,2,Лев И. Соколов-Барданов
64b5f5b3,8/3p4/1Q1P2p1/3kpbR1/6p1/6K1/P3NN2/5B2 w - - 0 1,2,Gustav A. Barth
816bbd2a,1Q6/8/3K4/pP2N3/1k1N4/r1p5/P7/8 w - - 0 1,2,Ján Valuška
268cab03,Q7/8/1K6/4p3/2pk4/5R2/8/8 w - - 0 1,2,Edward Samuell
e2120084,8/1b6/2p4r/1B6/8/K3p1Bp/1NR1rpRN/nQb1k3 w - - 0 1,2,Thomas Maeder
7c1f3f5b,1n6/4R1pK/5pN1/1BPk2Np/1R5q/r2b1P2/8/1n1Q2B1 w - - 0 1,2,Lars Aksglæde Larsen
5f2de643,6B1/1Q6/8/3n4/8/K1P1p3/1Bb1N3/1k6 w - - 0 1,2,Cornelis Groeneveld
d33fbe0c,8/7N/4n1N1/4bp2/2K1k3/R2nB3/1p3PP1/8 w - - 0 1,2,Николай Николаевич Акимов
fd17a130,8/8/3K1p2/8/3k2b1/2R1R2N/8/8 w - - 0 1,2,Robert A. Lincoln
4b047c07,3b4/3R1p2/1pB1P3/2RKP2r/b5Q1/Np1kB3/1P1n1P2/1n6 w - - 0 1,2,Ewgenij E. Leunas
aa735ba1,r7/1N1p4/n3nr1Q/6q1/P1k1Bpp1/bR6/P7/1K1RB3 w - - 0 1,2,Villy Charles Esbjørn Nielsen
fab1d531,r3k2r/4b2n/1RP3PN/Bqp1Qp2/2p5/8/3R1K2/8 w - - 0 1,2,Федір Михайлович Капустін
d3741f06,8/R3P3/2pP4/1pPk2K1/1B6/5N2/5P2/2N2B2 w - - 0 1,2,Laimons Mangaļis
ca3103d3,4b2K/1r5p/2B2Q2/R2p3r/n1kBN3/1pp5/1RN1Pp1b/q4n2 w - - 0 1,2,Francesco Simoni
3e569367,8/8/1N6/5p2/R2BkN1R/3n2K1/rQn3P1/1B3r2 w - - 0 1,2,Santi Pirrone
383742d2,6Q1/B3p3/2B5/2qppp2/n2Pk2K/R6p/4PR2/1b1n1r2 w - - 0 1,2,Allard Pieter Eerkes
aaa71e01,1BB2K2/1b1PNnN1/6pp/R3n3/r3QpkP/7R/1b2P1P1/1q6 w - - 0 1,2,József Szöghy
95806758,6b1/3Q1Bn1/2P1Pb2/rp2NRpP/1p1pk2p/3p2R1/5PPK/2B2N2 w - - 0 1,2,Waldemar Mażul
3312e87f,8/1b1p1Bn1/3b2K1/R1p1k1p1/2R5/1r2p3/4QN2/6r1 w - - 0 1,2,Hrvoje Bartolović
8f6e5120,7B/1pN3n1/q1p1PRpb/2P1kPP1/1p6/p1R1P1N1/Q3P3/7K w - - 0 1,2,Олег Iгорович Ковбаса
68f58dea,8/2pN2b1/Kp6/2p5/Npk1n1nQ/1p3B1q/8/3RR3 w - - 0 1,2,Сергей Иванович Пименов
ae62da34,Q5b1/7r/6rp/3R2nR/1N1PkP2/1K5p/8/2BB4 w - - 0 1,2,Herbert Grasemann
165ef142,BN2b1Q1/3P4/P2np3/P1k2NBR/K1Pn4/8/8/2R5 w - - 0 1,2,Marcel Segers
897ed3a0,3nK2R/5p2/7R/1Pk5/P3QPp1/4qrN1/B2BN3/4b3 w - - 0 1,2,Дмитрий Витальевич Жилко
2bc07c61,4n3/B7/6pK/R6N/3Nk3/1B1pP2P/5br1/4RQr1 w - - 0 1,2,Ernst Bachl
e060e139,B1R5/N4p2/pp1K4/1b4N1/1ppk4/2rr1p2/R2Q1Pnn/B7 w - - 0 1,2,Robert Hoe Seymour
5b92aa36,Rb1Q4/p1P2Bp1/1P1P4/4K3/4P3/3N4/8/kr5R w - - 0 1,2,Willem Hoek
6af354cb,8/6Q1/8/8/k2K4/8/8/8 w - - 0 1,2,Tivadar Kardos
036c4ffd,b5N1/5Q2/R1nk3K/2N5/1b6/Bn2P3/3P4/3R4 w - - 0 1,2,José Tolosa y Carreras
c3ac05db,7K/6N1/5pk1/8/8/4QP2/8/8 w - - 0 1,2,Юрий Александрович Жарков
af84866a,8/N3Q3/8/1K1kp3/BPR2p2/NP3P1b/1n2p3/Br6 w - - 0 1,2,Ján Golha
27d16cf2,8/8/n4N2/4p3/6N1/1QPk2Kn/3p4/3B4 w - - 0 1,2,Vladimirs Romanovskis
228b53d7,8/2p1q3/B5Qr/B3R3/3p4/p2PNp2/1P2k3/KR1N1b1n w - - 0 1,2,David Hjelle
c71e2496,8/1p2p3/3p4/1K1k3n/7R/4Rr2/3b2Q1/5nBb w - - 0 1,2,Евгений Павлович Сорокин
2c47e65d,1n1B4/7q/3kp3/R1NpN3/5P2/K1P2Q2/8/8 w - - 0 1,2,William Kurtz Wimsatt
38189aa4,8/p2N4/Q3R3/8/3k4/7N/8/2K5 w - - 0 1,2,Heinz Brixi
90f71f80,B7/R7/1RK5/4k3/6P1/8/6Q1/8 w - - 0 1,2,Валерій Володимирович Копил
5fc5ab69,8/2p2b2/4p3/K4N1r/2QNk3/1p1RPp1p/2p4B/8 w - - 0 1,2,Antonio Bottacchi
bd018d4d,8/1q4b1/8/1p6/n2kP1QR/1pR5/1Pb2P1B/K3N1n1 w - - 0 1,2,José Antonio López Parcerisa
e5fcf7fe,8/2P5/3p1R2/2nNk1p1/6P1/1p1PKP2/1P3N2/Q6B w - - 0 1,2,Анатолій Лазарєвич Саркіц
a8b1dc7d,1B4Qn/p2Np2K/1R2P3/1B1k1N1p/1b1P1P2/rb1n4/4R3/7q w - - 0 1,2,Byron Zappas
164c88fd,8/1B2b2K/1NR5/3Rr1p1/3rk3/4p3/6P1/1b3Q2 w - - 0 1,2,Geoffrey R. Foster
e5ff0c70,2N1K3/2p2p2/5pPB/2k5/2P5/P2pp3/6n1/8 w - - 0 1,2,Brian David Stephenson
b7744b3a,1B6/4Q1R1/2p1bp2/2K2k2/5p2/2N5/4P1np/7B w - - 0 1,2,Chithathur Gopalan Sathya Narayanan
3d0c3cd5,2B5/8/4p1p1/2p1k1P1/R1PR2K1/B7/2P5/8 w - - 0 1,2,Nicolo Sardotsch
31510271,Q1Nb4/p3pR2/3pp3/2B1kppb/1N3p2/1K4P1/2B2R2/4n3 w - - 0 1,2,Wacław Hebelt
37cb3766,6nB/2RK4/5pp1/1p2k1p1/1P2n1P1/2p1PQ2/2P5/8 w - - 0 1,2,Edward Millins
a3118234,5r2/b1pB4/K1p5/1N2k1Pb/3Rp1p1/P1PP2P1/6q1/2BNR1Q1 w - - 0 1,2,Abdelaziz Onkoud
18ef6ecb,2b4b/3p1K2/RN1kP3/4Rp1n/1prp2N1/1qp2B2/7Q/8 w - - 0 1,2,Godfrey F. Heathcote
12bc723f,b7/6p1/1p6/N5Q1/3kp3/4R3/4K3/8 w - - 0 1,2,Štefan Vincze
2a9bb9a0,8/4pN2/Q4b1R/4pk2/2P2P2/2pR2P1/2K4N/1B6 w - - 0 1,2,Karol Mlynka
db78d10e,6Bn/3p1q2/p2P4/P1pk4/3N1Q2/BP2R1p1/3pP1P1/3RbK2 w - - 0 1,2,Edward W. Beal
99027697,4R3/5pp1/2N2kbp/KQ6/1P2p3/2b3R1/pB3r2/q7 w - - 0 1,2,Duncan Pirnie
e77a0829,5QR1/2P5/K1p5/2B5/k2n1p2/4P3/3N4/8 w - - 0 1,2,Григорий Александрович Промышлянский
6d200fce,8/4K3/8/7n/8/4N3/1R2P2R/4k3 w - - 0 1,2,Jan Robert Mortensen
5bfd2788,2K5/4p2Q/5k2/7R/6P1/7N/8/8 w - - 0 1,2,Євгеній Михайлович Богданов
9a6b4937,6b1/3n2B1/4P3/1r5k/1p3p1p/3Q1P1N/7K/3B2n1 w - - 0 1,2,Willy Paul May
5ad5a840,5N2/7p/1P2P3/2QpkpnN/1P6/1p5B/1Kb1PPr1/B7 w - - 0 1,2,K. Sujitno
2682693c,3Q4/b7/1B1pR2N/2npP2p/3kP3/KPR3n1/1p2rp2/1N3B2 w - - 0 1,2,Johannes van Dijk
55c32334,4R3/1B1pKp1p/1Np4P/pn2k3/p5RN/P3P3/8/4Bn2 w - - 0 1,2,Carl Bilfinger
dee9787b,7B/1B6/5Q2/b5P1/1p2N1p1/1pp1kbp1/1N1n2P1/4K3 w - - 0 1,2,Виктор Юрьевич Лукьянов
c6480194,2N1R1Bn/2p2n2/2N3p1/1P1kP1P1/1K2p3/4P3/8/8 w - - 0 1,2,Allard Pieter Eerkes
d9715ed5,6Q1/2b3p1/Rq3k1p/4nnrP/3R1P2/5p1B/1B3Np1/6K1 w - - 0 1,2,Robert Rupp
c174a311,4Q1N1/pqp1p2r/1pn1k2r/1N1R2R1/B7/2p5/8/K5b1 w - - 0 1,2,Hubert Gockel
2d760868,4r3/6p1/2p5/2R5/4k3/1NP1N1K1/2P2P2/2b5 w - - 0 1,2,Ralf Aschemann
063cb51a,1KBnb3/R1P1PN2/1pk1N3/1p1p1P1n/3R2pq/2r3bp/4Q3/8 w - - 0 1,2,Tibor Ébend
71a9419a,8/8/3K4/8/5N2/6kB/4QNP1/8 w - - 0 1,2,Євген Сергійович Орлов
fcab604f,4n3/2N4B/R3n3/2r1k3/8/7b/5R1K/3QN3 w - - 0 1,2,Emil Luukkonen
f8ba62f9,3N4/8/3B4/2pkpN1Q/8/8/P2K2P1/8 w - - 0 1,2,William E. Arnold
132c7209,8/1N1n4/3K4/2pn4/2R5/2pk4/Q3N3/2B5 w - - 0 1,2,Tivadar Kardos
8292bd58,7R/qP6/8/P7/4P3/5N1K/6PB/5B1k w - - 0 1,2,Милан Велимировић
48ebf3cf,5NK1/1bp5/3p4/pBPkpp2/pP1P4/2P2P2/8/7Q w - - 0 1,2,Alex Casa
8eec63df,5n2/4N3/3ppp1B/R1bbkrpR/4p3/4PpPQ/5P2/6K1 w - - 0 1,2,Lennox F. Beach
b81d5d13,8/8/8/8/B2K4/2Q5/1p6/1k6 w - - 0 1,2,Butwillo
f6d79dc7,8/1b6/3N4/8/3N1p2/2PkPRn1/3B4/K3Qn1r w - - 0 1,2,Hans Franz Lange
1ed56fa3,4B1b1/8/1K1p4/pR6/P4p2/1p5q/k2P2R1/2Q1N3 w - - 0 1,2,Николай П. Малафиенко
9d3fed5f,3Bn2K/2Pp4/3Nk1P1/R3P2R/p2P4/Qb2n3/7b/7r w - - 0 1,2,Cornelis Groeneveld
d20ee29c,N7/8/PP6/kN1Q1R2/1p4R1/p7/3p3K/8 w - - 0 1,2,Виктор Иванович Чепижный
0833bcae,3q4/2pr4/5r1Q/PPB1b1nB/KNk5/1N4R1/1P4bR/8 w - - 0 1,2,Евгений Александрович Петров
00b06973,1B2NN1K/5B1p/2p5/5R1P/np1k3r/4R3/1b1nPP2/3rQ3 w - - 0 1,2,Josif Michailowitsch Kricheli
b29bd18f,8/8/6K1/4N1p1/7p/7k/5Q2/8 w - - 0 1,2,Robert A. Lincoln
d69bba5f,1rR4q/nn1N2Bp/2b5/2P1p1bQ/2k2r2/1R1pp3/K1N5/7B w - - 0 1,2,Wacław Grzankowski
25efa055,2N5/2R1Kp1n/3p2p1/1r1k4/1ppB1QN1/4pb2/3n1r2/4q3 w - - 0 1,2,Johann Christoffel van Gool
642b5a36,6B1/2K1kP1R/8/5p2/4bP1N/4R3/4P3/8 w - - 0 1,2,Lajos Szász
3023d368,K3B1bB/5p2/4p3/p3Nk2/3p2R1/5p1P/8/q7 w - - 0 1,2,Herbert Siegfried Oskar Ahues
195fb267,3R4/Pp6/qK6/rp6/1R2p3/k3p2P/PQ2N3/BBN5 w - - 0 1,2,Uri Avner
0de5a671,8/3K4/5BQp/8/4Bk2/4p3/4P3/4br2 w - - 0 1,2,Hrvoje Bartolović
a9e567ed,6n1/P2P1P2/2pb1pq1/R1Bk1B1R/3Pp3/1K2p3/8/8 w - - 0 1,2,Jean Roche
8fe944c1,8/R3P3/K2p4/3k4/8/2Q5/8/1B6 w - - 0 1,2,Josef Kupper
e41ae88b,1N6/1nBP3r/4P3/P1kP1p1p/Pn1R3K/5N2/4Q3/1r3b2 w - - 0 1,2,Ján Valuška
c4d02707,4Q3/3p4/3Pb3/2p2N2/8/p1r2p1N/R1P1kP1p/2KR3n w - - 0 1,2,Pieter ten Cate
30f1deca,8/1N1p4/K1PR4/1p3PRB/n2Pkq2/2Q5/N1PB4/2n5 w - - 0 1,2,Bas den Toom
c30e0e09,B7/2Q2nB1/R2q1r2/2p1k3/R1p4N/7N/4K3/8 w - - 0 1,2,Christopher Richard Benson Sumner
a4a0f782,7Q/2p5/p1p1K3/rkBnn1R1/p3Bp2/P7/2R5/3Nr3 w - - 0 1,2,Touw Hian Bwee
141f224e,8/8/8/8/2K4p/R4B1p/1B3k1N/8 w - - 0 1,2,Lajos Riczu
eea24a5a,R7/3pN2P/K2k4/8/4R3/8/8/8 w - - 0 1,2,Willem Hoek
f75bc808,1Q1Nn3/p7/8/K1kb3R/1p1nq3/1R1p4/BP1b4/2N3B1 w - - 0 1,2,Hermann Axt
8455ecfc,5n2/2Q1p3/1p6/1R6/p2k2Kp/8/2B2P2/8 w - - 0 1,2,Frank Healey
dcdedb8c,4NN2/4p3/4B3/3pkp2/K3p2P/4Q3/2P5/8 w - - 0 1,2,Jozef Taraba
9f24ad23,K4B2/3R4/2P4Q/3PN3/3kq1P1/1P6/1P3N2/5n2 w - - 0 1,2,Róbert Kintzig
7da1ca5e,4nQ2/K1N2bq1/4R3/1Bpp4/1b1k1p2/pr6/2RP1N2/2r3B1 w - - 0 1,2,Suaminatha Subrahmanyam
8bc559f0,3B1N2/3p3Q/2p2rp1/6k1/rR1n1N2/7B/q1b1PR2/b1n2K2 w - - 0 1,2,Francis J. C. de Blasio
e701d8c2,4R1B1/q7/2Q1n2p/3pb3/N3kpP1/2pnpN1R/P1P5/K7 w - - 0 1,2,Константин Григорьевич Гаврилов
dcaf6242,Q3N3/K1p3Pb/5p2/R7/4Pk2/4N2p/1B2PPq1/6RB w - - 0 1,2,László Apró
1ed06501,Q6b/1B4B1/3pN3/KN1q1R1P/R1b1k3/2n1r2n/2P5/8 w - - 0 1,2,Семён Семёнович Левман
adae1e86,4q2B/R5Qn/4k3/b7/3R4/p2B1n1b/K7/8 w - - 0 1,2,Emil Hoffmann
0e26f0d1,3b4/2B4r/2B5/8/3P1R1N/R5Pk/4P3/5b1K w - - 0 1,2,Kabe Moen
92dd40fd,8/8/2pN4/2B5/5r2/1p1k2N1/1K1p3p/2n4Q w - - 0 1,2,George Frederick Harold Packer
2146bca0,4n3/1p2K3/1P6/4kp2/1N2p3/8/3Q4/8 w - - 0 1,2,Adolph L. Decker
a58da195,3K4/8/4k2N/R1P2RpP/1P1p1p2/3P4/r3rN1Q/8 w - - 0 1,2,Elihu S. Maguire
e88f19ae,8/6q1/4pN2/4k2P/1B2P3/3KQ3/3P1P2/8 w - - 0 1,2,Robert Braune
ea34b6e1,8/8/4p1b1/8/3Bn3/2p1QRq1/K3PrN1/5kbB w - - 0 1,2,Jacob E. Funk
65e6ad6b,4n3/4p3/4p3/RpB1kP1b/1PPpr1pQ/p1P3PN/8/1BKN1R2 w - - 0 1,2,Zoltán Labai
483f7081,2R5/1k6/R7/1K6/8/8/8/8 w - - 0 1,2,Jan Kubečka
733f1860,8/7n/K4p1R/1N3kp1/3p1rNp/3q3Q/8/1B2R1B1 w - - 0 1,2,Edgar Dinwiddie Holladay
4c0d9e18,2B2q2/8/3P1RP1/4k3/2P5/2pP3n/2K5/2B3Q1 w - - 0 1,2,Lambertus Adrianus Kuijers
66b9b2c2,q2b2r1/3p1N1R/1n1Q2p1/4B3/1R2r1k1/2p2N2/4B3/3n2K1 w - - 0 1,2,John James O'Keefe
b5981188,2Q5/5n2/B7/8/4NNr1/4pp2/P3qB2/R1K2k2 w - - 0 1,2,Pieter ten Cate
3cc65cd1,1B3Q1K/pb1P1B2/6p1/3PP3/2Npk2N/3R2R1/1P1ppp2/2br1r2 w - - 0 1,2,Miroslav Brada
c1cd4215,Q4n2/2p5/6pr/2PPkBP1/Rn3N2/2PP1Prq/4N2B/1K2R3 w - - 0 1,2,David Hjelle
d7461c31,8/Rnp3B1/K7/pPkp1Q2/2N2bR1/P4pr1/4nN2/5B2 w - - 0 1,2,Julius Buchwald
ed2e3cea,3K4/7B/2Qpb3/1Np1r3/RB4p1/R2Pk1p1/3pppPN/5r2 w - - 0 1,2,Israel Abraham Schiffmann
3ad8f6e1,8/Q5p1/R3pN2/4k3/6P1/6N1/8/1K6 w - - 0 1,2,Charles Alexander Gilberg
37dba480,2RN4/3N3K/6Bb/B2pP3/2Pk1n2/1rrn3R/8/3Q4 w - - 0 1,2,Johannes van Dijk
bf81342a,b7/B3Q1r1/7b/pp1P1P2/n1k3rR/R7/2N1P1Bp/7K w - - 0 1,2,Béla Bakay
0e767fc6,2n5/4p3/3P2P1/r2N3Q/2r1kN2/2p4K/3nP3/6B1 w - - 0 1,2,Євгеній Михайлович Богданов
164c47ff,1b2R3/6R1/7p/7p/3NPkP1/5N2/5P2/1b1Bn2K w - - 0 1,2,Ottavio Stocchi
f27a3c60,KN6/1p3N1p/prP2B2/1pkp1p1r/3R4/2p5/B6n/4R1b1 w - - 0 1,2,Марсил Халикович Гафаров
deb182c7,8/8/1p6/n2Qp3/B1Rn1B2/bq6/8/3k1K2 w - - 0 1,2,Miroslav Havel
b3076a66,3br3/5bQN/2PB2p1/1B1P2P1/2N1k3/3R1R2/4n3/K4n2 w - - 0 1,2,Karl Lorenz Jesper Jespersen
bca284d3,8/2N5/8/2n3N1/3kBB2/1Pn5/2K5/8 w - - 0 1,2,Никтополион Павлович Кащеев
26fd69ba,8/8/1p6/1K6/8/pk2N3/3Q4/n7 w - - 0 1,2,Miklós S. Locker
604292d7,8/3p2p1/3B2B1/1p1Pr1p1/1Rn2kPb/3pN1pQ/3P1n2/4KRN1 w - - 0 1,2,Marian Wróbel
5c8ac74b,6K1/8/5Npk/7P/8/4P3/1Q6/8 w - - 0 1,2,Александр Григорьевич Андреев
7fa16fa3,1Q2b3/1n6/3n2p1/2p1k1B1/2B3pN/3PP3/1p3P2/1K6 w - - 0 1,2,Edith Elina Helen Baird
9bab6e81,6r1/5N2/3NnQ2/8/1p2pp2/1P1k2p1/R7/Kn1BR3 w - - 0 1,2,David J. Shire
a83e3343,5k2/8/3K3P/2pQ4/2P5/8/8/8 w - - 0 1,2,Albert Zickermann
977d6c7c,3R3b/q2b4/2r2p2/2P5/p5Qp/2p4K/2pkP3/2N2RBN w - - 0 1,2,Живко Јаневски
5881b30d,4N3/4p3/B7/3k2K1/3N4/8/8/5Q2 w - - 0 1,2,Henri Commandeur
dd00b935,8/p2n1rB1/BQbKR2q/2N1n1p1/1Ppk2pN/1P1pRr2/3P3b/8 w - - 0 1,2,Михаил Михайлович Барулин
84219fa3,2b5/K1n3Rr/pn3B1p/1p1pN2P/2pN2pR/5pk1/3Q4/6qB w - - 0 1,2,Johann Christoffel van Gool
570827e7,2r5/3pN3/3r1p1n/Rq2kP2/1BQ5/2KPP3/1N4bn/7B w - - 0 1,2,Albert Volkmann
e5afd489,5n2/3p3p/3Rp1pR/8/2p1BkN1/2p2N1K/2P1Q1n1/8 w - - 0 1,2,Albert Servais
1be742f7,8/1P5P/3n1n1N/3PkP2/r2rPp2/3P2P1/BN6/Q2KR1B1 w - - 0 1,2,Pietro Faletto
8a85ea4e,4Q3/1R6/2N5/3kP2B/8/8/2K5/8 w - - 0 1,2,Сергей М. Ковалёв
0513bdd0,2B5/1p6/1BnKN1p1/1R4P1/4k1rp/RN2Pp2/n1Ppb3/3r3Q w - - 0 1,2,Yves Cheylan
1565531c,7Q/B7/6nq/6p1/r2pp2p/1PNkN3/pP6/R3K3 w - - 0 1,2,Василь Васильович Дячук
b3188447,1r3b2/1n5K/4p3/pB3Q2/pk1P3R/p3N3/P2P4/3b4 w - - 0 1,2,Bertram George Fegan
42aff8ae,b1r2r2/BB1P3p/2q1N2K/7p/2R5/3RPk1N/1Q2p1pP/4b1n1 w - - 0 1,2,Viktor Führer
86acb26d,2bR1B2/1ppq4/1p3Q1b/NRnkPN2/4pnK1/1p6/4p3/8 w - - 0 1,2,Cecil Henry Douglas Clark
7a673f09,B7/1R3p2/8/8/2p2R2/n6p/1QKn2kB/1b3N1b w - - 0 1,2,Karl Werner Kettner
4dd5c986,8/8/8/8/7p/4pK1P/4p2k/4Q3 w - - 0 1,2,Ernő Szentgyörgyi
52585b8b,8/4p1n1/R4n1r/K1N1kp2/4b2N/2P1r1P1/B7/2Q1R1b1 w - - 0 1,2,Jens Peter Marinus Ottesen Pedersen
5350e86a,QB6/7B/1rp1K1pr/4N1p1/R1p1k1P1/2Pp4/q2P2P1/1N3R2 w - - 0 1,2,Іван Іванович Сорока
912921f4,3r4/3R2B1/2Bq4/b1Nbnpr1/p2k1p1N/5Rp1/6K1/2Q5 w - - 0 1,2,Arnoldo Ellerman
c229da28,3qn2Q/N3R3/2PkN2B/8/2K2b2/6n1/8/8 w - - 0 1,2,Augustus H. Gansser
94b8619b,1Q3B2/5N2/8/1PN3P1/1p1kP2p/1p5K/1R4P1/8 w - - 0 1,2,Henry A. Wood
de43f806,8/b1P5/qnN4K/p2P3Q/2k3p1/1R6/P7/1n4B1 w - - 0 1,2,Юрий Николаевич Вахлаков
b45ec5f4,2K5/6Q1/1B5R/3kN1bR/P5P1/1n1p4/B2P4/8 w - - 0 1,2,Henry John Clinton Andrews
2e068461,2rNr1B1/7b/4n3/1R3nRq/3kNbp1/2pP3p/2P5/1K2Q3 w - - 0 1,2,Giorgio Mirri
befa1ecb,8/8/5K2/8/4p1k1/5p2/4P2Q/3B4 w - - 0 1,2,Геннадий Иванович Кукин
2e538819,5rq1/1Q1Pr3/B7/3p1R2/2PpkB1N/6P1/2P5/1K6 w - - 0 1,2,Павел Александрович Мурашёв
945a6a3d,1B1RK3/1p5Q/1pp3n1/5p2/4kPP1/3N1q2/2PpnP2/3Nb2B w - - 0 1,2,Robert Tony Lewis
c91ea73d,6R1/2B1pr1b/2P5/6N1/4P2N/4kp1B/2P3P1/1K1Q2b1 w - - 0 1,2,Павел Александрович Мурашёв
065b9f77,8/K1Bp3r/1Pb1r2R/RN1k4/1P2pp2/P7/1b2Q3/8 w - - 0 1,2,Cyril Henry Stanley Kipping
fa29a1b9,2n5/p2Qp2P/p1p1Br1p/B1pbkP1N/2Rnp2N/3PR3/8/7K w - - 0 1,2,
97fea56b,6b1/8/8/1K1p1p2/8/NNkPb1BQ/1pPp4/qr1BR3 w - - 0 1,2,Paul Wenman
c0608c8b,bR6/1B1N1p2/2pQ1K2/1rB1p3/PNkbp3/2p1R3/Pn2P3/8 w - - 0 1,2,Giwi Mosiaschwili
15dd9917,8/n1Rp3b/1Nr4N/r2P2Qn/4k3/2P1p1P1/4P2K/8 w - - 0 1,2,Herbert Siegfried Oskar Ahues
ad127c27,8/3Rn3/3PrpN1/RB1k4/KP1n4/3Qp3/8/8 w - - 0 1,2,Comins Mansfield
e3259205,3N4/3N4/K7/2pk4/2p4R/3P2BB/7Q/br2rbn1 w - - 0 1,2,Геннадий Матвеевич Святов
b21f90b7,n1R5/2bB4/3nNp2/4pR2/PNkp1P2/P7/1Qp1P3/1bK5 w - - 0 1,2,Walther Martinus Johannes Jørgensen
b7514728,3r4/1p6/4R3/N1Nkp3/6B1/B3K3/2b1n3/2R3n1 w - - 0 1,2,Петро Андрійович Новіцький
0b63d108,6b1/5n1p/3p3P/2P1P3/p2PkpB1/PQR1p2N/4N3/1K6 w - - 0 1,2,Михаил Александрович Павлов
3f8840f4,8/1pQ2r1B/1Pp3r1/1PPpb3/3k2n1/BR1P4/1KP4p/4R1N1 w - - 0 1,2,Роман Федорович Залокоцький
ba466da6,3BK3/7p/6Np/6bk/4Qp2/7P/8/8 w - - 0 1,2,Јоза Туцаков
8cdcf7ac,4n2B/K2P1PrN/2P2n2/1N2kp2/2Q5/8/8/8 w - - 0 1,2,Oskar Wielgos
fd552f21,8/2B5/3N4/3ppp2/1Q5P/4k3/4P3/2KB4 w - - 0 1,2,Herman Leonard Jonsson
037056ae,3B4/3K4/2p1p3/1p1B1p2/2PkP3/2ppp3/2PNP3/3Q4 w - - 0 1,2,Mato Haralović
cbe37587,1b5n/1Q6/2q4n/R2r2p1/P3kP1R/4pN1B/N2rPPK1/B7 w - - 0 1,2,John Michael Rice
66b4ccb8,8/8/8/2K5/2Q5/pP6/kr6/7R w - - 0 1,2,Владимир Антонович Бабичев
ec667128,2qN3n/8/3R1pr1/1pP1k2b/3p2p1/3Bp1PP/4KN1B/2Q2R2 w - - 0 1,2,W. H. Gundry
50b22e55,r7/1p1R3r/4B2p/4N1pQ/R2Bkp1n/8/4p2P/1K2nb2 w - - 0 1,2,Kristian Nielsen
28c125b4,8/8/4pp2/2K1k3/8/5Q2/8/8 w - - 0 1,2,Otto Link
b0af6fe6,6RQ/n3p3/3pP3/1Bpk1p1K/1p4P1/1P2R3/2NP4/2n5 w - - 0 1,2,Владимир Пантелеевич Клипачёв
6d1f95b1,6nn/pp1R3N/4k2p/1P1RNp2/2K3p1/4p2r/B2PQ2b/8 w - - 0 1,2,Arthur M. Sparke
1af28da5,8/3QB3/1p1Pp3/b1Pp4/pk3p2/3R4/2R5/3NK2B w - - 0 1,2,Анатолий Николаевич Скрипник
f662f00e,K4R1N/1pP5/7R/1N1pk3/p1qnp3/2B1P2b/4p3/b5n1 w - - 0 1,2,Василь Васильович Дячук
4246d369,8/b2pK2B/p4N1p/1brpk1p1/1B3RR1/2r1n3/Qp1n4/4N1q1 w - - 0 1,2,Arthur James Mosely
028f3a3e,1r6/7B/1r2bB1K/8/1R1p1p2/1n1nk2N/2P3Q1/N7 w - - 0 1,2,Edmond Barthélemy
29d48eef,8/5K2/8/3Bkp2/1P1R4/1P4p1/4PP2/6Q1 w - - 0 1,2,Николай Александрович Извольский
2a15b9bc,1Q6/1N6/q1ppP3/Rr4P1/2PkP3/P3p1P1/1bKN4/3R1BB1 w - - 0 1,2,В. Зуев
4077828b,2K5/1Np1p3/2p5/3pkp2/2rN3Q/8/8/2B5 w - - 0 1,2,Владимир Н. Забунов
4ab0e322,1nn1R3/1B3q2/2Np4/1P1k1rbQ/1Pp5/2P5/b2N3B/2KR4 w - - 0 1,2,Eliahu Shahaf
a3482dfd,3R1R2/1p6/6p1/2pPk1Pb/1N2pN2/3n4/8/1K1Q2B1 w - - 0 1,2,Василь Васильович Дячук
b459445b,1n5n/8/1p1p4/R1pPN3/7P/N3KQPr/p1P4p/k6B w - - 0 1,2,Jozef Vilem
849d2d77,2B2RN1/P6n/3ppp2/4pPB1/1Pp1k1p1/6P1/2p3K1/4NQ2 w - - 0 1,2,Aaron Hirschenson
e6e6e75e,3Q4/5P1R/4k3/1P2p3/4p3/4K3/8/8 w - - 0 1,2,Adrianus Cornelis van Engelen
f74d681a,6K1/2p2Q2/4N2R/1ppkN2p/8/2p1p3/b6B/2n5 w - - 0 1,2,Михаил Иванович Шаблинский
603812b5,8/1N2p2B/1R2p3/N5P1/2Pk4/K1b3P1/5P2/B7 w - - 0 1,2,Georg Ernst
433fcabb,3R4/8/8/5ppB/p1PN2r1/2RN4/p1P2Bp1/Qb1k2K1 w - - 0 1,2,Michael Schreckenbach
e5bc9cfa,r1B1R1K1/qp2p1P1/2pP4/3P4/2P1k2B/bPpN1p2/2Nrp3/3R3Q w - - 0 1,2,Hendrik Prins
94049f4b,8/1NBn1pR1/7p/1p3n1P/1Nk2p1p/P2RpP1Q/4P1K1/4B3 w - - 0 1,2,János Kiss
a81d2ffc,1K1B4/1b1B3N/8/6R1/3Qq2k/5rpN/5r1P/8 w - - 0 1,2,Guglielmo Mai
d6090e33,5N1K/3b1p2/1p1P1k2/6RP/4p1r1/3NBqpB/4P3/1n1Q1R2 w - - 0 1,2,Cornelis Groeneveld
cf3dd154,5n1q/6p1/R6p/K1p2k1b/4N3/1pBP1p1N/8/Q5R1 w - - 0 1,2,Gerold Schaffner
a2b2fc8f,1nB5/3n1K2/2N1rPR1/2Q1PkP1/3pR3/5P2/1b6/8 w - - 0 1,2,Karl Hasenzahl
c1f589ec,2Q1b3/3q3p/3P2p1/2P1k1P1/r2R1N1N/p2P4/B2KP3/6B1 w - - 0 1,2,Василь Юрійович Марковцій
d8d74ca2,2R4Q/4n3/N3rp2/3q4/1b1k1B2/2N1R3/1P3P2/4KB2 w - - 0 1,2,Horacio Luis Musante
0888bb49,3n4/4N3/1p1p2p1/pNbPk1Pb/K2p1p2/7Q/p1B4P/B7 w - - 0 1,2,Georges Renaud
a4b46e61,6B1/1NpP4/1Q3p2/3pk1nR/n4p1N/2rP4/8/B4K2 w - - 0 1,2,Ottavio Stocchi
f68e72e3,2B2K2/8/1p6/2ppkNB1/3Rp2p/8/2Q5/6b1 w - - 0 1,2,Laurent Bouchez
918220ed,2b5/1N3r2/4p2R/r4k1B/1bQPRp1B/p5p1/2KN4/8 w - - 0 1,2,Carl Becker
47dba43a,8/5N2/4p3/2K5/4k3/7R/3B2Rn/3b3Q w - - 0 1,2,Samuel Loyd
9074ec4c,8/8/1N5Q/2kP4/8/1P1K4/8/8 w - - 0 1,2,Денис Сорокин
6999962e,5Qn1/1pB1p3/1p3b2/8/R7/3B1k2/3KR1p1/7n w - - 0 1,2,Александр Павлович Гуляев
36ba6ec5,1R2K3/3P1P1R/2n1k1n1/4P3/4Q3/4N2b/q6r/3B4 w - - 0 1,2,János Gallai
d693228d,4R3/7B/8/3p4/3k4/1K1N4/5P2/8 w - - 0 1,2,
1ffcec84,7Q/7K/8/3N4/6pb/7k/2R5/8 w - - 0 1,2,Виктор Иванович Чепижный
c50a6414,B7/1R1N1p2/2b2p2/3kBP2/Rb1p4/N1n5/6K1/4Q3 w - - 0 1,2,James Rayner
12c95ba5,4r2n/1P2P3/1KN3pR/2PkPQP1/1pp5/3n1R1N/8/b3qB2 w - - 0 1,2,Miguel Uris Escolano
f55cbcd3,5Q2/2pk4/5K2/5N2/2B5/8/8/8 w - - 0 1,2,Мыхалко Глушек
204b0060,8/3n1pP1/2R5/NP1k1nN1/4R3/7K/P2P2P1/1B5Q w - - 0 1,2,Nils Gustav Helmer Jönsson
261328c4,7k/1R6/8/6N1/7K/8/6Q1/bb6 w - - 0 1,2,János Kiss
bea49e63,8/1K2p3/2Qppr2/R1P1N3/3k1r2/3P4/3P3p/8 w - - 0 1,2,Johan Scheel
26adb3dd,3R2B1/2Qpk3/2b4r/K1N1r1P1/3N4/B3R2q/7b/8 w - - 0 1,2,Павел Ефимович Неунывако
f386164c,4q3/6n1/1P1NP3/Qb1p1PPP/1P1k2BR/K1p4R/3NP2B/2n5 w - - 0 1,2,Gerhard Maleika
c27ca82f,2K1R3/2p4b/4B3/3pq1p1/Q2Nk3/5RB1/1N1Pp3/3r2b1 w - - 0 1,2,Norman Alasdair Macleod
d4023d2a,3Q4/1K2P1n1/4P1N1/3p1P1r/Rb1Pk1BP/r1p5/2P1N1P1/2B5 w - - 0 1,2,Shlomo Seider
b227cdc5,4R3/2pK2n1/5p2/1p1Q1p2/2p1NkBP/r1p5/2pr2R1/b1B2Nn1 w - - 0 1,2,Leopold Mieczysław Szwedowski
636f4881,3r4/2Q1p3/pp4n1/1p1P4/1P1k4/2NBRPK1/2pb2N1/4n3 w - - 0 1,2,Юрий Акимович Сушков
f26e845c,4r3/5Q2/3N2R1/2p5/1q3B1b/1p3kp1/2PnN1pp/1b1BKnr1 w - - 0 1,2,Adolf Herrmann Rudolf Ferdinand Kraemer
b296a3bb,8/1n6/2R1p3/4B3/2P1RP2/pNNk1p2/Q1p2Pn1/K7 w - - 0 1,2,Володимир Володимирович Солдатов
85674717,8/8/8/1p2K3/1Q3NNk/5P2/8/8 w - - 0 1,2,Анатолий Яковлевич Агарков
fc6b6d01,4B2q/Pn1RP3/1pkP4/1p1r4/b3nN2/b2N3p/5B1K/6RQ w - - 0 1,2,Алексей Фёдорович Миронов
4d196adb,1Q3n2/Kp1np3/1P2kPP1/N2r1pbN/3p4/4q1B1/B7/4R3 w - - 0 1,2,L. J. Webster
1afc1623,n7/pN4pr/Nk3pQ1/R2B3P/3b4/2p5/1q5B/1R5K w - - 0 1,2,George Burt Spencer
93de47fc,3r4/4p1Qn/4p3/qPRbN3/P4k1K/R1b3N1/1B1P4/8 w - - 0 1,2,György Páros
ff4897e6,7K/5Q2/3k1n2/1Q6/8/8/8/8 w - - 0 1,2,Frédéric Lazard
8ea2bda0,8/1N3B2/6Kp/4k3/4pR1N/1R6/5rp1/6Q1 w - - 0 1,2,Václav Tuzar
f70d6df0,B2R4/8/1r1BKQ2/4n3/p2kq3/2R5/1P6/2N3b1 w - - 0 1,2,
d50ebbd1,8/8/p2pp1P1/R1bnkp2/7Q/3R1K2/3P4/8 w - - 0 1,2,Percy E. Healey
9e3a71d7,3B1n1q/3br3/8/Q3Pp1R/pN3k1P/r3N2K/3P2Bn/4R3 w - - 0 1,2,Иван Афанасьевич Суворов
5211bbdb,8/1K2n3/3R2N1/1Nk5/3p3Q/P7/P3n3/5B2 w - - 0 1,2,Lajos Gärtner
aefaf226,n2NN1n1/8/2P5/1Kpk2pr/3r4/1P3PB1/3Q3R/8 w - - 0 1,2,Henry D'Oyly Bernard
3df29961,8/8/2pb4/R1r4R/1B1k1N2/1P2NK2/8/8 w - - 0 1,2,Stelian Lambă
e55c9863,2bK4/1pp1B3/2N1R1N1/3k4/r6R/1P5B/1b1P4/qn6 w - - 0 1,2,Валерий Геннадьевич Смирнов
45c2d9de,5bB1/4N3/3p1k1p/8/6PN/2K1Q3/8/8 w - - 0 1,2,Percival Guy Laugharne Fothergill
5d8817a1,5kr1/6pQ/4K3/8/8/8/8/8 w - - 0 1,2,Ernő Szentgyörgyi
14aa10c7,2B5/8/5p2/1NNpk3/3n2p1/3pn1r1/5R2/1K1QRb2 w - - 0 1,2,Глеб Николаевич Заходякин
49e7bfc6,8/2Q5/k7/8/K1P2r1B/3B4/8/8 w - - 0 1,2,Rauf Gadschiaga Aliovsadzade
2075744b,2B5/8/2bp1pP1/B1N1k1p1/1pP5/2pKP1p1/8/7Q w - - 0 1,2,Anders Emil Wester
51697a6d,BKn5/2Qp4/1p2p3/1R1P1P1r/1Npk1bR1/2p1pbN1/2Pn4/8 w - - 0 1,2,Efrén Petite
265d1a0d,5N2/q2p1RP1/b1p2Rpb/3pk3/2r3r1/2PP1P2/4NB2/3KQ3 w - - 0 1,2,Alex Boudantzev
5624f5d1,8/7b/8/3r2R1/5B1k/8/4B2K/8 w - - 0 1,2,Ernest Ackerman
28278034,2Q5/1p1p4/1p6/nN1k1K2/3P4/1p6/1P6/8 w - - 0 1,2,Микола Володимирович Кулігін
6083119b,1K2n3/1B4n1/4R1P1/1P3k1b/Q1N3pB/6P1/2P5/8 w - - 0 1,2,Johann Nepomuk Berger
d135dc79,8/2B5/5p1K/8/6kp/1Q6/8/8 w - - 0 1,2,Виктор Николаевич Жук
a7f9bb35,5b2/1K3N2/1Pp5/2knB1Q1/1pP5/1P6/2n1N3/8 w - - 0 1,2,Валентин Викторович Лидер
414f94c6,4B1K1/6P1/8/8/8/1p6/1Pp4k/n1N4N w - - 0 1,2,Norbert Kovács
d2cedbe8,b2r4/1Q1p4/1pq1PB2/p5Rp/r3k3/3p1pPB/1P1K4/4N3 w - - 0 1,2,Jacobus Haring
81361d50,3N4/r2p1R2/p1P1P1p1/4k1PP/2K1Pp2/Bp1p4/p2P2P1/rb2Q3 w - - 0 1,2,Zdeněk Modlitba
065b5e60,5Q2/8/2P1k3/RB1p1p2/4P1p1/1Kb5/4N2q/4R3 w - - 0 1,2,Lajos Riczu
35af9d7e,8/Kp5N/1Qp4N/1p1p4/1R2qk2/6p1/3P1bB1/5R2 w - - 0 1,2,Ottavio Stocchi
ceff52f4,8/8/7B/6p1/5p2/2K5/2B5/2k5 w - - 0 1,2,Ernő Szentgyörgyi
8bb3bf98,R2q4/4pp2/Rb6/4B3/Q1p1p1N1/8/3PB3/5K1k w - - 0 1,2,Alberto Armeni
4264a4f1,8/7R/3P4/4NkP1/R7/5N2/3K3P/7Q w - - 0 1,2,William Finlayson
3a77d145,2bb4/RpnkqRN1/p2P4/2P2r1r/4Q2p/3p1N1B/3P1K2/8 w - - 0 1,2,Ulrich Schirdewan
8945ee68,bq4B1/2n1rN2/pRNB4/4Q3/2k1K3/1pp5/2n4b/8 w - - 0 1,2,Hermann Albrecht
3b0ef7a1,6n1/2R2pR1/2p1kr2/2P2NPQ/p1NK1p2/1B1p2p1/8/8 w - - 0 1,2,Marco Guida
ccd8c239,7R/8/4p3/5p2/6nK/R2QnkBB/8/7b w - - 0 1,2,Євгеній Михайлович Богданов
586b51e9,8/2p5/2P5/pp6/p3Q3/k1b1N3/8/NK2n3 w - - 0 1,2,Albert M. Burmeister
8c5fe8b6,5Bq1/3pr1p1/KR1n1N2/2kr2R1/8/4PN2/B1b5/1nQ5 w - - 0 1,2,Sven Ture Ceder
e6d0d771,3K1R2/1R6/4k3/8/8/8/8/8 w - - 0 1,2,Tivadar Kardos
5cf48977,8/K3B3/5R2/3Nk2p/b2N1n1r/1p3Q1r/1P5P/8 w - - 0 1,2,Josua Nield
34444e2b,K7/5N2/2RN3p/3p4/2pkP1p1/R2n3Q/b2P2r1/4n1bB w - - 0 1,2,Павел Г. Кузнецов
5eaa859e,8/1P1Bk3/K1P4N/4B3/8/8/8/8 w - - 0 1,2,Вячеслав Павлович Антипов
b9f4d9cb,r3R3/q7/p3B1pQ/3pBp2/4k1p1/2P2N2/1N1Pnp2/Kb6 w - - 0 1,2,Arnoldo Ellerman
f0fbea60,B2K2n1/1N6/p1PNp3/P2kP2R/1Q3R2/1P6/3r1n2/2r5 w - - 0 1,2,Christian Styger
a80b7402,4RK2/2p3B1/3p3p/1P1k1Np1/N3n2r/2pP1qrQ/b2p1n2/1R5B w - - 0 1,2,Itzhak Neumann
de72c83c,8/1Q1pppK1/4bRp1/2PNk1N1/3r2P1/2nRp1P1/1B1b4/8 w - - 0 1,2,József P. Honti
deb00e9f,8/7p/q2R1p1n/n1B1kp1b/1N2B2N/2pP1P2/4K3/2Q5 w - - 0 1,2,Cyril Henry Stanley Kipping
1a3a2ea8,5N2/2Qp2BN/K1P1P3/2k5/1p6/1P6/3P4/8 w - - 0 1,2,Frederick E. Gamage
f912f46b,7K/3PP3/4r1p1/2P1k1Pb/Rb2P1nR/4Bp2/1pr1N3/1Q2N2B w - - 0 1,2,Edgar Dinwiddie Holladay
a7091edc,8/np1N1p2/5p2/Q2B1kpK/6R1/1p6/pr2p3/qbb5 w - - 0 1,2,Andreas Schönholzer
0ec44c98,8/2p5/2K5/8/1k2p3/4Q3/1N6/8 w - - 0 1,2,Werner Speckmann
7a1b5260,3NrB2/4npK1/2PR4/1R1P1P2/n2k1P1N/1Ppr4/2b1PP2/6QB w - - 0 1,2,Роман Федорович Залокоцький
40e51c48,4q3/6N1/4n2Q/5br1/p2p1k1P/5P1B/K1PnR2P/b3N1Br w - - 0 1,2,David Hjelle
e805f972,5n2/8/1pNp2p1/2kB2Q1/1nPp1N1B/4p3/2p4K/8 w - - 0 1,2,Vito Rallo
c6ab092e,KnQ5/4Pr1B/NpPppb2/3k3N/3P2R1/1P6/2n1R2B/1b6 w - - 0 1,2,Hans Peter Rehm
cdd5c88e,7K/1B1Q4/2R5/1n3N2/4b2p/R2N1kpP/4ppn1/4r3 w - - 0 1,2,Comins Mansfield
d06e5cf0,B1K5/4pp2/3k3n/5p2/6PN/4Q3/5p1b/8 w - - 0 1,2,Сергей Геннадьевич Бурмистров
c1570483,1B2r2b/2r2R2/n2k2p1/1nR1q3/1P6/2N2N2/B6Q/K7 w - - 0 1,2,Ратислав Кржељ
48fd99f3,8/3K4/8/3kN3/3b4/2P2P2/7Q/8 w - - 0 1,2,Лев Николаевич Гугель
c2cb0119,q4R2/n3P3/3N4/2PNkB1R/3rb2K/8/1B3P2/Q7 w - - 0 1,2,Alberto Mari
ed408e3c,3K4/8/1p1kN3/8/2b1Q3/8/2N2B1b/8 w - - 0 1,2,Eduards Dimants
87adde99,6r1/B2PR2p/3QpP2/2p1N2N/4k1nK/Rb2P2B/6P1/1n6 w - - 0 1,2,Сергей Михайлович Солохин
a6831e52,3k4/7R/3N4/3p4/K2P4/6P1/3bp3/2B3Q1 w - - 0 1,2,Napoleon Marache
7e3b70d3,3R2B1/3n2R1/N3pn2/4P3/4k1N1/1p4PP/1B3P2/2QK4 w - - 0 1,2,Pieter A. Bakker
fe704587,8/5K1B/2pN2R1/2Pkp3/8/1Pn1Pp2/Q4P2/2R1q3 w - - 0 1,2,Александар Поповски
d64f1a42,1K6/QPNNb3/p6R/2p3P1/3kpPn1/1P1p4/1P1B4/8 w - - 0 1,2,İslam Kazımov
d35ec6cb,6b1/7p/3Nppk1/5r1N/4Q1B1/2p1B1R1/2K5/4b3 w - - 0 1,2,Johannes van Dijk
8e9b0c28,7B/5p2/p7/1B1k1K2/1P2p1Q1/2R5/q1PP4/b2R2nb w - - 0 1,2,Ferdinand Guntersweiler
f2b62663,7B/6R1/8/5k2/8/7P/5K2/3Q4 w - - 0 1,2,Lajos Riczu
df044d70,3RRr2/r1pN3Q/3q1P2/n1P1P3/1KPkB3/4p3/1p2P2p/4n3 w - - 0 1,2,Arsen Dobrila
b4049110,K2B4/1pNPrpR1/5N2/RB3k2/8/6P1/4rP2/3Qn3 w - - 0 1,2,Vincent Lanius Eaton
d2b4dc49,8/rp3pB1/PQ6/2K3p1/2p1k3/4PR1P/1N1p4/1n1B4 w - - 0 1,2,Анатолій Григорович Василенко
97bc3b6a,br3b2/3R3N/1r6/2p1pp2/N3k3/R3p1Pn/B5P1/BnK5 w - - 0 1,2,Imants Ķīsis
642f8c63,3K4/p3R3/5k2/r2p4/r3nB1N/2N1R3/8/8 w - - 0 1,2,Ottavio Stocchi
ae99d340,2R1B3/8/KBPN2n1/1p1kNP2/nQ4P1/5P2/1b2r2q/1r3b2 w - - 0 1,2,Gunnar Rehn
4b63c577,n5nQ/1K1NP1r1/2R1p2b/3kp1p1/4R1p1/6N1/8/8 w - - 0 1,2,Alain Campbell White
231127f2,8/6q1/2b1p1N1/R7/1r1k1nQ1/1B1Pr1N1/1P2PBn1/2KR2b1 w - - 0 1,2,Denis M. Saunders
86b8fdba,B3K3/8/8/2B1p1Qp/n3r3/1Rb2k2/2r2p1R/2N3n1 w - - 0 1,2,Huibrecht van Beek
d7d6d99d,8/2n1b1r1/2Q4R/1bP1k2N/3nN1P1/2Pp4/1p5r/1K3R1B w - - 0 1,2,Ferenc Istokovics
a25b8f31,2r1r1q1/2np1bn1/8/1p3pB1/1Q4N1/3kp3/3p4/R2B2K1 w - - 0 1,2,Геннадий Михайлович Агеев
e576b2b3,2Q5/8/2Rbr2p/3k2nR/7N/2P5/7B/KB6 w - - 0 1,2,Svante Sandin
e6b36c36,8/1Q2K3/8/P7/3k4/8/7R/1N3B2 w - - 0 1,2,Marián Krbúšik
cbf2df4e,1BR2bB1/4p3/K3pq2/1Ppk1nNR/1ppNbp2/2Pn4/6p1/3Q4 w - - 0 1,2,Giwi Mosiaschwili
43f6d331,1B6/3n3B/n4r2/1Q1pp3/1b1k1P1N/rp1Ppbq1/pPP1p3/K1N5 w - - 0 1,2,Horst Deichelbohrer
612a7aa7,5K2/7p/NB1Rpp2/1R3p2/r2pk2N/p5P1/b1PPP3/8 w - - 0 1,2,Michael Keller
627657a6,8/8/B5R1/3qB1nK/6Q1/8/8/R2b3k w - - 0 1,2,Arthur Christopher Reeves
feede162,3rnr2/1B2B1N1/8/4k3/R2p1p1R/8/1n3Q2/3bNK2 w - - 0 1,2,Bruno Preziosi
fe28d57e,6b1/1r6/4P2p/5PP1/p3NR2/3p2KR/3p4/8 w - - 0 1,2,Johannes Jacob Burbach
6336669a,2K4R/8/8/8/8/2Q3PN/R1q4k/4nBNr w - - 0 1,2,Imre Regős
b2034052,1B3R2/2p1K1p1/5p1b/RB1N1k1P/4p1p1/2P3P1/3r4/2Q5 w - - 0 1,2,Jacobus Haring
53b85143,n4b2/1p6/p4N2/Q3Bp1K/2k4p/p1N2R2/PPb1q2r/5B2 w - - 0 1,2,Arnoldo Ellerman
48637360,8/8/8/8/3Q4/7K/N1pp4/3k4 w - - 0 1,2,Kārlis Bētiņš
6e2aa4ed,1B4b1/8/1p6/1Qn5/N1PkPN2/1r1P4/B1R2P2/4R2K w - - 0 1,2,Анатолий Васильевич Слесаренко
c1c0c1a4,Kb4R1/p3r3/3nr3/2nQ2P1/Rq3kPN/3b1P2/4pPB1/2N1B3 w - - 0 1,2,Hans Selb
4cae2b5c,5RK1/3R3N/2N2b2/5kP1/r3n3/8/4Q3/3B4 w - - 0 1,2,Александр Николаевич Шпаковский
1ef34bcd,1b6/3Np1n1/8/1p2p3/4k2N/1Q1nP3/3P4/6K1 w - - 0 1,2,William Geary
47c6d4c2,1r3bB1/1p1R1K2/3P2p1/N2k2Pb/N2pnP2/3p4/4pPQ1/8 w - - 0 1,2,Pieter Feenstra Kuiper
8c92a02a,4RR2/1nPp2PB/K3NBrr/1Qb1nkpN/3ppp2/7P/8/8 w - - 0 1,2,Michael Lipton
a04c3005,n3BB2/1b4p1/r3k3/p2p2P1/6R1/2Q2pN1/2n5/7K w - - 0 1,2,Евгений Николаевич Пермяков
f2d49eb0,3B4/1p6/bPQ1P3/kBPpK3/pp1N4/8/8/8 w - - 0 1,2,Андрей Николаевич Журавлёв
10091ca0,8/8/3R1r2/4p3/2K1k3/6Q1/8/6B1 w - - 0 1,2,Владимир Владимирович Кожакин
05b19978,8/1pPr2N1/1p2R3/1Bnk2r1/1P2p1p1/1p2P1B1/1PRn2K1/8 w - - 0 1,2,Григорий Александрович Промышлянский
93122389,8/b1r2P2/3QP1Kn/6Pp/4kN2/4B3/b1PP2R1/1N1q2nB w - - 0 1,2,Лев А. Брауде
0a030cd7,8/8/4K3/B2p3Q/8/3k4/3N1P2/8 w - - 0 1,2,Arturo Pereira da Silva
f66159b7,6K1/5B2/1p2nk1p/1r3p2/1B3P1P/2R5/8/8 w - - 0 1,2,Rudolf Ryf
f9980931,8/3kN3/4N3/6Q1/1R4K1/8/8/8 w - - 0 1,2,Іван Олександрович Брюханов
f1c1984a,1b4r1/3p1R2/5Qp1/2pRP3/Kp2kP2/1BP5/6P1/1b1N1n2 w - - 0 1,2,Андрей Николаевич Дикусаров
cf31b2c2,1b2Q1K1/3p1p2/5kp1/rRr5/3N4/1pNb4/2B3R1/Bq6 w - - 0 1,2,Josef Wiesel
447eae81,7K/2n2B2/3N2pk/4R3/8/8/8/8 w - - 0 1,2,Константин Григорьевич Гаврилов
330ea788,2N3n1/3R1p2/8/rPk3r1/p4R2/3B4/2pN4/1bK2Qbn w - - 0 1,2,Gerhard Heidrich
2fe71350,2b5/Kp1p4/1Ppp4/NPkN1p2/5P2/1R1RP3/2P5/8 w - - 0 1,2,Flórián János Kovács
27182c7a,K3n3/1Q1R4/8/8/P1k5/n3B1p1/1P2P1P1/4b3 w - - 0 1,2,Jan van den Strydom
fa911d30,1bB2R2/BN1n2p1/3p1P2/2p1k1p1/1Np3QP/1P4P1/4r3/1Kn1R3 w - - 0 1,2,Юрий Георгиевич Фокин
5759cd7d,6q1/2B1Rn1b/R2pP2n/1ppk1p2/1p3P2/3P4/4N3/Q2K1B2 w - - 0 1,2,Frank W. Martindale
204bce9b,8/1Rp5/K3P3/2B2Q2/n1kP4/P3r3/P3PN2/1N2bB2 w - - 0 1,2,Fadil Abdurahmanović
6652ca64,1n1Q2KB/8/N3k1p1/6r1/b2pPb2/8/8/8 w - - 0 1,2,Juan Carlos Morra
68da2655,K7/5Rn1/R4b2/3P1kqP/5P2/2B4P/8/6Q1 w - - 0 1,2,Donald Lebeck
d6cae55b,2N5/1NBp4/3p4/3kp1K1/P1pP4/2p5/2P1Q3/8 w - - 0 1,2,Dominik Šimora
4372fe52,8/8/1N5p/7K/8/2pk4/5Q2/2B5 w - - 0 1,2,Александр Николаевич Панкратьев
627cac47,4N3/1n1nR1N1/2r5/1Q6/3k3p/2p3pK/2P5/8 w - - 0 1,2,Thomas Rayner Dawson
2d641904,8/4p3/4B2B/4k2K/3N4/3R4/5N2/8 w - - 0 1,2,Andrés Clemente Vázquez Hernández
5568506b,R7/8/bp1B4/1PrB4/p1r5/k1P5/1p1N3p/bQ5K w - - 0 1,2,Palmer Gunkel Keeney
32109661,8/B2P4/rr1Q3K/p1NP4/RnNk1nPR/bPpp1B2/3P4/8 w - - 0 1,2,John Michael Rice
59062a0a,4b3/4p1BK/4k1p1/3Rp1bp/5q2/2N1p3/B2N4/3Q1R2 w - - 0 1,2,Ronald Turnbull
acc7b5a8,4K3/8/4k3/3pPp2/8/1n1N3n/3N4/3B4 w - - 0 1,2,Zalmen Kornin
bff13edd,br5n/2pN1B2/2pk1K1B/2N2p2/2R2p2/7Q/4R2b/3r4 w - - 0 1,2,Анатолій Семенович Безгодков
8d7946c0,KN6/1P3p2/1p4br/pkp1n3/p1N4R/P5q1/Q7/3r4 w - - 0 1,2,Wilhelm Krämer
e71a0fed,6n1/8/6p1/n2rp3/1Q1qk1N1/4N1P1/2P1R3/B4RKb w - - 0 1,2,Gerhard Paul Latzel
94f77b8d,8/1p1p4/1B4Q1/3k4/5K2/1P6/8/8 w - - 0 1,2,Владимир Трофимович Свергунов
0ed4a260,4Q3/b2KNR2/5P2/3pk3/1p5r/2n2pP1/1BnN1P2/1B1b3R w - - 0 1,2,Erio Salardini
31d59a7a,1nN5/B3R3/B1pP4/2rk3K/q2P1b1R/1Pp2p2/5Nbp/3Q4 w - - 0 1,2,Araz Alməmmədov
bf7cdfd4,6B1/8/2qR1R1P/3Npp2/2pbk3/4P3/2P5/2Q1K1N1 w - - 0 1,2,Antonio Piatesi
539ae047,8/1k6/2NQ4/8/2K5/1N6/8/8 w - - 0 1,2,Николай В. Чебанов
78323c31,6B1/8/NP1P1P1K/4k3/1P4P1/5Pp1/1N1P2P1/8 w - - 0 1,2,Percy Clark Bowater
7aa5e844,1N6/1B3Qpq/3p2n1/2p1k1P1/1p1R4/8/2nK2b1/8 w - - 0 1,2,Sámuel Gold
2ab3b99a,5q2/BQpr2N1/4Pb2/R1p1p3/P2k1p2/K1RN3b/3P2r1/7B w - - 0 1,2,Giwi Mosiaschwili
600a456b,q1b5/5N2/p2PPb1n/3k1p2/P2P4/PR4N1/4Q3/B6K w - - 0 1,2,Einar Vilhelm Larsson Letzén
3d897603,8/8/4pp2/7p/5k1p/2PpN3/3N3P/5KQ1 w - - 0 1,2,Otto Fuß
b765903a,r7/2P5/1ppQ3N/p2PR2p/2BP1p1r/4Pk1p/5P1b/5R1K w - - 0 1,2,Живко Јаневски
6777c5b8,3q4/3p4/3P4/1R2p1p1/3Bk1K1/p2N4/Nn1PB2p/8 w - - 0 1,2,Stanislav Schullery
9d9f8f4c,K2B4/1B1p4/3k4/5PN1/P1p5/2P1r3/2Q5/8 w - - 0 1,2,Jan Kotrč
71954f18,5Q2/5Pp1/bn4Kp/1n1Pk3/1P6/1P1Rb2p/6B1/4N3 w - - 0 1,2,Henk L. Schuld
d495d8d0,5b2/3r1p2/R4ppn/1R1pNkN1/1q2p3/4P2K/4P1QB/1r6 w - - 0 1,2,Віктор Миколайович Сізоненко
693df80d,3N4/1p4p1/b5Rp/2k1P2K/Pnp1RN2/Q2p4/3P4/8 w - - 0 1,2,Marian Wróbel
e14fff91,b2N4/B3r3/B5p1/P1R1p1Pp/1P1k2pP/R4nN1/1n1P2Q1/6bK w - - 0 1,2,Carl Emil Richard Lindquist
7e90eeea,8/8/3N4/8/4Q2P/3K2k1/8/3B4 w - - 0 1,2,Никтополион Павлович Кащеев
edc8e328,8/4Q1pK/B1p5/3pn1rp/2rk1B2/2N2R2/6N1/8 w - - 0 1,2,Walter Stooss
13190705,8/3R4/B3p3/6K1/6p1/7k/4R3/8 w - - 0 1,2,Jesse Paul Taylor
96121c33,nb6/7N/R3b1B1/Q1Npk3/4p1p1/1R1p1p2/K4B2/8 w - - 0 1,2,Дмитрий Николаевич Банный
4ec55026,8/p7/pb3Q2/P3r1N1/1P2Pn2/1K1k4/2Np4/3B2B1 w - - 0 1,2,Alexander Henry Robbins
7c2d8329,6Q1/4p1p1/1K1PNP2/1Rp1kq1R/2P1N3/3ppP2/1r2r1P1/B7 w - - 0 1,2,Baldur J. L. Kozdon
d0f12cee,K5n1/P1B5/2k1P3/RNpN3Q/pp1p4/b1n5/2R5/2rr4 w - - 0 1,2,Сергей Федяков
8dcfe194,4b3/4B1n1/8/r3k2n/1R3NB1/2p1P3/3P3K/4R3 w - - 0 1,2,Евгений Иванович Куббель
dc091aa0,k7/4bpp1/1Q6/5P2/4K1B1/3p4/1n6/2n5 w - - 0 1,2,Михаил Николов Попов
7e0d1541,8/8/8/8/8/3PP3/2B1k3/2K3Q1 w - - 0 1,2,Tibor Schönberger
bf375f0d,3R4/5K2/1p6/2n1pNp1/B1k2r1R/Q7/N1p3r1/4bbB1 w - - 0 1,2,Marcel Segers
8b6d059c,8/8/5p2/2K1pk2/5PR1/5Q2/8/8 w - - 0 1,2,Валерій Федотович Кошеленко
d23fa15b,Kb6/5Qq1/NPkPP1b1/5r2/2P1p3/p7/2B5/1R1R4 w - - 0 1,2,Leo Erland Valve
a63b7a0d,2B5/8/2K5/3Pkp2/4P2Q/3R4/b1p2P2/2n5 w - - 0 1,2,Andrejs Strebkovs
62084717,K7/3R1p2/2p5/1P5Q/4k3/1nP2r2/b5N1/8 w - - 0 1,2,Victor Cuciuc
ea79848f,7K/p7/8/1P3PRB/2NPNk2/1pQ2P2/p4rn1/8 w - - 0 1,2,Руслан Альбертович Сурков
1bc85d27,8/8/5N2/8/6R1/3K1k1b/6RB/8 w - - 0 1,2,Стеван Митриновић
e4597ce6,2K5/2BrN2p/1b1r1n2/3nk3/4qN2/1RP1R3/8/7b w - - 0 1,2,Menachem Witztum
fa49a8f0,5n2/4pp2/2B1k3/2B3Q1/8/2K5/8/8 w - - 0 1,2,Hannes Baumann
b2e376f3,4B3/1P3r2/KbN3r1/3P2n1/k3b2R/p1B4q/N1P2PPn/3Q4 w - - 0 1,2,João Batista Santiago
d3f5038d,8/2R5/8/3k4/8/4K3/8/5Q2 w - - 0 1,2,Eugene Albert Dugas
dd6b0b9f,3K4/6pN/6P1/4k3/4P2B/1Q6/1P6/8 w - - 0 1,2,Stanislav Hudák
7ca6a720,4K3/8/8/1p1p4/1B4Q1/1B1kb2R/3N4/4r3 w - - 0 1,2,Alexander Goldstein
1d79ec2a,2Br4/1p4pq/bPQ5/b5Pn/6R1/Np1k2rn/1P2R1P1/3K3N w - - 0 1,2,George T. Robertson
0bbe6d59,5n2/B1nqp3/2r4r/2bkPbNp/1pN1p3/1B6/3PR3/6QK w - - 0 1,2,José Paluzíe y Lucena
1b591129,Q1N1b1BB/3P4/R2bpPp1/3rkr2/5p1b/3PP1P1/8/2N1R1K1 w - - 0 1,2,Juan Zaldo Zapirain
1987f492,1RBR4/4r2p/N1k2p2/1p1n1N1K/2P2bp1/1r2pqPp/2n5/6Q1 w - - 0 1,2,Cornelis Groeneveld
c8967b98,5b2/1r1p4/1P2pp2/2k5/P1pR1P2/K2p4/bQ4B1/8 w - - 0 1,2,Luigi Mussini
1f992a1f,3N4/8/1p1p4/2bkp1p1/5rr1/1PP1pp2/B2N4/BK1R3Q w - - 0 1,2,David Hjelle
7655ffda,5K1k/6rr/7N/8/3R4/8/8/6Q1 w - - 0 1,2,Charles Wermelinger
e872f27d,1N6/1Rpp3q/4P3/2kr2Np/3r1Q1K/1P6/4P3/6B1 w - - 0 1,2,Johannes van Dijk
274451f6,rrn5/kp1P4/8/1PP5/N7/2P5/1K2R3/5Q2 w - - 0 1,2,Олексій Іванович Борисенко
73b3dd69,q6b/3N1PN1/3P1p1B/p4n2/p3k3/K1PR4/3p4/1Q3B1b w - - 0 1,2,Halvar Hermanson
c6b0cff2,B7/8/8/3R4/4R3/8/6nb/5K1k w - - 0 1,2,György Bakcsi
dc2b2955,1r2R3/8/Q2pB3/1r1p3K/n2P1p2/2p2p1n/2P1kpP1/2R2N2 w - - 0 1,2,John Michael Rice
850015dc,8/1R6/5P2/3n4/2N3PK/2P2k1N/Q1P2p2/5B2 w - - 0 1,2,Karl Alfred Stål
3e399d00,2b3q1/2r1p2N/N3B3/1R1Pn1p1/r3k1P1/2P1p1Bp/2P1Q3/3R3K w - - 0 1,2,Ionel Razu
d7a1af81,2B1Q3/8/4Kp2/7P/5k2/2Pp1p2/4P3/4B3 w - - 0 1,2,Francis P. Wenman
51b47613,1n6/2bB2K1/r4RN1/3k4/pQ6/3p2B1/8/4r3 w - - 0 1,2,Gilbert S. Dobbs
249e51e9,1b5Q/8/8/5P2/8/7K/8/5Rqk w - - 0 1,2,Charles Henry Wheeler
56ba944d,1B1n1b2/p3p3/2prp3/p2NkpP1/1n1rbN1K/3p1p2/1Q6/4R3 w - - 0 1,2,Govert Aliander Croes
b988be6f,7n/7R/Rp1q1kp1/4p1N1/7P/4B2B/3n1K2/8 w - - 0 1,2,Александр Былевский
21d9b610,8/p7/P3p3/1B1pPp2/1Pp2P2/N1pk1K2/3r4/BR1R4 w - - 0 1,2,Béla Schwarcz
71386773,3RK1QB/8/3b4/2rpNP2/N2kB3/Rn1p1P2/5P2/8 w - - 0 1,2,Gérard Doukhan
a9cdb5bd,B7/1R6/8/8/4R3/8/1K4k1/5N2 w - - 0 1,2,Hubert Gockel
5de65a46,B6Q/1N5P/1pr1rp2/2p4R/2p1kp2/2P1pN2/2PR2K1/4B3 w - - 0 1,2,Theodore Morris Brown
c4486668,8/1p2N3/1p2p3/1B4p1/1P2k1N1/4P2Q/4p1p1/4KbR1 w - - 0 1,2,Otto Bernard Wurzburg
dca6f59e,1N1K4/1p2pP2/3k1p2/1r1rNR2/2R1QBP1/4b3/8/8 w - - 0 1,2,Sándor Székely
2927530d,8/1b2K2p/8/3Nk3/2Qp4/5P1N/r1q5/1B6 w - - 0 1,2,Валентин Н. Овчинников
88c552f4,6r1/B2P4/2p3p1/qpQ2p2/2P1k2p/4N1bK/1nnpB3/4NR2 w - - 0 1,2,Giwi Mosiaschwili
a2d3f024,8/1Q6/KN2PR2/1pP1knP1/1Rn1pp2/1BP2P2/8/2Brr3 w - - 0 1,2,S. Ferenc Herpai
489b5e77,3Q4/7K/3P4/7k/5Rp1/2pp4/8/4bqN1 w - - 0 1,2,Wilhelm Karl Heinrich Maßmann
017d264b,8/2N2pp1/Q7/5kp1/R7/2K5/7B/8 w - - 0 1,2,Halvar Hermanson
d84c54f9,2R5/3p4/4p3/3bk1BQ/8/6N1/3N4/4K3 w - - 0 1,2,Walter Freiherr von Holzhausen
ab561f66,8/8/2p5/2Q5/2N5/2kp4/1N6/1K6 w - - 0 1,2,Peter Kniest
2ac6468b,5Q2/2n1r3/5B2/K1N5/3N4/k4PbR/B2R4/r7 w - - 0 1,2,Alberto Mari
4af83a63,8/6p1/4p3/p6b/k1KN1pq1/3p4/2N5/3B2nr w - - 0 1,2,G. Sprague
8abb98b0,8/3p4/8/4pB2/K4kq1/Q4NNR/3b1Pn1/5RB1 w - - 0 1,2,Tomás Salamanca
93e534e1,Q7/1R3p2/bp1K4/NN3R2/pk3B2/p3pp2/2P1p3/5B2 w - - 0 1,2,David Hjelle
8ae333bf,2nK1n1B/2RBp3/q2p4/RpbkNPp1/4p3/1P6/2P1N3/8 w - - 0 1,2,Zoltán sr. Vicén
134472ef,Q7/2N1p3/1R2Pnp1/4kNB1/1P2P3/2nBR3/2p3K1/8 w - - 0 1,2,Андрей Яковлевич Лобусов
73df1bf4,7B/1n1R4/1Kp1Nr2/4k1p1/Q2Np2R/1pr4B/8/1b4b1 w - - 0 1,2,Н. Е. Иванов
91747499,2b1B3/1pPr4/1P2kP1n/4B1p1/3p2Pb/3R1QP1/1KP2P2/4R3 w - - 0 1,2,Johannes van Dijk
3ec8f806,3R3Q/3r1r2/3P1P2/5K2/1Ppkpp2/4N3/2PB4/3R4 w - - 0 1,2,Pieter ten Cate
9a2c7eae,1bn1Rr2/r2p1k1P/1pp4K/6B1/3P4/2Q5/2p1B3/2nbR3 w - - 0 1,2,Frank Janet
48a71da7,B7/2p2pq1/K3n3/2k5/1pNR3r/1n2B3/R4N1Q/b2r4 w - - 0 1,2,Herbert Zaubitzer
d6e824e1,1B1R4/7r/pp1rN3/3kbpN1/Q4Pp1/1p2p3/b2n2Kn/3R3B w - - 0 1,2,Валерій Володимирович Копил
dc8783c8,7Q/8/8/8/8/7p/3KNp1r/5k2 w - - 0 1,2,Владимир В. Никитин
4ffcd4ce,K1Q2n1r/1pPp3R/1pp1NpB1/5n1p/2Ppk2b/3b1pB1/5P2/8 w - - 0 1,2,John Michael Rice
78fc71bc,B3Q3/5p2/1N3P1n/R1pNP2K/1b2kp2/8/b2nP3/3R2B1 w - - 0 1,2,Estanislao Puig Ambrós
ab118637,K7/5NQn/p1k2N2/BR3p2/2B5/2RP2b1/6b1/rq6 w - - 0 1,2,John Wilhelm Haglund
71f391f5,7B/1P3kP1/Q5N1/7B/7K/8/8/8 w - - 0 1,2,Werner Speckmann
b5e440b8,2b5/6Q1/1B3p2/4k3/2B5/4K3/8/8 w - - 0 1,2,Pál Siklósi
7e274083,4K3/1B6/3pkpPN/p3pp2/8/R5QP/b2rN3/3R4 w - - 0 1,2,Александр И. Велидов
9958036b,3qn2B/3p2nN/3Pp2N/1Q5p/2P1k3/4P3/1b2K3/6RR w - - 0 1,2,Johann Mockel
d666a9c4,5nn1/2p1r3/2KP3B/3R3B/3pk1N1/1PP1pN1R/p2Ppp1P/1qQ4b w - - 0 1,2,Павел Александрович Мурашёв
ccca6534,1bnN4/8/K7/1p2k3/1B2P2Q/pN1p2p1/4nP2/6r1 w - - 0 1,2,Antonín Klír
9f9d066f,8/5Q1p/N4b1p/2prpp2/2RnkpPP/3rpN2/1n1R1BK1/1B6 w - - 0 1,2,Abdelaziz Onkoud
d7072461,B1Rq4/1Rb4b/p5r1/p1knB1Q1/r1n5/PPN1P1Pp/1p1P1N1K/8 w - - 0 1,2,György Páros
b56f791d,3R4/2pNp1B1/KR3r2/p6r/3k4/p7/BnQ1PP1b/2N2b2 w - - 0 1,2,Евгений Иванович Умнов
13f9eab6,r3b1N1/3p4/p2krR2/p2N4/7Q/4pB1p/2R4b/4K3 w - - 0 1,2,Ralf Chris Handloser
c6819233,4N1b1/K1p5/1P3R1p/pR4q1/N3k1p1/r3P3/3PQ1P1/B7 w - - 0 1,2,Antons Gajevskis
2ee982f2,5Q2/4p2N/2P4R/1KnPk1N1/8/B2np3/4P3/3R3B w - - 0 1,2,Jacques Savournin
18b336bb,KQ4bq/R1p1n2r/2kp4/P1p5/Pn1pR3/5N2/7p/1r5B w - - 0 1,2,Alexander Pituk
1eae7a17,K6Q/8/6B1/2pkB3/8/8/4P3/8 w - - 0 1,2,Юрий Васильевич Гаглов
8758d8a9,b3R3/8/1K2P1n1/3RPN1q/2p1kp1P/1BPpN2P/Q5PB/3r4 w - - 0 1,2,Дмитрий Николаевич Банный
f2a37cff,8/3B4/5K2/7p/5p1k/6p1/8/4B3 w - - 0 1,2,Сергей Владимирович Радченко
fbf431b0,8/1Pk5/2p2K2/2N5/8/8/3B4/6Q1 w - - 0 1,2,Otto Busack
c94b93a3,2Q1K3/2N1p3/4R2B/p1r2k2/n7/2P4P/n7/1b6 w - - 0 1,2,Edith Elina Helen Baird
7957f47b,7Q/8/4K3/1Ppp1p2/4k1n1/3p1p1N/4PB2/8 w - - 0 1,2,Peter Hähnel
05fde76d,3Br3/6p1/1n3Np1/3pkrNR/pQ3RB1/P1K5/6n1/8 w - - 0 1,2,D. Lamouroux
72debd61,8/4K3/5p2/1Np1k3/3R3N/4br2/1Q6/2n2B2 w - - 0 1,2,Émile Léonard Pradignat
7d63eb94,2k5/2P4p/6RK/8/2Q5/8/8/8 w - - 0 1,2,Александр Ильич Сыгуров
d96ee7b8,5nRr/K5P1/4p1k1/4B2r/7R/4Q3/8/8 w - - 0 1,2,Filip Jakob Petersen
25c43c46,1B2n3/r1p4p/R2r1p1N/1p2kP1p/n4N2/3pPB2/3K4/1Q6 w - - 0 1,2,János Koch
303794f6,K3Bb2/3p4/7n/R5N1/1p2N1kp/5b1p/2Q3pB/8 w - - 0 1,2,H. J. Tucker
0fd27d64,8/3p4/5B2/3k4/4N1P1/8/2Q1K3/8 w - - 0 1,2,Charles Ephrem St. Maurice
61f26df3,8/4p3/5p2/5k1K/4pP2/1B1P2P1/8/R7 w - - 0 1,2,Alex Casa
465ed779,r3k3/b7/2p1K3/8/8/8/7B/7Q w - - 0 1,2,Геннадий Петрович Игнатенко
d57f7705,8/1bbR3K/q2n4/5B1p/7B/1Q2N3/3pk1P1/6RN w - - 0 1,2,Friedrich Beck
1a80c90c,n4R2/2p4r/K1Q5/5Bb1/3PNk2/3pnpR1/3Pq2p/7N w - - 0 1,2,Валерий Юрьевич Шаньшин
f38ac518,8/2K5/8/2pN2Pp/2b4k/2rQR1nN/5n1R/4B3 w - - 0 1,2,Aaron Hirschenson
0f4808d1,B1n1QB2/2RP3p/3p1p2/1p2N2p/3kPN2/1P5R/r3P2K/1b6 w - - 0 1,2,Alessandro Fasano
9ff37fcf,3n4/p2qr1N1/2pNR3/2Pk2n1/1P5b/2BB2pp/4b3/K7 w - - 0 1,2,Géza Erdős
5ae0b09c,4nQ1B/2p5/4N1p1/q1p3K1/2p2pN1/3k1Pp1/2Rb4/3B1n2 w - - 0 1,2,Dieter Müller
3bee13fd,1N1R4/2n4p/1R6/4k3/5N2/4pRPn/b1B2b2/7K w - - 0 1,2,Efrén Petite
3c1ba3cd,1N6/4p3/b1R1N1p1/r2k1pK1/2nP1B2/3P4/6P1/1Q6 w - - 0 1,2,Роман Федорович Залокоцький
82e781a4,8/1k3B2/1P6/K7/8/8/8/5Q2 w - - 0 1,2,Валерий Альбертович Сурков
e4703022,3B4/N7/nR6/2pPk2B/2RNnp1b/K2Q1p1r/8/8 w - - 0 1,2,Iuri Schost
59badcc4,B2b2Q1/3P4/p1K5/3R1p2/2P1k3/4N1P1/r1P5/4R1Bb w - - 0 1,2,Марјан Ковачевић
d0ed4aee,5r2/1pNN3B/1p2R3/1P2pb2/3k2p1/3n1p2/1pQB4/2n2Kb1 w - - 0 1,2,E. Stephenson
d85c6660,8/4p3/b1pN4/p1r5/R1qk1P2/2p3Q1/2p1PRB1/2n2KB1 w - - 0 1,2,Giorgio Guidelli
a0a3e729,5nQ1/6Rp/8/7k/8/8/7p/1K5n w - - 0 1,2,János Hódy
b450a720,8/8/8/5Q1P/2p2N2/2pRPN2/2Kb1pp1/5kr1 w - - 0 1,2,Alonzo Townsend
ab262080,8/6B1/8/5k1K/1q3N2/8/6B1/2Q5 w - - 0 1,2,Kurt Laue
27f3fb5a,8/2p5/3r4/NRnB1pp1/1p1k1r2/4NPQ1/1P2R1K1/1b4B1 w - - 0 1,2,Thomas Sexton
a08e605d,1nbN4/B7/p7/kp1p4/n2R4/Rp6/1P6/K7 w - - 0 1,2,Louis William Cafferata
540927d4,8/8/6KQ/8/1N6/8/1p1P4/1k4B1 w - - 0 1,2,Johan Hilding Laurentius Fröberg
88e645c2,1n6/6Q1/5R2/6pp/6k1/8/7K/8 w - - 0 1,2,Александр Григорьевич Андреев
222c4e1c,5N2/1p2Bp2/1K3p2/2pknQ2/5P2/1PPp1b2/3N4/7r w - - 0 1,2,Федір Михайлович Капустін
6b5e3f74,1BQ5/1p2K3/q1p3p1/3k2pR/2p4b/rn3n2/2PNN3/4Rr1B w - - 0 1,2,Зиновий Маркович Бирнов
073412f5,8/8/3pKp2/1N2p2N/4k3/3rBr2/8/4Q3 w - - 0 1,2,Joseph Ney Babson
00305fd5,8/3p2n1/1Rpp4/3k4/8/5K2/3N1Q1B/4R3 w - - 0 1,2,Peter Rolf Orlik
d694a2b8,3b1R2/8/2p1P1N1/2Pk1P2/R2n2Np/B2p3p/2P2Kn1/7B w - - 0 1,2,Evgeni Bourd
1d992fdc,k7/p1K5/2p5/1P6/8/8/6b1/6Q1 w - - 0 1,2,İlham Əliyev
3c3ff3b3,8/1p6/1N4P1/bpk1B2Q/1N6/3P2p1/P5K1/8 w - - 0 1,2,Ludwig Fechter
b3644976,8/2pB4/8/2Pk2K1/3BRP2/3n2pR/3NN3/1n6 w - - 0 1,2,Edith Elina Helen Baird
e4e0e7ff,8/2N5/1N3p2/8/1K2k3/6Q1/8/8 w - - 0 1,2,Будимир Марјановић
97262656,5Q2/8/8/1p6/k1P1R3/8/2K5/8 w - - 0 1,2,Kənan Vəlixanov
8e8b73b9,4R3/B1rrb3/1R1P4/p7/P1nk1Pp1/1KNNpn2/2PpP1Qp/7B w - - 0 1,2,Gerhard Maleika
829d73ff,8/8/3P1B2/1BNPpK2/1Ppp4/k7/NR4Q1/b7 w - - 0 1,2,Jaques Fulpius
e35cdb14,3Q4/2Rn4/1n6/1p2N3/3k1B2/8/2K2P2/7B w - - 0 1,2,Jorma Paavilainen
d8a4d9fb,2N5/2pPr1p1/4p1K1/1Qp1knR1/1b5p/1BPPB1n1/3p3q/8 w - - 0 1,2,Visvaldis M. Veders
8dd7e2b6,1B1K4/2n5/2N1k3/4NpP1/1PP2p2/3B1p2/5P1P/3R4 w - - 0 1,2,Efrén Petite
8ae4f11d,2K1Q3/1pP1ppN1/4np2/RN3P2/3Pk3/1B1p4/3Bn1P1/5R2 w - - 0 1,2,Arthur Robert Gooderson
406b3f0c,Q7/3n1p2/p1R2P2/PPp2P2/2kpNp2/K2p1B2/3R4/8 w - - 0 1,2,Jacobus Haring
d4165174,1n1N4/b1BP1p2/1p1R1Pb1/1K2kp1p/4pR1n/3P2P1/3rQ3/4N3 w - - 0 1,2,Василь Юрійович Марковцій
ea8eed9d,8/8/bP1rP1BK/6Q1/n3N3/1p1krNR1/2p1pB2/2b5 w - - 0 1,2,Johann H. Maas
07598cc8,3N3q/pp2QppP/3p4/p2p3R/N1Pkn2R/Pnrb4/B1PP4/7K w - - 0 1,2,Jan van Woerden
cf1c20bd,4K1R1/4Q3/5P2/2n2k1N/2P5/3p4/5p1B/b7 w - - 0 1,2,Александр Фёдорович Малышев
778a09d3,8/2p5/2P1p2K/4R1P1/R1Nbbk2/3Pr2p/4P2P/4B3 w - - 0 1,2,Дмитрий Васильевич Кларк
b533a14c,8/5P2/1K6/8/kP6/p7/P2PP3/8 w - - 0 1,2,Friedrich Theodor Steudel
e3499e88,B7/1Q5N/K5b1/3npp1n/R2pkPr1/1R4b1/2p1Pr2/2qN2B1 w - - 0 1,2,Erich Ernst
5670b9c2,2K5/2N5/p1Q1p3/4k1n1/2b2R2/r1r3P1/p7/B7 w - - 0 1,2,Herbert Siegfried Oskar Ahues
4b4a72c0,8/r1pQ4/3pR3/1Nk5/3R1rp1/N4pP1/5K2/8 w - - 0 1,2,Johan August Ros
bc5b22f0,2KB4/pBP2pr1/Rr2kn1R/4n1b1/3pP1p1/1b5N/2N3QB/3q4 w - - 0 1,2,Edgar Dinwiddie Holladay
5b716561,8/B1NR1NQ1/q1nppr2/1prB3K/Rp1k4/1P1p1Pb1/3P4/8 w - - 0 1,2,Josef Fischl
57e3897e,6Q1/P6P/r1p5/P2N2Pr/8/7P/N1pkBP2/2b2K2 w - - 0 1,2,Karol Mlynka
433022f6,3r4/1qb4b/2N1p3/nr6/7Q/2Bk2pN/1pR1R3/1K6 w - - 0 1,2,Микола Іванович Мироненко
cd1bc98b,1b6/Q1N5/K1R2B1n/4NR2/4krp1/3ppp2/B7/8 w - - 0 1,2,Ottavio Stocchi
f27aac0f,8/K7/8/7Q/3kbB2/1P6/P7/8 w - - 0 1,2,Валентин Анатольевич Симонов
7b99df38,2B5/8/3P4/1p1p4/n1k1N3/p1PpBp2/P2Q2n1/1K1N4 w - - 0 1,2,Francisco Miro
3ce66327,3N4/1p1R1R1p/7K/4k3/3pnp2/8/3PN1Q1/1B2n1rb w - - 0 1,2,Дмитрий Егорович Пихуров
d77a3849,B5r1/p4N2/P1p3bR/2Nk1P2/1Pp3r1/2P3b1/Kn3p2/4R3 w - - 0 1,2,Almon Ferdinand Rockwell
69f61349,8/8/1B2p3/1P2P2K/Ppk3NR/1p5R/1Pp1qp1N/2nb1Q1B w - - 0 1,2,Милан Радоје Вукчевић
e749515c,5rB1/2q5/2p1QP2/2n5/2pkP1R1/1P1N1P2/3R3K/3N4 w - - 0 1,2,Andrej Ančin
2787f769,B2N4/7p/4PP1K/4kp2/8/4N2P/1RR2P2/7Q w - - 0 1,2,Сергей Воронов
05099d35,2Q5/1p6/1P1Pp3/2PRPp2/2kN1K2/P1PN2pR/8/2B5 w - - 0 1,2,Emil Klemanič
67e58597,1K1k4/2pppB2/8/8/8/8/Q7/8 w - - 0 1,2,Сергій Олександрович Шедей
d83c5095,8/8/1Qp1p3/2K1P2R/3N1P2/2p1kP2/p1p1P2P/B1N2R2 w - - 0 1,2,Stefan Dittrich
5d196c81,8/3pN3/2b5/K1k1BQ1n/2p5/6p1/1P1P4/8 w - - 0 1,2,Петро Андрійович Новіцький
ff1accd1,B5K1/1nnpP3/3Bk3/3R2P1/8/1Q6/R3P1p1/8 w - - 0 1,2,Анатолий Васильевич Слесаренко
05856d16,8/1K6/8/bkPp4/1pRB4/4P3/2Q5/3B1b2 w - - 0 1,2,Robert A. Lincoln
4cb32297,2R2b2/2n1p3/2NpP1p1/1Prk1P2/KBpN2p1/1P3P1r/b1P1B3/n2QR3 w - - 0 1,2,Charles Dember Rudd
01802270,2R5/B6B/K1NpP1b1/P1NPR2Q/2k4P/P7/PpqP4/1n6 w - - 0 1,2,Hartmut Laue
096c8cb3,8/8/Q6P/2P2K1R/3kN3/P4P2/6P1/2B4N w - - 0 1,2,Jozef Pinter
e303be73,4b1B1/4p3/1Kp1Qb2/Bp2N1p1/3k4/2R1pPp1/7n/3r1n2 w - - 0 1,2,Emilian Dobrescu
f79fb9ec,8/8/8/7P/5R2/8/6PP/5K1k w - - 0 1,2,Николай Абрамович Жарков
18a1fdf5,3N4/8/8/R7/4k3/2P5/5Q2/7K w - - 0 1,2,Peter August d’Orville
092bf558,3Q4/4RP1B/3p4/1pNknNp1/1Pnp2P1/3p2K1/3P4/2R5 w - - 0 1,2,Vladimír Pribylinec
9cb49c48,2q1k1K1/2p3Q1/4p3/5P2/8/8/8/8 w - - 0 1,2,Николай С. Зиновьев
e6d22d20,3B2B1/3p4/1N4KR/3Pk3/7P/1N3R2/6P1/8 w - - 0 1,2,Федір Михайлович Капустін
c585c140,K3N1nb/1pp4r/4p3/3kn3/Q2ppP2/BP6/6R1/2r1R2B w - - 0 1,2,Álvaro Pereira
c8e7d1b6,8/p1Rp1n2/7Q/1p1k2p1/5bN1/2P5/K2nR2B/1B3r2 w - - 0 1,2,Colin Peter Sydenham
f74c1515,6B1/2B2N2/3p3K/R1nk4/5n1R/P1Q5/5P2/4N3 w - - 0 1,2,Thomas Denton Clarke
a5b82a5c,2R5/Kp6/p4p2/N7/r2kPQPq/1rRN4/B2p1b2/3bB3 w - - 0 1,2,Юрий Григорьевич Горбатенко
3080822c,6R1/2Rpk3/Q7/3Kbb2/4p3/8/8/8 w - - 0 1,2,Vidadi Zamanov
5c8a04ba,8/4B3/3p1R2/2p3p1/2NrkbN1/1Q4P1/RP4Kn/8 w - - 0 1,2,Thomas B. Rowland
4a198470,2b2R2/B1N3pK/5b2/2R2n2/5k2/5B2/3P2P1/4Q3 w - - 0 1,2,Willy Schafft
cb96971c,8/8/2Nb4/3N4/8/1K1kBB2/8/8 w - - 0 1,2,Pál Sonnenfeld
d25d06f2,8/2K5/8/3pk3/1P2pNPB/4Q3/8/8 w - - 0 1,2,Valentí Marín i Llovet
7948fdfd,8/2pk4/2N5/4PK2/1Q6/8/8/3B4 w - - 0 1,2,Роман Федорович Залокоцький
4ee8d8b2,3N4/3p2K1/2p3B1/2P1k3/1q6/2PRNRP1/4b3/8 w - - 0 1,2,Ernesto Ferrón de la Fuente
c5468e74,7Q/8/8/8/8/4KRP1/6k1/8 w - - 0 1,2,Василий Иванович Черных
7c724c3b,2r1nr1b/8/3B4/1R1p4/RPNk4/5p1K/B2P1N2/8 w - - 0 1,2,Rodolfo Prete
1e871188,8/3N4/2pbp3/3k1p2/6pQ/1p1K3P/8/8 w - - 0 1,2,Čestmír Bára
498a8959,3R4/2NK3p/4p2r/8/1npkB3/Q3R3/5b2/6B1 w - - 0 1,2,Charles Edwin Dennis
51aa9393,4r3/1pQ4B/pPP1p3/K1k5/P1PN1R2/7r/1Nn3b1/2R3bq w - - 0 1,2,László Apró
01e8c6d2,8/4Q3/6B1/5p1p/6k1/8/5K2/5N2 w - - 0 1,2,Микола Васильович Чернявський
e7a07b3d,4Q3/B4Kpp/3bB3/R1nPk3/6RN/1p6/3n1P2/8 w - - 0 1,2,Juan Carlos Morra
49203d9c,8/1R3P2/2P1K3/3N4/3k4/3P4/3B4/8 w - - 0 1,2,Григорий Александрович Промышлянский
0c96b16a,8/4R3/1K1k4/8/5rNQ/8/B7/8 w - - 0 1,2,Дмитрий Григорьевич Касеко
9fd21fba,B3R1b1/3Q4/1R2r1n1/3NbPp1/K1N1kr2/2pp4/3P2P1/1n4B1 w - - 0 1,2,Wieland Bruch
38e638ce,3Q3B/5R2/R1qN2p1/1P1k2N1/1P5K/8/8/8 w - - 0 1,2,Bo Waldemar Lindgren
23868e3a,2Nn4/1rPr4/3B1p2/1p1k1P2/3N1Q2/3P4/4K3/7b w - - 0 1,2,Thomas Salthouse
0cf7a6f5,2rb4/1pqR4/1NP1p2K/3Bk1pN/1B1p2P1/r7/1n1Qb3/R1n5 w - - 0 1,2,Robert Winslow Clark
c7407342,2k1K3/1RPrp3/8/5Q2/8/8/8/8 w - - 0 1,2,Александр Григорьевич Андреев
71ff8498,8/Pk2P3/1P6/1K6/8/8/8/8 w - - 0 1,2,Julius Buchwald
340e8108,7b/2p2N2/8/1N4B1/4k1P1/1B3RRr/r3P1np/1b5K w - - 0 1,2,Robert A. Lincoln
0078d2a8,6N1/6k1/7N/3Q4/5K2/8/8/8 w - - 0 1,2,Erich Ernest Zepler
60e5103b,4r3/1pB2p2/5QN1/1n4P1/2B1k1r1/3R2P1/p1Np1K2/3b1n2 w - - 0 1,2,Hrvoje Bartolović
d0758e22,R6B/2PP1nn1/4kN2/8/K4P2/Q7/2B5/8 w - - 0 1,2,Андрей Николаевич Дикусаров
4949822f,5R2/8/3K4/8/8/6k1/8/3Q2N1 w - - 0 1,2,Michael McDowell
d0c78501,4R1K1/1p6/3P1kpp/3p3n/4p1P1/4QP2/1b3BN1/1b6 w - - 0 1,2,Станислав Алексеевич Ильясов
b51f2092,3K4/p5P1/2ppP3/2pk1p2/P1N1pP2/b1PpR1N1/6Q1/8 w - - 0 1,2,Henryk Grudziński
a7892788,qn3NBb/2Bp3K/p4k1p/R2nRN2/2p2p1P/8/8/2Q4b w - - 0 1,2,Марјан Ковачевић
696305f1,6B1/8/2n2K2/3N4/1B1Nk3/2Pp1b2/5p2/6b1 w - - 0 1,2,Vincente Maria Norberto Portilla
4c5ed576,4b3/3PkpP1/7P/BQpr1p2/2Kp1N2/3P4/8/8 w - - 0 1,2,Лазарь Борисович Залкинд
069ce3da,7Q/4p3/5q2/2B1k2N/5N2/3P3B/8/6K1 w - - 0 1,2,Виктор Фёдорович Волчек
5d75ef16,1Q6/8/8/5p1n/6k1/5N2/5K2/8 w - - 0 1,2,Ján Janočko
fb671e19,7R/6pN/4K1Rb/3B3N/4Q1P1/6Pk/5P1P/5b2 w - - 0 1,2,Barry Peter Barnes
83b46f8b,8/1R6/7K/Q1p5/8/3k4/2pP2p1/2rr1bN1 w - - 0 1,2,Jaroslav Krupička
f6064906,8/1PNBp3/Q6K/n3N3/4kp2/1p3p1P/1B2pPrp/4n3 w - - 0 1,2,Max Grünfeld
392cc15d,1K6/8/8/2N5/1brN4/pB3Q2/1Rqp4/2k5 w - - 0 1,2,Jacob Elson
7fd26aad,b7/p2R3p/3P2pr/R2PkPP1/K6p/2N2Qp1/4Nnn1/1B6 w - - 0 1,2,David J. Shire
fc1e7f23,8/3N4/8/3N4/2npn3/3k4/3b2p1/2RQ1bK1 w - - 0 1,2,Karl Flatt
94fe7287,K1R4B/b2p2NB/3pp3/3k4/4n2q/5p2/4N3/Q1R5 w - - 0 1,2,Tibor Érsek
1e03bead,4Q3/8/4b3/4k3/1K2N1pP/8/2N1P3/2B4B w - - 0 1,2,Dumitru C. Ivana
e346b9b6,8/8/8/2prN3/2P1k1K1/2Q5/8/8 w - - 0 1,2,Hugo Knuppert
1681ad54,8/3p4/4n1R1/3k4/1K6/2Q2P2/8/8 w - - 0 1,2,Александр Григорьевич Андреев
caab967d,6B1/3nKp2/5Pb1/3p1kpp/3Pp3/6QP/5p1B/5r2 w - - 0 1,2,John Stewart
b219b88a,3r4/1p3p2/Q1R3n1/2pkn1N1/2Np2p1/p2p1p2/K7/8 w - - 0 1,2,Валерий Анатольевич Евдокимов
788e75ff,8/6R1/3n2K1/6R1/2N2k2/1b1Q4/1Nq5/7B w - - 0 1,2,Валентин Федорович Руденко
6f0d82af,2Q5/2br2Np/b3P3/1nR1R3/1P1k1P2/p2p3q/K2P2n1/3N3B w - - 0 1,2,Neculai Chivu
5de9bca6,6r1/7Q/8/3p2N1/1P1k1q2/3B4/p3P3/Kb1N4 w - - 0 1,2,
ba262bed,4Nn2/4KP2/6p1/3Pkp1b/R4p2/8/1N1R2n1/7Q w - - 0 1,2,Herbert Siegfried Oskar Ahues
995c1e86,3Q4/8/8/4B3/N7/1K6/1P6/k1b5 w - - 0 1,2,Василь Юрійович Марковцій
a0bf79d9,8/3n4/R1b1BP2/R1b1kP2/4Np2/2Np1p2/8/BK4Q1 w - - 0 1,2,Вячеслав Карлович Пильченко
3cdc56e7,8/4P1Q1/3k4/8/3K4/8/8/8 w - - 0 1,2,Zelikas Kolodnas
5bbe8219,q5N1/3bR3/1nr4p/bQ1Pp3/3pk1B1/r2p1R2/4P2K/BN6 w - - 0 1,2,Herbert Siegfried Oskar Ahues
9403e3e3,B1n5/n1Nb2p1/Q4b1q/P1k3r1/1p3R2/6Pp/1pr1pP1K/8 w - - 0 1,2,Emil sr. Mächler
d48ed3bb,K7/8/3p1Q2/2B4B/4kb2/6p1/1N4R1/8 w - - 0 1,2,Alain Campbell White
d6a801ab,b3Q3/1B3p2/P2Bqp2/3N2rR/1N2k1P1/2pR1p2/K1PP4/8 w - - 0 1,2,Marco Guida
c08a09fb,1R6/KP6/5N2/6N1/7q/5R1p/7k/4BQ2 w - - 0 1,2,Donald Lebeck
77b24953,1q1R1b2/5N1K/3P1P1p/3kNB1Q/np2pP2/1P2B3/2r5/1nR5 w - - 0 1,2,Herbert Siegfried Oskar Ahues
83592349,4n3/Qp5R/2pp4/1N1kp1N1/2p5/4B3/4PP2/RK1n2b1 w - - 0 1,2,Карл Артур Леонид Иванович Куббель
a1dd17b1,B7/4rpN1/8/Q3P1RP/1RN2kpn/K4p2/5P2/8 w - - 0 1,2,Willem Nanning
496a7b4e,3K4/8/1p1kp3/1n4P1/4P3/1N6/4R3/2Q5 w - - 0 1,2,Julius Adam Kaiser
b95df5fe,5B2/4n1K1/1P1PB3/RP2kP1Q/2R1P3/6P1/8/8 w - - 0 1,2,K. R. Chandrasekaran
0380241e,8/8/8/1B6/1B6/2K2n2/3R1p2/4k3 w - - 0 1,2,Анатолий Яковлевич Кириченко
754b88c6,5r2/3B4/8/pNNk4/K4bRr/5P2/1BR5/8 w - - 0 1,2,Barry Peter Barnes
3f9f92bb,3B3r/qp2R2p/2ppNp2/Rp1k1N1b/2rb1Q1K/6p1/B7/3n4 w - - 0 1,2,Pierre Monréal
d49e4288,4K3/2ppP2p/3k3P/2p4R/8/8/2P5/2Q5 w - - 0 1,2,Zdeněk Závodný
d024b83e,K7/2N1Rp2/2n5/1p4bR/1Bkp2p1/p4r2/P1N1PnB1/3Q4 w - - 0 1,2,Otto Frederick Jentz
2503bb55,8/K3R3/3N4/2pN1p2/1pPk4/3nn2q/1P2Q3/8 w - - 0 1,2,Paul Vătărescu
ae3d348f,8/B4prq/8/KP4p1/1RN1k3/3nP1nR/5QPb/1B1b4 w - - 0 1,2,Arnoldo Ellerman
cd0c993d,2Q5/8/3p1pN1/1pbp4/1p1kp3/1p4p1/1P1NK1B1/8 w - - 0 1,2,Крикор Хайрабедян
9a8ba33b,b3Q3/pNprP3/p1k1p3/K1PNP3/1R3P2/8/B7/8 w - - 0 1,2,Ottavio Stocchi
d1477b06,2K5/8/3k4/pPpppPB1/P6p/7P/8/3Q4 w - - 0 1,2,Niculae Ionescu
200e9eb1,3bn1B1/8/8/4k1p1/RB2N1P1/6R1/2b1NP2/3nK2Q w - - 0 1,2,Роман Федорович Залокоцький
c8dfebfa,8/2r3p1/2p1p1K1/1np1kp2/r3N3/8/4Q1b1/2BRR3 w - - 0 1,2,Kenneth Holmes Braithwaite
c3189249,8/2K5/8/8/1kPQ4/1P6/B7/8 w - - 0 1,2,Алёна Владимировна Кожакина
7bd0f779,2b2K2/2p1BQ2/8/R1r3PN/2R3Pk/b4pp1/5rP1/3B4 w - - 0 1,2,Kenneth Samuel Howard
75fe0f0f,7K/8/5p1k/5P2/5PB1/6PN/7P/8 w - - 0 1,2,Juraj Lörinc
6c365ed5,bBR4K/1N1Q4/1p2p3/rp1B4/r2k3p/5R2/6N1/b5q1 w - - 0 1,2,Johannes Jacob Rietveld
792edd58,8/8/3p1K2/1P1R4/pp1N2R1/qBk1P3/rnp5/n1Q1N3 w - - 0 1,2,Ivan Garaj
fab6b612,8/4BRp1/1q1pp3/3pk1K1/3r4/R3NP1B/4n3/Q1b4n w - - 0 1,2,Александр Николаевич Панкратьев
b16c6c07,8/2p4Q/1p1k2K1/NR6/Bn1bpN2/8/8/8 w - - 0 1,2,Владимир Александрович Голубенко
f1bac130,B7/b7/2N5/PNkq3R/b7/3P4/nQ6/6K1 w - - 0 1,2,John F. Tracy
d061ba9b,b1B5/Nr5p/kp5K/PNp5/2R4p/7p/7p/7Q w - - 0 1,2,Josef Šutara
9f9c66c3,8/3p4/p2Pp1p1/Q5Pp/3N1kpP/3P4/4B3/3NK1R1 w - - 0 1,2,Виталий Иванович Пименов
c434d640,3B4/1Q6/6p1/7k/8/6PN/8/7K w - - 0 1,2,Валерий Иванович Коренев
b4509cc5,8/4P1KB/1N3R2/P1p1k3/q2p3B/1n6/1P1rNbP1/2Q5 w - - 0 1,2,František Kubát
3426d9a3,2n3r1/3B1p2/K1R5/3k3P/1PN4R/p1p2P1n/3PNb2/2q1r3 w - - 0 1,2,Tibor Érsek
f11b237b,5Q1B/5Pq1/4p3/1pR3p1/1P1k2K1/2N5/1pPbn3/8 w - - 0 1,2,Thorleif Cammillo Henriksen
e4f7f259,KR6/5p2/N1k5/3R4/1b4p1/2q5/2r3B1/n1Q5 w - - 0 1,2,Степан Павлович Цырулик
cb2ded63,5b1Q/4p3/4b1R1/1BBk1N2/1Pn3P1/1n1p1PK1/8/8 w - - 0 1,2,Rudolf Lokaj
49f5c44d,1K6/6Q1/1RB1p3/pN2p2p/2k1n3/1NP5/4Pb2/qR5b w - - 0 1,2,Rainer Paslack
03b89b2d,Q1KR2B1/8/p7/2P5/r2N3r/3k4/N3RP1n/5n2 w - - 0 1,2,Karl Junker
0f723bcb,b7/1B3P2/1pr4p/rR1nN1p1/4k1P1/4pNQ1/4P2K/8 w - - 0 1,2,Jorge Marcelo Kapros
b2c9d8ed,K1NR4/1pk2N2/1p5r/1P1pP3/p2p2b1/7r/2B5/2R5 w - - 0 1,2,David Hjelle
3af54221,8/5B2/2p5/8/4k3/2P5/1Q4NP/3K4 w - - 0 1,2,Zdeněk Libiš
fc32b31c,4n3/1pb5/b3Q1PK/B6p/p2p1k2/rr6/4nPR1/2NB2N1 w - - 0 1,2,Alberto Armeni
2b0f2c9e,8/5Npb/K1p5/2k2n2/R4N2/1nP5/3B4/1rR5 w - - 0 1,2,Ullrich Friedberg
8d396d48,5NR1/6b1/5B2/R2bpk2/4N2r/3Q3p/4P2K/8 w - - 0 1,2,Назир Мансуров
98f57ffa,1B6/p1np1p2/B1p1b3/2pk4/1RNp2p1/2PQ4/2KN1pq1/8 w - - 0 1,2,Charles Ouellet
ca51ab9a,1KbQR1Rq/6np/1BNP4/3pbpn1/5k2/2N4B/4P2P/3r4 w - - 0 1,2,Alfred Olaf Karlstrøm
3a943caf,qQ2B3/1bp5/6r1/p7/Pk2N2R/2R1p3/1P6/1N4bK w - - 0 1,2,Александр Иванович Козлов
7ee7751e,1b6/4N1K1/p7/3Bn3/p1Nk4/Q1pbR3/2R2P2/8 w - - 0 1,2,Efrén Petite
b66e4c91,1B6/R1Pk4/8/2KN4/8/8/8/8 w - - 0 1,2,Gyula Beck
1272f24a,b7/r3P3/prk5/Bp3N2/1Q2R3/8/4K1R1/7B w - - 0 1,2,Martin Wolfgang Hoffmann
0fa56964,q6B/1r6/2NN3p/4R1n1/1Pb4r/2kp4/p4RQ1/K2B4 w - - 0 1,2,Efrén Petite
55263b1c,1br5/1QN4p/7p/p2n4/3Pk1N1/8/qpn5/3R1R1K w - - 0 1,2,Пётр Борисович Забирохин
e054268b,7Q/b4K2/3P1R1p/3k1p1r/1P1N2N1/1n1P4/4B3/q7 w - - 0 1,2,André Caresmel
19adf419,3R4/1n2KN2/3p4/3kp1R1/Q3NP2/2p1rn1b/8/2b3B1 w - - 0 1,2,Cornelis Goldschmeding
6efc24be,2N5/3N1n1B/n1p1p3/1b1k2b1/3p2p1/3p3p/2R1PQ2/K2R4 w - - 0 1,2,F. L. Baxter
6ef8aafe,2n2Kb1/p6P/3pN2R/QP1kP2R/N1p5/3B4/2P4b/1q1n4 w - - 0 1,2,Семён Семёнович Левман
d57d1b82,4r2B/bbR1n3/Nr3p2/1p4N1/2p5/p1k2p1R/Pp6/1n1Q3K w - - 0 1,2,Ervin Goldschmiedt
0d60dea8,8/1pK1N3/5Pp1/2k2pQ1/rN4R1/P1BB3r/1R2n3/8 w - - 0 1,2,Марјан Ковачевић
bc49f549,1B1KB3/r5p1/r3kNp1/4P1R1/p7/3QR3/q1p5/8 w - - 0 1,2,Rudolf A. Pieprzyk
55b5e6b3,1K6/2PNP3/3k2B1/8/8/8/8/1Q6 w - - 0 1,2,Walter Wohlers
25a18271,4n3/5K2/3p1p2/1R6/4k3/4N3/n2Q2P1/8 w - - 0 1,2,Николай Иванович Максимов
b0e42f7c,8/8/6R1/5p2/8/8/R5N1/1Q1K3k w - - 0 1,2,Gerhard Kaiser
8737952b,3r4/7n/r2RP3/2ppp2p/2BkP3/PpN1N1Q1/1P5B/6K1 w - - 0 1,2,Cornelis Goldschmeding
80ed7dd4,8/3p1N2/2r4p/1P1k4/4R3/B1p1KN2/6B1/8 w - - 0 1,2,Яков Вульфович Россомахо
b3576af6,8/2rp1Q2/1PP1P2K/RP2k3/6b1/B2PN3/2Nn4/8 w - - 0 1,2,Julio Peris Pardo
4185d99a,7K/5p1Q/3B2r1/1N5p/4k2P/2R1P2B/8/3NR3 w - - 0 1,2,Hans Frieder Haefele
12c7cd68,8/r1p1Q2P/3r1N1K/2k3NR/pR2B3/P3b1q1/8/6B1 w - - 0 1,2,Александр Андрианович Батурин
2f75bc01,6QB/5P2/4N1nq/3P1k1p/K1N3rP/p1p2P1B/4nR1b/4rbR1 w - - 0 1,2,Marcel Segers
dd49bab8,4R2B/6n1/2R2r2/N2p1p2/KPPk1P1b/p3r1N1/3P4/1B4n1 w - - 0 1,2,Юрий Николаевич Вахлаков
0dcdf2a7,2q2n2/2p1Q1p1/1p2n3/2bB1b1R/pP1kpP2/K2pN3/3P4/8 w - - 0 1,2,William Shelley Branch
57fe62a8,8/3Q4/8/8/3K4/5p2/4k3/2R5 w - - 0 1,2,Павел Петрович Рожков
43bf079f,8/8/3p4/NK1N4/3kp3/8/3P4/7Q w - - 0 1,2,Qərib Hüseynov
b2d3bb84,5nN1/8/6R1/2Q1pk1p/7b/2KP2p1/6N1/8 w - - 0 1,2,Николай Семёнович Терещенко
c33efd7d,7b/1qn1p2K/1Pp3p1/4k3/1R2N2R/2P1N1PB/Q4p2/4n3 w - - 0 1,2,Karl Heinz Siehndel
5f1faa5b,3bKn1B/8/2Bpk1rP/R6N/1r4N1/3qP2Q/8/1b3R2 w - - 0 1,2,Wieland Bruch
cb87f8a5,8/8/8/7p/5K2/7k/2Q4p/3B3n w - - 0 1,2,Ján Valuška
591ffbd9,8/3r1r2/1R6/3k1pQ1/1PN3R1/1P2PK2/4n3/2n3bB w - - 0 1,2,Frederick Forrest Lawrie Alexander
47201bd4,8/b1r5/4N1B1/3p3n/2bp4/2B2R2/3rk1K1/3N2Rn w - - 0 1,2,T. C. Evans
1d0b2aff,8/r1p4p/2P1k3/1N5Q/2RpqpRB/pK1p1p2/4N3/8 w - - 0 1,2,Alex Casa
b3f454ee,8/8/2N5/2NK2B1/2B5/2p4r/1rkP4/n3Q1b1 w - - 0 1,2,Николай Михайлович Герасименко
c78e8016,8/R2Pk2P/8/4N3/3P3K/8/8/8 w - - 0 1,2,Stefan Klebes
3e7ada18,3Rr3/Q2N4/1Pp4B/2p1PB2/P2k4/2pN4/KP5q/3R2b1 w - - 0 1,2,Berthold Weiß
fc1e2cbc,5N2/2p4b/p1k3qR/PRp1PN2/4K2p/4B1b1/8/5B1Q w - - 0 1,2,Петко Андонов Петков
92f0fcd3,3K4/8/3pRpP1/4Pk1N/2N1n1R1/3Q4/Bb3rPB/4r3 w - - 0 1,2,Wieland Bruch
5c510fde,3B2q1/8/rn1p1n2/N1p1kB2/2p3pN/2P5/1R4b1/4KRQ1 w - - 0 1,2,Dumitru Răducănescu
e544a437,3Q3b/3pPN1b/rp4nB/4P3/1p2kNP1/pP4R1/2n1B3/3R3K w - - 0 1,2,Jacques Weber
26c98e55,2nr4/5QN1/B6b/2pPP2p/2pPkPNn/8/1p2K1P1/6B1 w - - 0 1,2,Zoltán Labai
00d01c00,1B6/8/4K3/p1pN1P2/R5p1/4Nk1p/R7/5B1n w - - 0 1,2,Donald A. Smedley
893a67aa,1b3RnN/4p2p/2P3p1/3Bk3/Q1P2pP1/5P2/b2R4/K7 w - - 0 1,2,Henry Bristow
29f96148,8/3N1pQ1/1n3N2/2Pp2Rp/1r1k3K/Bp2p3/1Pb1B3/2R5 w - - 0 1,2,Alfred Ernst Sutter
974a86cc,4b3/1n2np2/2p1kP2/2p3P1/2P3P1/1p5p/1K5B/1B1R4 w - - 0 1,2,Федір Михайлович Капустін
c47da32a,3R4/5p2/4k1P1/N5Q1/8/8/8/5K2 w - - 0 1,2,Євгеній Михайлович Богданов
5eee0a70,8/4N1r1/8/q5P1/pPR1N2k/2Q2B1p/K1p4P/2b3r1 w - - 0 1,2,Рафаэль Моисеевич Кофман
df941ef0,2K2n2/7p/4N3/p3P2Q/1RN1kpp1/1R5b/qP2p3/8 w - - 0 1,2,Eugène Ferber
7920b086,K7/8/3pPp2/3N4/kBBbn3/3N4/8/8 w - - 0 1,2,Robert Tony Lewis
b944cb35,6rk/5pp1/4bB2/q3N1PK/7R/8/2Q5/8 w - - 0 1,2,John Odin Howard Taylor
4c4e6a82,3bb3/P3p2B/N3Qp2/1k1p1r2/8/5P2/RN1K4/R7 w - - 0 1,2,Валентин Викторович Лидер
3a80ea77,4K3/kBpN4/Pb6/7Q/p7/B7/8/8 w - - 0 1,2,Сергій Іванович Ткаченко
41c2f121,3B1K2/2p5/n1P1P3/r1N1RP2/1p1k4/1Bp1R3/2n5/4r3 w - - 0 1,2,Allard Pieter Eerkes
f075f407,5r2/2QRb3/1p1n4/1P2P2B/4p1b1/2BkP3/2R3NK/N2r3n w - - 0 1,2,Abdelaziz Onkoud
2affc927,2K5/2R2n2/2p5/1pPk4/1P1p1P2/3B4/8/8 w - - 0 1,2,Theophilus Augustus Thompson
2fe9e4a9,6n1/1P1R1N2/p1B1k3/q1p2R2/1PP1p1PK/1Q6/8/2b4b w - - 0 1,2,Francisc Szalai
be58d46d,3B4/4pN2/7Q/5k2/1N6/7K/8/8 w - - 0 1,2,Талип Хасанович Амиров
bfe6e47e,2n3B1/1pKPPr2/1P5Q/1pk3PR/1R6/1Pb5/1p1B1N2/1N6 w - - 0 1,2,Manuel López
93e1087d,4KR2/1P1pN3/3P4/1N2kPB1/3rq1p1/3Qp3/2PPnn2/1b1r3B w - - 0 1,2,Rainer Paslack
317d9738,8/2Bp4/1qBn1n2/P1N1p1R1/R1pk4/p2N3K/3P3b/7Q w - - 0 1,2,Mirko Degenkolbe
809ea6e0,8/5K1p/7k/1R6/4pP1P/4Nqp1/4B3/5Q1b w - - 0 1,2,Hermann Schulz
269eca20,5Q2/4bP2/3Pr1p1/2Bpk3/6P1/2P1N2N/5R2/5K1B w - - 0 1,2,Rainer Paslack
da5392f5,8/5R1b/7k/b7/3q1NKN/4Q3/8/2B5 w - - 0 1,2,Марк Иванович Адабашев
a0f25996,8/6p1/1P1P2p1/1KN1k1N1/4P3/7P/3P4/4B3 w - - 0 1,2,James Money-Kyrle Lupton
a1cd0423,2q5/4Np2/3b4/1npRp3/4k1B1/5R1r/3KN1P1/8 w - - 0 1,2,Андрей Степанович Былевский
d6923f62,1K6/8/5Pn1/4k3/8/3Q4/B5N1/8 w - - 0 1,2,Fritz Hoffmann
68fd7f05,2N1Rr1n/2p4b/2p1Pp1Q/2Rq1k2/K2B4/1pPP1p1P/7n/1B6 w - - 0 1,2,Аркадий Маркович Плостак
b158f504,1B6/Qp3K2/1R2N3/3P4/6RN/2n1kbnp/2Pp1b2/3r4 w - - 0 1,2,Ottavio Stocchi
e70a8966,2n3NK/2rB2Q1/2pk4/3P4/4P3/2P5/4b3/4R1B1 w - - 0 1,2,Николай Христов Димитров
0fda522f,1b1R3B/5N1B/KQ1n2r1/3PrpRP/2p1k1p1/6P1/4P3/5N2 w - - 0 1,2,Emanuel Navon
b89408d8,1Q6/1n1r3B/q1b1R2P/1Pb3pK/2N3P1/5kP1/r1n2B1R/8 w - - 0 1,2,Árpád Jakab
9fa28d4a,7Q/6n1/7b/8/8/5K1R/3P4/6k1 w - - 0 1,2,Zoltán Zilahi
f42402c2,8/3pK3/7B/6r1/1p3k1N/rN6/4Q2P/8 w - - 0 1,2,William Timbrell Pierce
20a83acb,8/1P6/8/p7/8/k7/2K5/8 w - - 0 1,2,Rudolf Wastl
a0841570,2rn4/2n4Q/p3b3/3NrP1N/4k2b/3R2pp/K1B5/6Bq w - - 0 1,2,Comins Mansfield
aacff8e3,2n3q1/3p2B1/Kp3N2/1R2Q2B/2k1p2r/2p5/P2bP3/2n4b w - - 0 1,2,Johann Bernhard Michael Schneider
5cc6ec63,3r3b/1ppR4/1p1B2P1/4N3/Np1kP1K1/3B1ppp/2pQ3r/2n3qb w - - 0 1,2,Matti Arvo Myllyniemi
db2b9dd0,8/3bK3/3pR3/7Q/4Bpp1/n1P1k3/2q2R2/Nr4B1 w - - 0 1,2,Hubert Gockel
80312918,8/3R4/8/K1k1Nn2/8/2P5/8/B7 w - - 0 1,2,Владимир Иванович Желтоножко
4006674b,8/4bp2/2R1pP2/1N2k3/6KN/8/n5Q1/5R2 w - - 0 1,2,Mario Forti
47ac3b2f,1b6/p5Kn/P1Q5/3Pk1nN/4bR2/p7/B5p1/6B1 w - - 0 1,2,Ernest Bertrand
f69e0388,4K3/P2pppp1/2P2q2/RN1k4/R2N1P2/1PP3n1/n4B2/3Q4 w - - 0 1,2,Colin V. Vaughan
25e51067,Q5N1/4p3/3pN3/1ppPk3/2P3n1/3B2P1/2nK4/8 w - - 0 1,2,György Bakcsi
b0d13b3b,K1B5/b6r/7R/1Pnk3q/3NR1N1/B3p1P1/3nQ3/3r4 w - - 0 1,2,Борис Я. Коваленко
ed1d4bfa,K5Q1/2B5/4Pp2/1N3knP/R3N3/3p2p1/3Pb1Bb/4R3 w - - 0 1,2,George W. McAllister
9e00e01a,8/8/n4Np1/4Q2b/2p4r/1ppkN3/5B1P/R3K3 w - - 0 1,2,Віктор Олександрович Мельниченко
f7f2743e,8/N3BB1b/3rP2K/2Nkp3/8/2P5/6P1/5Q2 w - - 0 1,2,Béla Albert Sallay
0626c1bc,2k1b1Rr/p2N1n1r/4N3/1n1Qb3/KR6/2p5/8/8 w - - 0 1,2,Eric Manfred Hassberg
29212e33,1Q2n3/2rN4/8/p1b3n1/2Bk4/2pP4/N7/K3R3 w - - 0 1,2,István Persa
5fb83ccd,B7/2p5/2npR1b1/4p3/1PpkPp2/1P3RP1/Q1PP4/3K4 w - - 0 1,2,Michal Piasecký
7873d649,2rNNQn1/pB2p2b/8/2k5/1R1p4/Kp2r3/1P2p3/6b1 w - - 0 1,2,Joaquim Valladão Monteiro
fb59f73f,1n1RQ3/p1b1P2r/4k2p/4rn1N/1B3P1p/KN6/2B5/4R1q1 w - - 0 1,2,Г. П. Калугин
d92e7374,R1qk4/2ppppN1/6p1/R5p1/2KB2B1/8/5Q2/8 w - - 0 1,2,Бошко Милошески
5fb966b9,8/8/8/8/8/2p1K3/2p5/BkN4Q w - - 0 1,2,F. Aurél Tauber
31ad23b4,2bK1nB1/4P3/4qN1b/R1p5/p1k1pRr1/2P5/1nQ5/8 w - - 0 1,2,Johannes Jacob Rietveld
27bd47a0,2R1R3/8/r2kP3/2pnn3/2Qp2r1/b5BB/5N1p/7K w - - 0 1,2,Christopher John Allison
e679dd51,2K5/2RN3p/1Bp4r/1P1pp2B/QPkn2nR/7q/1PP2p1p/4bN2 w - - 0 1,2,Arnoldo Ellerman
dab72746,2Nn4/rb3pRr/p4kpP/3Q1Bp1/1N1n4/8/6KB/8 w - - 0 1,2,H. Beechey
651cc702,2r1NR2/1rnp1Bpq/bn4P1/3P1k2/3P4/3R1P2/4KP1N/1QB5 w - - 0 1,2,Imre Regős
57c322c5,8/6Q1/8/R4K2/1p6/1B1k4/8/5N2 w - - 0 1,2,Василий Григорьевич Матэуш
f4a2d34b,3nK3/1Q1N1p2/5P2/1pP5/1pk1pp2/rpn1q2R/BP1R4/N5B1 w - - 0 1,2,Max Schatz
13ff66f8,1Q5K/3b4/r4p2/PpRP3n/Np1k1N1B/1P2pP2/1r6/1B6 w - - 0 1,2,Cornelis Slagmolen
015fb118,1B6/1p6/1b6/5B2/2P5/3pPkp1/3PRP2/3QK2R w - - 0 1,2,Henry William Barry
6cb14d5a,b2K4/6p1/8/7Q/3P1k2/5r1p/4P1Pp/2NN4 w - - 0 1,2,Thomas Henry Billington
5129c442,5B2/1P1pn2p/5b1R/4k3/2R1PNBP/3K4/2P5/4Q3 w - - 0 1,2,Henry Maxwell Prideaux
bc26c263,7K/Q6p/n7/6R1/4Nk2/r3R2r/3N4/2BB4 w - - 0 1,2,Marcin Banaszek
47921519,r2b4/4B3/4P1R1/1nP1k1P1/R1b2NK1/4PnPN/2BpP2p/7Q w - - 0 1,2,Harry A. Boardman
141706b9,4R3/KB2p3/4b3/1NrpN1Q1/Rbr1kP1p/4p2q/1nP1P2B/8 w - - 0 1,2,Александр Николаевич Панкратьев
eadfc88c,6kr/7p/7Q/4KpN1/8/8/8/8 w - - 0 1,2,Werner Keym
92ee4249,nNqn3r/B2p3p/P2R3P/kN1B3R/P7/K7/3p4/3r4 w - - 0 1,2,Eugene Woodard
f30f6791,3b2B1/2p2R1K/2p1kNp1/2P1p1pb/3p2p1/3Q2P1/5P2/8 w - - 0 1,2,Izidor Gross
4376a415,2b3RK/7B/2N5/2NR4/4pk2/5p2/5B2/4r3 w - - 0 1,2,Abdelaziz Onkoud
1ae28c2e,3n4/5p2/2r1PPp1/1P1k4/2N1RP2/B2pP3/1n3N2/1K5Q w - - 0 1,2,Andreas Witt
e8129eca,3k2NR/2NP4/K1P5/8/8/8/7B/b3r3 w - - 0 1,2,Giuseppe Brogi
32cf09be,q1B5/p1p2N2/2P1N2p/KQ6/1p2k3/1p2p3/3bnnP1/1b1R1R2 w - - 0 1,2,Václav Přibyl
a52adaee,8/5P1K/7p/6BP/8/4Pp1k/4P3/8 w - - 0 1,2,Ján Dučák
7bd9bb0b,8/1Q6/8/2k1p3/3RPB2/1rp2K2/2p5/8 w - - 0 1,2,Jozef Kováčik
ebfb1fc1,5RK1/pk6/bP2R3/5p2/2N5/1n1p3p/Q5N1/5q1B w - - 0 1,2,Robert Bownas Wormald
b3b364b2,8/2Np1p1B/RpQPpPnB/1p2k3/1P6/1K6/4P3/8 w - - 0 1,2,Frideswide F. Rowland
9c3b9416,q1bn4/2BN1P1n/5P1R/1R1p1kp1/1p6/3N4/4Qp1p/5rbK w - - 0 1,2,Comins Mansfield
27f5c58b,2R1R3/B7/rq1Q3K/3bP3/1r1k4/2N5/1p1P4/5B2 w - - 0 1,2,Gerardus Hendrik Goethart
8b981636,K3RN2/8/7B/R2N1kP1/5r1b/7p/2n2rb1/2QB1nq1 w - - 0 1,2,Frederick E. Gamage
37923b2f,4K3/7B/8/N7/p7/B1pR3Q/1rk5/1r2b3 w - - 0 1,2,Jan Ingvar Hannelius
8f0401f9,8/2Q1p2K/1N3p1B/3P1P2/bP1kP3/1qp3R1/2pNP1pp/4n1b1 w - - 0 1,2,Zoltán Labai
0e9b6729,1Kn5/1p5N/1p5R/1p1k1b2/1P6/5n1p/8/B1RNQB2 w - - 0 1,2,Gerd Rinder
b0d22efc,bBQ5/8/p4K2/3ppN2/4k3/3p1p1N/r4p2/5n2 w - - 0 1,2,Юрий Михайлович Антонов
c47084eb,8/4p3/8/1N5Q/4k3/6R1/5K2/1n6 w - - 0 1,2,Владимир Павлович Шумарин
b1c37d70,K3R2Q/2p1pp2/p5p1/1P1pP2p/P1PPk3/1b3R2/2N1P1pr/5rb1 w - - 0 1,2,Herbert Moller
4a77aaf9,2q4B/4N3/2ppP3/1p1Pr1N1/1P1k2nR/1K1B2Rb/4Pn2/8 w - - 0 1,2,Pieter ten Cate
f6b3b7b4,5r1B/nP2N1R1/1P2b1R1/Q2pk3/8/1NP2PPp/1n6/K7 w - - 0 1,2,Живко Јаневски
26830a25,1r1q2b1/3p1PR1/5BK1/p1r1P3/Q1Np1pk1/6PR/1b2P1P1/8 w - - 0 1,2,Ernst Otto Martin
cf704e3b,1r6/1R3Q2/k1PN4/3n2Rq/3p4/1K1Nr3/4B3/4B3 w - - 0 1,2,Antonio Bottacchi
a0984d5d,K6B/1R6/1pQ1p3/1p1Pn1N1/1P1k2p1/1Pp2b2/2p1P3/1n1r1NbB w - - 0 1,2,Анатолий Васильевич Слесаренко
1f5da30d,1nRb1B2/qR4r1/4p3/pNN4r/Pk4PQ/1P1P4/3P4/1K2n3 w - - 0 1,2,Guido Cristoffanini
025634d4,8/rBp1KpQq/4b1p1/1r4p1/p2p3p/N2kN3/n2P3R/4R1B1 w - - 0 1,2,František Sabol
b1dc2c76,b3N1B1/P2N1n1r/1K1QR1r1/P1Bp2p1/P1k2b1R/2p5/2P5/8 w - - 0 1,2,T. Waterhouse
290fdecf,4N3/5np1/8/p2R1P2/B3k3/1Q4P1/1n3p2/5K2 w - - 0 1,2,Louis Henry Jokisch
dc5317db,K5b1/b1Q5/4p1B1/6pr/1PPk4/6r1/1P2RP2/5n2 w - - 0 1,2,Thomas Taverner
1c252858,q7/1P4P1/2pPR3/2N1Nk1p/8/6Qn/5p2/5R1K w - - 0 1,2,Robert Eugene Burger
4e963ab4,8/2p2P1K/3N3Q/N1Pk1pp1/3P1bR1/3pr3/b7/B3R3 w - - 0 1,2,Роман Федорович Залокоцький
20213909,7K/8/8/pNRP4/k3B1R1/1rpNp3/pPr5/n2Q4 w - - 0 1,2,Guido Cristoffanini
ca9d4e21,4R3/8/2Q5/3r4/3k4/5p2/4PK2/8 w - - 0 1,2,Robert Sachsel
1cb9a254,4K3/4NQ2/4N3/4kP2/8/8/8/8 w - - 0 1,2,Вячеслав Павлович Антипов
09090530,7K/6B1/4p1k1/4Q3/3N4/8/8/8 w - - 0 1,2,Arnaud de Savignac-Castelet
c0a55848,1K2R1n1/2B5/1pp1Nb2/3k1N2/1r1p1n2/8/2QR1q2/5B2 w - - 0 1,2,Валерій Олександрович Жебенєв
8cc8d6e3,5K2/5N1k/6b1/5n2/2Q1B3/8/8/8 w - - 0 1,2,Богдан Валерійович Жежерун
1ec25f35,4B3/1RN1P3/qr2p3/bb6/1k1P4/1P3N1Q/K2P3r/4B3 w - - 0 1,2,Otar Tabidse
a2581a64,8/8/8/8/N3B3/1R6/p3n3/2k1K3 w - - 0 1,2,Ingemar Lind
f8ca9602,1Q6/8/8/8/4K3/1p3B2/1B3p2/4k3 w - - 0 1,2,Николай Иванович Бельчиков
329171ec,1n6/B3P3/3K4/1p2p3/1Np1k2N/6Pb/2R2p2/2n2B2 w - - 0 1,2,Zoltán Labai
ef395f3f,k2K2R1/Pq6/1PB5/8/8/8/8/8 w - - 0 1,2,Krzysztof Drążkowski
eb94ef89,5bB1/3Rp1n1/2p1n1p1/3N1kPp/5P1p/Kp5P/6Q1/2B5 w - - 0 1,2,David W. A. Brotherton
6a116ee5,2K5/BN3Bp1/1rP1R3/5r1p/P1kbP3/1Rp4q/PP2P1n1/4NQb1 w - - 0 1,2,Роман Федорович Залокоцький
b9981b7d,3NK3/8/5P2/4k1BR/2rn3N/5P2/3R4/Q7 w - - 0 1,2,Ladislav Knotek
8d54af0d,3R1B2/3B4/2pn1r2/2N1k1Pp/3Rbn2/8/5Q1K/8 w - - 0 1,2,Adelchi Ricciardi
b49f6ef9,8/1p2N3/5pPK/2B1kb2/R5p1/3Pp3/B7/4N3 w - - 0 1,2,George Stillingfleet Johnson
65631c10,1nRQ3n/4p3/4kp1N/1N6/p1r1q3/KP1B4/1B6/8 w - - 0 1,2,Ovidiu Crăciun
58b73cf3,3Q3B/b1p5/1qp5/1r3N2/5knR/3RpPN1/2pP2Kn/8 w - - 0 1,2,Waldemar Tura
c087fe1a,4Q1bb/rn1p1p2/R1N5/1B1k4/6n1/B3pp2/K1N5/2R3q1 w - - 0 1,2,Сергей Петрович Крючков
5df44428,4R3/8/Q1n4K/1rpp2N1/b2k1Np1/4R2p/7B/5B1n w - - 0 1,2,José Godefroy Martin
372e5256,4R3/b2R2N1/r3p3/1P1Nk2K/6p1/1n1Q4/5P2/8 w - - 0 1,2,Rainer Paslack
a75d8d3c,Bb3B2/1b4P1/7N/QPN1k2K/3n3R/5p2/8/8 w - - 0 1,2,Борис Николаевич Назаров
a14f30e9,B2Q4/1r2n3/5b2/1N3P2/3Pk3/5R2/bK2P3/8 w - - 0 1,2,David Leo Brown
6f4a07fb,3Br1N1/5NnK/B1R5/5n1k/R6p/7P/8/bb6 w - - 0 1,2,Mike Prcic
64b6501f,8/2n1p1P1/2pNnp2/2Pkb2R/1P1pq2r/1P4rQ/1pP1NBB1/1K1R3b w - - 0 1,2,Miroslav Svítek
9d9b56a2,4r1r1/1P3Q2/B7/1K1R4/P6N/2B2Pp1/4p1R1/5k2 w - - 0 1,2,Владимир Ильич Тимонин
35ac8d85,8/4p3/1K6/4kbp1/3RN3/1B6/1Q2Nb2/8 w - - 0 1,2,József Németh
f40e34be,4R3/8/2P2pp1/1B3kp1/R4Pp1/KN4br/4P1n1/2n4b w - - 0 1,2,Mario Parrinello
c425cdea,5Q2/2pK2pb/1p2BP1q/B3k1pP/3b2PP/1p2P1NN/1rR4B/4R3 w - - 0 1,2,Никола Столев
25be8acf,8/Kn6/R7/1k1P4/1p6/1B6/R7/8 w - - 0 1,2,Мирослав Стошић
bc680cd8,BB6/rn1p4/1N1Pp1K1/pPpNkPn1/R6R/3pP3/3p4/5b2 w - - 0 1,2,Philippe Robert
b8d76953,2b2N2/Q1R4B/nrP1p2q/b3k2p/1pP1NR1B/1p2P1P1/1K6/8 w - - 0 1,2,Thomas A. Pringle
f4263251,4bK2/B3Q3/8/1pr2p2/R3Pk1N/q6R/4ppPN/1B6 w - - 0 1,2,Gerhard Maleika
45e3e2fb,8/3n4/4p3/4B2b/5p1N/1p1Pkp1K/1R1Rq2N/4QB2 w - - 0 1,2,Barry Peter Barnes
8ba9ac90,7Q/4RBn1/2Nr2p1/3pNkn1/6p1/3K1p1p/8/2B5 w - - 0 1,2,Juraj Brabec
6d6df69c,3RB3/1K6/p3Np2/8/1kN1Q3/2q5/P6p/4B1n1 w - - 0 1,2,György Bakcsi
4929916e,R5rk/6bq/8/5p2/8/1p2N1pR/1B4Q1/K7 w - - 0 1,2,Frederick William Andrew
309f5786,B7/3p4/3B1K2/1N1N4/2n1k3/4P2p/4P3/3n4 w - - 0 1,2,Rainer Paslack
126edc8a,8/8/8/8/1K2Q1B1/4N3/3pb3/4k3 w - - 0 1,2,Александр Дмитриевич Тюнин
34b1f9cd,8/3pP3/1p5R/2kb1NR1/7Q/4NB2/8/5K2 w - - 0 1,2,Erich Racz
33df14c0,8/8/5R1B/3k4/2r5/1K2Q3/B7/8 w - - 0 1,2,Robert A. Lincoln
598f81d3,1KNB4/1n5r/2kpBp2/5N2/4n2r/b1p5/6Q1/8 w - - 0 1,2,Stanley Sedgwick
dafbee53,8/5b2/8/8/5K1k/3B4/2Q2N2/7r w - - 0 1,2,Владимир Павлович Шумарин
5354a34e,3R4/6pB/4P1N1/3pK2Q/2P1PP2/P1pk4/2p5/2B5 w - - 0 1,2,Edward Boswell
4e1c201c,8/8/8/8/8/p2N4/8/rknQ3K w - - 0 1,2,Saturnin Limbach
92efc721,4KNkb/6P1/6R1/7B/8/8/8/8 w - - 0 1,2,Bedrich Formánek
2440f92e,3K1Bb1/N1p1Q3/p7/3k3p/r2P3r/1PPN1n2/5p2/3R4 w - - 0 1,2,David Hjelle
3bb41178,8/1p6/bP5R/5p2/1r3kNB/n2Q2pP/1N1p1pB1/4bK1n w - - 0 1,2,Julius Buchwald
72d7496c,8/1Q6/4p3/2p5/3k1N2/K7/7B/8 w - - 0 1,2,A. Gargiulo
d37445d9,6b1/5p2/1K1p1Qn1/3k1P2/8/1P2p1N1/n3N3/B2r4 w - - 0 1,2,Guy Wills Chandler
9fac1245,4Q3/1R6/3r2N1/2rk4/4R1P1/6p1/2PP2n1/6KB w - - 0 1,2,George Edward Carpenter
694ce98b,1R6/8/8/8/B2K4/8/kB5R/8 w - - 0 1,2,John O. Flagg
38817502,2k1K3/1ppN4/8/1R6/8/8/8/2Q5 w - - 0 1,2,Eligiusz Zimmer
d18464d9,2K1RN2/8/1pN2p2/1Qq2k2/4Rb1P/8/1n2B3/8 w - - 0 1,2,Giorgio Guidelli
5dc3aaff,b7/8/5Q2/B2pN3/1R1N3n/n1k5/4P3/2b4K w - - 0 1,2,Orest Jewetzky
c723b18b,1Q1R3K/5pBB/b4n2/2p2N1n/PNk5/b4R2/8/1r6 w - - 0 1,2,Ferenc Fleck
4d4ec0d6,1B4bK/8/1qnR4/3pk1p1/Q5P1/1B1P1n1R/1N2P1N1/8 w - - 0 1,2,Feliciano Mendes de Moraes Filho
f155889d,1qRN4/bbp5/4B3/KR1r4/N1kpn3/2pp4/8/4r3 w - - 0 1,2,Francisc Rduch
6dc7ab6e,1Q3r2/3R4/1b6/5N2/3p3r/5PN1/1B1kpPq1/KBR5 w - - 0 1,2,Миомир Недељковић
90a84ddb,bb5n/3P2NK/4p2R/5pkP/5pn1/6Q1/R6N/2Brr3 w - - 0 1,2,John Lindsay Beale
5da9dc6f,1K1R4/5p1q/3p3b/Nb1ppp2/nPPkN2B/1pp4R/1r1P4/7B w - - 0 1,2,Fabio Magini
c35d2e5d,nB2R3/1Bp1K3/4N3/2Pr2p1/4k1Pp/R4N2/3Pr1P1/5n1Q w - - 0 1,2,Ralf Chris Handloser
d7df39f9,8/8/8/8/2B5/Q1Pr4/PP1NPP2/k1n1K1R1 w - - 0 1,2,Johannes van Dijk
d36dbba2,5K2/7p/3pk2p/2p2R1P/B1p1PP2/2PbQ3/8/3R4 w - - 0 1,2,John Hugh Barrow
27c4e5bb,8/p7/3N2p1/BR6/3k4/R2P3r/5P2/2K2b2 w - - 0 1,2,Rauf Gadschiaga Aliovsadzade
00c89616,1b6/3n1p2/1P3p2/1KPkBB2/R1N5/1ppp2QN/1r4b1/2qr4 w - - 0 1,2,Yosi Retter
70aab1b2,8/4qNRK/N3k1p1/R6p/7B/3Q2p1/b7/4r3 w - - 0 1,2,Walter Hood Thompson
24f095a3,1B3Q2/r1n1n2r/1R1p4/2kN3p/1R2B3/2P1b2K/3qp3/8 w - - 0 1,2,János Kiss
6df2d06e,r3k2r/1R1npn1R/4Q3/4B3/8/p7/4K3/2b5 w - - 0 1,2,Michael Lipton
061d5667,n3NK1B/8/2p5/2rkP3/1P5p/1P1PpRnB/b3N1pQ/8 w - - 0 1,2,Павел Александрович Мурашёв
7c9ed9df,8/6p1/3pp3/8/1KPkBBP1/2Np1bR1/2p1rP2/4NQ1q w - - 0 1,2,Emanuel Navon
45440949,3KR1B1/2p1R1p1/2P5/4pN1N/1p2k1P1/1rPn4/2n1P3/8 w - - 0 1,2,Gheorghe Leu
fcb877e3,2R5/5K2/3p3B/Q2nP3/2Pk3N/p2N4/2P1P3/2R2B2 w - - 0 1,2,Yves Cheylan
7f420049,7b/2P3Qn/4Pr2/3R1P2/1pP1kp1N/2r1p2p/4p2K/B3N3 w - - 0 1,2,Валерий Афанасьевич Кириллов
1001f520,7Q/2r5/4p2B/3pNp2/q2pk3/pN3p2/1nP3r1/KB6 w - - 0 1,2,Alfred Pries
e0334e8d,8/8/7N/4nK2/6Pk/6Np/3Q2pb/8 w - - 0 1,2,Josef Volf
397f2785,5Q2/1p1N4/8/3q1P2/8/3k1ppK/1pR2B1p/nB3n1N w - - 0 1,2,Henry Cudmore
948dbfa0,4Q3/1N3n2/1b6/3knb1R/3p4/3BP3/3R4/K2N4 w - - 0 1,2,José Casimiro Vinagre
7f24410b,K3R3/8/3B4/R2B4/1n1kN1p1/7q/1p1p2n1/5Q2 w - - 0 1,2,Віктор Олександрович Мельниченко
8b9d1285,4n2q/1N4n1/2K1p3/R3BP1r/4k1r1/2Pp4/3P3b/3B1R2 w - - 0 1,2,Георги Александров Попов
dd5410e6,B4r2/3Nn3/p1pR2p1/4N3/K1p1k1pP/p2p2Q1/6P1/4r3 w - - 0 1,2,Halvar Hermanson
6aab09a5,rN1R4/8/1Rp4K/P1k1p3/7p/b6r/3NBPb1/4Q2n w - - 0 1,2,Валерий Николаевич Карпов
b5ce25ea,1q2n3/1Rp3pQ/r2P1P2/2R1NpP1/Bp2kP1n/2p5/r1P1NK2/8 w - - 0 1,2,Martin Wessels
68a4c517,KN2R3/P6Q/3k4/1r5p/1P3P1b/B4B1b/4N3/8 w - - 0 1,2,Милан Велимировић
23848bf1,1B1R1K2/r1rbN3/4kp2/b4q2/N2n1PB1/3R1P2/2P5/1Q6 w - - 0 1,2,Ismo Tompuri
cdb3d194,B4R2/BR3q2/8/2rPp3/2p1k1Pb/8/3QPp2/3K1N2 w - - 0 1,2,Ion Murăraşu
eb21c836,5NQ1/7B/KB6/R2P3r/2k5/P1n1n1R1/P1Pr2q1/1N6 w - - 0 1,2,Георгий С. Баев
916f300a,K1R2B1b/8/1N1Qp3/p2p1Pq1/3k2P1/r1p4R/b4N2/n3n3 w - - 0 1,2,Arnoldo Ellerman
5b9b6f0d,6B1/2B3R1/5k1n/5P1p/7P/2K2QP1/8/8 w - - 0 1,2,Friedrich Dubbe
1239dfd7,2N3Q1/3r4/r6R/RbNnkp2/1p1p4/5P2/1B3K2/8 w - - 0 1,2,Halvar Hermanson
68634246,2BK4/4B3/8/2Npk3/1r6/2qR1n1N/1Q6/8 w - - 0 1,2,Emil Palkoska
d86468cb,8/1prq1B2/1Kpp1B2/p1n1N1Rn/b3k3/4pR2/4P3/Q7 w - - 0 1,2,Михаил Александрович Павлов
33eba227,2B1n1b1/8/1pQ2Rpp/R1ppk3/8/2PK2P1/1N2P3/8 w - - 0 1,2,Michal Hlinka
8ca835f2,8/Ppk5/1N2P2n/K2PpnQ1/3P4/7B/8/8 w - - 0 1,2,Mihai Olariu
f67a74ee,8/8/1p6/pkp5/4Q2R/K7/8/8 w - - 0 1,2,Александр Григорьевич Андреев
794ea69c,2r3b1/QPp5/1p3b2/5N1n/1N2k1K1/2B5/3n1P2/8 w - - 0 1,2,Arturo Bussetta
45a99be7,8/4K3/4N3/3PkB2/2PpnpP1/4p3/3PRP2/8 w - - 0 1,2,Эдуард Николаевич Наговицын
1799c125,5R2/b5rp/1QP5/1rp1p2B/4kBP1/5NP1/8/3RN1K1 w - - 0 1,2,Олександр Вікторович Мочалкін
46c54591,3R3K/7N/5P1B/4PN1R/4kPBp/rr1nn2q/3QPP2/b6b w - - 0 1,2,Gerd Reichling
9850767b,r6k/1p3BpP/6Q1/pK5R/7N/1p6/bb6/8 w - - 0 1,2,Espen Backe
df306e58,5N2/3p4/2br1p1q/b1pk3n/p3R3/1r2nB2/Q1N1R3/2K5 w - - 0 1,2,Pieter ten Cate
762def49,3N4/3p4/K2Br3/1N1kPR2/1p2p3/1P1r1p2/3P1P2/7Q w - - 0 1,2,Edith Elina Helen Baird
dd9a5bd3,8/B7/1nPQN3/K3p3/p1p1k1Pp/P2n3P/3RPb2/3N1R2 w - - 0 1,2,José Gabriel Mariz Graça
1bc99759,8/5K2/6RQ/3p2B1/P1Pk4/1PN5/N7/8 w - - 0 1,2,Игорь Алексеевич Агапов
6497ddec,5k1r/2N1Np1p/4P2P/8/1Bp2K2/1qpP1Q2/3pP1Pp/r7 w - - 0 1,2,Pieter ten Cate
44b8d108,5R2/Q2p3b/N1r1B3/1pp3p1/4kB2/4P3/2K3P1/8 w - - 0 1,2,György Bakcsi
59012ba0,8/1K3B2/4N1R1/5k2/4NP2/3P1q1n/2n5/B3R3 w - - 0 1,2,Oskar Wielgos
b1c1bcdf,1n2KN2/3ppP1p/5k1P/Q1prp1RP/7B/6Pb/5Nqr/b7 w - - 0 1,2,Pieter ten Cate
f3836fee,b3B3/B7/4p2N/2n1P1pp/1RN1k1p1/2pq2P1/2Q1PK2/8 w - - 0 1,2,Imre Felkai
34cf9027,2QN3K/4PpBb/1Rr3k1/n6p/4N2p/6r1/4P1R1/1B4n1 w - - 0 1,2,Ralf Chris Handloser
4423a5af,R3n3/KQ3r2/2p1bB2/2Rn4/k7/6br/P1N2p2/8 w - - 0 1,2,Szaja Krelenbaum
03e3cf08,1b6/3QN3/3p4/5p2/4bkpK/3p1qn1/7R/B3N3 w - - 0 1,2,Sven Trommler
a887e4b3,8/3K4/3P4/4pnQ1/1B1kPnN1/1P3B2/8/4N3 w - - 0 1,2,Yosi Retter
2c50baa3,1KB5/1N6/2Np4/1Qnk4/4r3/3P4/8/8 w - - 0 1,2,Claude Goumondy
d346ed21,1n1B4/5K2/p3BRp1/1k3pR1/p2pN3/1p1N4/P1P5/1Q6 w - - 0 1,2,Miroslav Kasár
f70202cb,8/2pK4/2P5/1Q3Np1/1P1Pk1p1/2P1N1p1/5nP1/5R1n w - - 0 1,2,Николай Михайлович Суходолов
8325feba,7Q/4pN2/3PR3/6p1/5pk1/6pR/8/5NK1 w - - 0 1,2,Константин Жуковин
1e53285f,K7/1B1Q1P2/1Pn5/n6p/7B/Rq3N1p/4P1kp/3NR3 w - - 0 1,2,Erio Salardini
d3b2d1d4,6Qb/4pr2/2P5/2K1p2R/ppppkrnR/1q6/3PPP1B/8 w - - 0 1,2,Arnoldo Ellerman
b7bfdb44,5B2/n7/ppb1B3/q2p1Q2/2k1NN1R/p1p1P3/Kn6/2R5 w - - 0 1,2,Kabe Moen
1ecca7d4,6b1/P4N1B/1N6/3p1r2/4k3/4P2K/5P1p/5Qbr w - - 0 1,2,Edgar Dinwiddie Holladay
65e4a119,8/4Q3/8/K7/1N2p3/6n1/1R1b1R1N/3bk1B1 w - - 0 1,2,Василий Федорович (Москва) Рыбаков
038edd28,7N/8/4k3/1NR1p3/7Q/1K6/8/8 w - - 0 1,2,Владимир Владимирович Кожакин
60a3cb71,n1Q3n1/1K1p3q/1p4P1/3kNB1R/2N1p3/4B3/8/8 w - - 0 1,2,Юрий Михайлович Бережной
e08afc07,B7/7Q/8/7R/8/1K6/5p1b/6k1 w - - 0 1,2,Євгеній Михайлович Богданов
d3823506,8/1N1bN2Q/6r1/2pR1r2/1n2k1p1/1n1qB1K1/2B2P2/4R3 w - - 0 1,2,Virgilio Ernesto Rosado
bdf8bec5,3R1R2/2nbpq2/1Nr3rN/8/4n3/1QP1kP2/2p1Pp1B/2K2B2 w - - 0 1,2,Karl Wangeler
2553108e,6b1/K2N1p2/3p4/1B1k1P2/3pp3/8/N1n5/7Q w - - 0 1,2,Fritz Peipers
560c0c7e,2K5/2N5/8/p1kPp3/P1p1P3/2p5/2B5/2B5 w - - 0 1,2,Renato di Vincenzi
e30f9f89,5B2/8/2pNpk2/2P3p1/3pQ1p1/3K2P1/8/8 w - - 0 1,2,György Balló
956022e6,8/8/1q6/b2R3B/Q2NpN2/1n3n2/1K5r/3kB1R1 w - - 0 1,2,Almiro Elias Zarur
1efda6cb,n7/4K3/Np1p1Q2/bP1k2p1/3N2bR/1p4pq/1B3PP1/5B2 w - - 0 1,2,Живко Јаневски
8d68b35a,8/5K2/1Q5B/2P2B2/1P6/p5R1/1k6/7r w - - 0 1,2,Микола Олексійович Чіканов
689bdab6,3Nkr2/1p1p1p2/pB3p2/K4N2/1P6/1Qp5/2P5/8 w - - 0 1,2,Peter Hoffmann
906df513,1K6/7n/6b1/3Q1N1k/R6P/8/3n4/6R1 w - - 0 1,2,Nicolo Belli
4541995c,4Q2K/q1p4p/1r1Bp3/1b1kpN2/2R1R2r/5N2/8/8 w - - 0 1,2,Олександр Петрович Скриннік
a8b29882,qn6/6p1/p2B2Q1/r2k1pRr/6N1/bPR2P1P/2N1B1K1/3n4 w - - 0 1,2,László Apró
fc6b1464,6nq/p4N2/4p3/Qp1p2R1/b1pk1B1r/N1R5/6B1/2K3b1 w - - 0 1,2,Ottavio Stocchi
74a704b0,5rQ1/1P1pp2p/Rb2nkBP/qp2n3/1P5P/8/p4NR1/B5K1 w - - 0 1,2,Hauke Reddmann
8aa253a9,K3N1B1/1N2B3/1b3p1r/R2q3r/2kp2bQ/p5R1/Pn1P4/8 w - - 0 1,2,Константин Григорьевич Почтарёв
68d0feac,6r1/2pp1N2/P1kb3R/R3PqP1/5QP1/3p1K2/6B1/6Bn w - - 0 1,2,Arnoldo Ellerman
6f2923be,8/1N6/4p3/1K1k4/5Q2/8/8/8 w - - 0 1,2,Семен Іванович Веселенчук
89e7fa3a,8/B6K/4p3/Q1n1rN2/2kP2BR/1p2r3/1pb2N2/2R5 w - - 0 1,2,Allard Pieter Eerkes
fd5c6b3d,1r4b1/qp1Q3p/BP6/pRBp3n/P1k2b1R/n7/1K2PP2/8 w - - 0 1,2,Анатолий Васильевич Слесаренко
fd7004bb,3N3K/3R1p1p/b1p1Pp2/n3k2n/2r4B/1Q3R2/5N2/1q1Br3 w - - 0 1,2,Marcel Tancău
5c6cdfc8,1B2Q3/p2N1p2/3b1P1n/4R3/5k2/3ppN1K/3rrpPn/8 w - - 0 1,2,Johannes van Dijk
ce73661f,4B3/4p3/2p5/2pkp3/2N5/4P3/K7/4BQN1 w - - 0 1,2,R. E. Lee Windle
ce807c55,1n2R3/1Q1N1p1b/3P1P1b/P5r1/1pkN2BR/P2pB3/2PK4/1r1n4 w - - 0 1,2,Василь Васильович Дячук
50271520,K4b2/5B2/4N1n1/5k2/4n1N1/5P2/4Q3/1b6 w - - 0 1,2,Zoltán Labai
278264a7,2R5/5Q2/1P6/1Nbp4/2k3p1/3N2K1/R7/8 w - - 0 1,2,Геннадий Брониславович Згерский
e96a6da4,8/4Q3/8/pk3B2/8/8/PN6/7K w - - 0 1,2,Károly Harcz
b55fc7b7,1bBR4/8/N1r5/1pp1R2n/2k5/1p1p1N2/r2Q3K/B2n4 w - - 0 1,2,Charles William Sheppard
be443ed8,1N6/3p4/1p1P1p2/1P3P1p/pPkN3K/P1P3Q1/1BR2R1p/7B w - - 0 1,2,Helmer Ludvig Ternblad
cd4a2042,3B4/1RK1N3/4p3/4k2P/4p3/3nNb2/1P3Q2/3R4 w - - 0 1,2,J. Willis
a62951cf,8/5KB1/8/4p1k1/4Rb2/8/8/3Q4 w - - 0 1,2,Алексей Евдокимов
e1c42f8b,8/1Q1p4/1PpKp3/1b6/2k5/1pP5/3PP3/8 w - - 0 1,2,Johannes van Dijk
590918a3,K7/8/2R5/1kp1P1Q1/8/8/2B5/8 w - - 0 1,2,Milenko Đukić
0be12878,8/8/Q1N2k1P/8/Kb3P1N/1B6/8/2B1rnr1 w - - 0 1,2,Peter Durst
7b9a884b,4n3/1K2Q1p1/1B6/2PkN3/4q1p1/1P6/B1N1R3/n7 w - - 0 1,2,Wim J. Wolfs
b23c7d24,8/4p1K1/8/3RnkN1/5pb1/8/2P3Q1/8 w - - 0 1,2,Otakar Toť
80aa8bce,4q3/nB2b3/4N3/pN1R4/2k1p3/r1P5/p1Q5/K7 w - - 0 1,2,Molham Hassan
12e42112,8/Qpp1Nq2/R5b1/3Bk2n/3R2p1/8/1K1P4/8 w - - 0 1,2,W. A. Clark
869758f5,5Q2/7K/p3B3/1p2R3/1n1p2b1/3k4/5R2/1n2B3 w - - 0 1,2,Milan Cerulík
0077a6a6,8/RPP4p/2KP4/N2pp3/k1n3Q1/p4R1r/N1r5/1b1BBnb1 w - - 0 1,2,Frederick E. Gamage
9a7de48b,8/2p5/R1N5/BRp4p/1p2bKBk/8/8/8 w - - 0 1,2,Frederick Bennett
9046583e,6Q1/p6B/8/KRBr4/2k1n2R/2pr4/5p2/3NN2b w - - 0 1,2,András Tokaji
66c77562,8/1p4B1/3nP3/p2p1b2/P1kP3Q/3N4/P1KnP3/1R1R4 w - - 0 1,2,Sándor Boros
d1ecdb12,8/1BnRp3/8/P1k2bbR/Pp4rp/1PN5/2N5/K1Q5 w - - 0 1,2,Eric Ernest Westbury
8db05b0c,1K5B/6RP/7Q/2p5/2B5/n7/3R2p1/kb4b1 w - - 0 1,2,Сергій Олександрович Шедей
9f83fba8,6Bk/6p1/5P1B/7R/7K/8/8/8 w - - 0 1,2,Frithiof Lindgren
bc3d6363,8/8/B7/pnp5/kq1bR1K1/1R1N4/2P5/4Q3 w - - 0 1,2,Eugen Rusenescu
0dcd39a1,B5q1/7p/N1R1P3/2Nk4/K3R2r/BP1p4/2n4b/7Q w - - 0 1,2,Jean Haymann
d255a03b,8/K2Q4/4PpB1/2PP2p1/P1k2pRr/p2N4/P3NR2/6B1 w - - 0 1,2,Jacobus Haring
35ce1ead,1Nr4n/1Pk4b/Pp2Pp2/3RpP2/5B2/3N4/7n/1K6 w - - 0 1,2,Gherasim Cristoforatos
2a2760f3,3RR1B1/8/1p3K2/bP1Np3/1p1PP3/1pNk4/1Q6/B7 w - - 0 1,2,Jozef Tonkovič
31b26ce5,8/1Q1R4/1p6/1k1N4/8/1N6/8/2K5 w - - 0 1,2,Wieland Bruch
326cca53,3R4/6p1/4p1K1/2N1k1Bp/1n2PR2/Q1P2P2/3r2p1/7B w - - 0 1,2,W. J. Swords
573276e3,b4rB1/K3PP1r/1p2k3/1Q1NP1R1/2pp1B2/b7/8/4R3 w - - 0 1,2,C. E. Lindmark
721671b9,2b3B1/1p1p1P2/1R1B2k1/4P2N/6K1/8/8/8 w - - 0 1,2,József Almási Almay
32e0872d,8/3B4/r3p3/2p3K1/4kNp1/4P1r1/1B2Q3/8 w - - 0 1,2,Юрий Николаевич Шарашкин
a3d4ee4f,3N4/1r3p2/1p1P1P2/2Pk1K1R/2NP4/p3Bbp1/rPQ1n1Bp/3R2bq w - - 0 1,2,Gusztáv Papp
85e9f5db,1KnB4/6pq/k1Pp1rb1/3N4/7p/1RP1Q3/3bR3/1n3B2 w - - 0 1,2,Gerhard Maleika
2dd8b4d6,8/4Q3/1N6/pk3B2/8/8/K7/8 w - - 0 1,2,Robert A. Lincoln
b21459db,6B1/rpp5/4R2K/3R4/1r3p2/bkP2p2/nN4p1/1Q2B3 w - - 0 1,2,Gyula Szügyi
b6cea841,q1QnK3/2pp2B1/1P1k4/1R1pR3/1N1n4/5p1b/2r5/b2r4 w - - 0 1,2,Hugo Knuppert
f40121b6,r4nB1/1pPNkP1Q/pP1RNp2/K1Bp1b2/8/p7/4nr2/8 w - - 0 1,2,Владимир Алексеевич Ерохин
3e1fdc1a,8/3K1p2/2R5/1n1kp3/5rN1/2bPRn2/2P1N3/8 w - - 0 1,2,Alberto Armeni
b6743805,7N/2B3p1/5k2/8/8/8/6K1/7Q w - - 0 1,2,Wilhelm Schweitzer
b4b038ad,3R2b1/2KQ2P1/p1P1N2r/r3kpB1/3Np3/b5P1/2qp4/8 w - - 0 1,2,Zacharias Fjellström
8bec6e32,q7/8/3pR3/1Q3n1N/1p4p1/1Bp1Nk2/2n2P1P/3b2K1 w - - 0 1,2,Валентин Викторович Лидер
b9127bdb,4BB2/6pp/2NP1P2/R1b2NkP/R5P1/2Q5/3P2K1/8 w - - 0 1,2,Фёдор Васильевич Давиденко
91e62aee,6Bk/6p1/6Qb/6P1/6K1/8/8/8 w - - 0 1,2,Эрнест Левонович Погосянц
68c42e19,8/6p1/5p2/8/3b1k1N/r1Q1RN1K/2nP4/8 w - - 0 1,2,Борис Былевский
ad2264b6,6Q1/8/2P5/4N3/4pR2/4k3/5R2/3K4 w - - 0 1,2,James Crake
1118810f,B2QKN2/1rp4p/5R2/4k3/2p5/3p1pP1/4P3/R7 w - - 0 1,2,Николай Алексеевич Плетенёв
8c69b8df,8/5b1P/7p/4QPk1/8/7K/8/8 w - - 0 1,2,Gustav Herbert Hultberg
062835d2,8/8/4k3/N1B4K/8/3R4/2Q5/8 w - - 0 1,2,Charles Francis Stubbs
8aa38a07,6rn/4R1pb/1n1P1k2/1K6/4p1Q1/4N3/8/8 w - - 0 1,2,Jacobus Haring
69a98f48,8/8/K2n4/2Prk1P1/3r2Q1/7B/p7/B7 w - - 0 1,2,Leonid Makaronez
a60b79bb,8/4k3/N3N1PK/8/2Q5/8/8/8 w - - 0 1,2,Fritz Günther Braune
66c9d50b,1Q6/1N6/1k6/1N6/1p6/1B6/1K6/8 w - - 0 1,2,János Kiss
f9c958c6,8/8/8/1bN5/3r4/4k1B1/nr1NB3/Knb2Q2 w - - 0 1,2,Otto Georg Edgar Dehler
5c962276,K1N1RbN1/1p5r/p3p1p1/2P1k1p1/1R4P1/r6P/2bQ4/q2n4 w - - 0 1,2,Josef Kupper
c3b71cca,3R4/Kp2Pr2/1P3p2/QPk1n2r/2pN3R/7q/5p1B/5B2 w - - 0 1,2,Ferenc Fleck
487b9745,7R/1p6/4B1b1/4P2N/2p1k3/3P1pK1/3RPB2/3Qn3 w - - 0 1,2,Christian Poisson
5213b063,1K6/1p5p/7k/4B1pp/6pN/4Q3/5P2/7q w - - 0 1,2,Володимир Васильович Діденко
35f892dc,n1K1R2N/p2PqPBn/1bB1k3/1Np1pp1b/3prp2/4P2Q/4R3/8 w - - 0 1,2,Francesc Armengol Burgues
ac33be96,8/4pp2/2R5/8/8/7B/2R5/2K1k3 w - - 0 1,2,Живко Јаневски
fafe8896,4K3/2p5/3k4/8/2Q2P2/8/8/8 w - - 0 1,2,Werner Speckmann
432b54a8,8/4Q2B/N4p2/3p1r2/3k4/1Kp3bR/8/2N1n1n1 w - - 0 1,2,Franz Pachl
54f01e23,B5N1/p2R4/4PR2/1N2k1p1/K1Q2r2/6Bp/P1nn2b1/5rq1 w - - 0 1,2,Sándor Boros
b440717c,5r2/8/2Q5/8/3B4/8/6N1/3K1kr1 w - - 0 1,2,Андрей Николаевич Дикусаров
2696dee2,r7/3p4/5p2/2PNkPp1/4P3/2R1K1P1/4b3/B6r w - - 0 1,2,Massimo La Rosa
7bf8a39e,8/1qPPK1N1/1p1P4/3Rp1PN/3Bk1p1/1Q3p2/3pP3/1b2br2 w - - 0 1,2,Анатолий Васильевич Слесаренко
db13d42a,2B5/4PP2/2pBKN2/5RP1/7p/5pPk/5p1b/6nQ w - - 0 1,2,Иван Иванович Стороженко
b2664476,4nR2/4b3/4N1K1/4p3/2Ppk1nQ/3rP2p/6r1/3b1N1B w - - 0 1,2,Jacobus Haring
ca44f403,8/1b2p3/Pp4P1/3p3R/nK1k1N2/3Br3/2RQP3/8 w - - 0 1,2,Guido Cristoffanini
6202e884,2R1KB2/1p1N4/2n1PQ2/3k1B2/r7/3Pb3/p7/8 w - - 0 1,2,Edmond Bernard
4ed698f9,8/8/B1K3Q1/4NN2/2pPkp2/3p4/5r2/8 w - - 0 1,2,John H. Graham
a2b81a4f,8/1K6/3Q4/8/kB6/8/n1P5/8 w - - 0 1,2,Микола Олексійович Пархоменко
212e6307,6q1/4Q1N1/3ppp2/2RpkpPn/p1R2n2/K1P4B/b2N3B/5r2 w - - 0 1,2,Dieter Hanslik
90e325b0,2N2nB1/R2P3n/1pk1rb1Q/1p3R1K/2rp4/B7/2N5/8 w - - 0 1,2,Frederik Willem Nanning
9d73bfad,3R3b/2r5/qPpp4/3kpn1Q/1PpNp1P1/4p3/B3N2B/2R1K3 w - - 0 1,2,Frederik Willem Nanning
fd5cfa9e,6kN/3N2p1/2p5/7R/K1R4p/b5B1/B6r/6Qb w - - 0 1,2,Cornelis den Toom
0665875f,2N2kN1/3p3K/3rp1BP/8/1rR5/B1p5/8/3q4 w - - 0 1,2,Georges Legentil
ba1c26a7,8/BN6/BN4rQ/4P1b1/K2k4/6P1/3P4/3RR3 w - - 0 1,2,Вячеслав Александр Лебедев
1697d3a0,bR3B2/q1b5/3n4/ppn5/PkN5/rp1p2Q1/1N3P1K/2R5 w - - 0 1,2,Comins Mansfield
920af251,5K2/pB2N3/r2pQ2R/2P2p2/1B1k1rn1/1P4bR/4p3/4N3 w - - 0 1,2,Erich Lindner
05820a67,4R3/3bq3/6PB/1nbB2RP/7K/1pPpk1P1/1r4P1/1n1Q3N w - - 0 1,2,A. Cassinelli
9f2a1ee1,n1N5/3p4/3Q4/r7/pNkP2qR/7p/P2BR2p/3K1B2 w - - 0 1,2,Arnoldo Ellerman
97b62ce7,2nBn2K/8/4R1p1/1R1N4/rp1k2rp/N2p1p2/pP1Q4/1b4bq w - - 0 1,2,Johann Joseph Petrus Adrianus Seilberger
1402ebbc,8/4p3/p3Bp1B/R3b1pb/4pkpQ/4p3/6K1/5n2 w - - 0 1,2,Bernard Delobel
83285c88,r3kb1r/1NQ1n3/3BPR2/pbpppp1q/8/8/1K2p3/8 w - - 0 1,2,Nicolae D. Lenţa
2358bc7e,3B1b2/6p1/r1p1K1P1/p1k2P2/pR3Q2/nn1PP3/8/8 w - - 0 1,2,Ernst Löbel
0a686903,6R1/8/8/B1b1N1p1/2rN1k1r/1Q1n3p/4R1nK/1b5B w - - 0 1,2,Gejza Reiprich
a7631834,7K/8/1p6/8/kN6/b1Q5/4B3/8 w - - 0 1,2,Harry Viggo Tuxen
de74f23c,8/8/Qnp5/3k4/2R5/6B1/2K5/8 w - - 0 1,2,Willy Roscher
40045fff,1q3b1B/2P5/1nQPkPBn/2p1N1p1/p3K3/3pRp2/3r4/5r2 w - - 0 1,2,Erwin Groß
2226b526,2Q2K2/8/3p2Rp/1p5N/1P3k1N/prp3b1/bq1n4/rnB5 w - - 0 1,2,Flórián János Kovács
ef698667,4Q3/1p6/1B1pP2P/2pkr3/3NR3/3P3K/8/7B w - - 0 1,2,Halvar Hermanson
d336ce4b,6B1/p3r3/K1N1r3/2b5/2k1P2R/B1P1p3/2Q3b1/1Nn3q1 w - - 0 1,2,Franciszek Cieślak
670dcff3,8/8/8/5N2/7R/8/6k1/2N1K2R w - - 0 1,2,László Talabér
bc49cdd3,8/1N3p2/3p4/2P1bQ2/2kN1n2/K1ppP3/3R4/7B w - - 0 1,2,Володимир Сотник
081abf73,k1K5/Pp6/8/8/1P3R2/8/8/6B1 w - - 0 1,2,Лев Владимирович Грольман
9787c37c,8/4QN2/N3nn1p/2Pr1p2/2KPk3/8/4P2b/2BR4 w - - 0 1,2,Juraj Bosák
b9f52795,N3K3/1NR1P3/3R4/pk2p3/1p1bp3/8/5p2/1B1Q3b w - - 0 1,2,Ангел Златанов
4f5da3c3,8/3p1B2/b2Bp1Q1/K4n1r/R2Pk1P1/2p1NNp1/2P1R1P1/3r4 w - - 0 1,2,Christopher Cedric Lytton
d0edcd47,8/p7/Kbp1B3/2p2p2/3p3Q/1N1k2PN/2pPb1P1/2BnR3 w - - 0 1,2,William A. Langstaff
30d6b353,k1K5/1pR5/2p5/2B5/8/1B6/8/8 w - - 0 1,2,Александр Петрович Олейник
e16c4290,8/1R1p4/P1k2PK1/3rpQ2/1B2N1N1/1p2p3/2b3B1/2Rr4 w - - 0 1,2,José Ventura Caverdos
ea51768c,1b4K1/7n/3p1kp1/2N1R3/b1pQPp2/8/8/8 w - - 0 1,2,Sámuel Gold
76d3e9a3,4B3/8/1n2N3/3kpQ2/1Rb1N3/8/3K4/8 w - - 0 1,2,Pavol Vlček
515374cf,2K1N3/1p6/k7/b2R4/8/8/8/6Q1 w - - 0 1,2,Robert A. Lincoln
e1b9169f,7R/8/5k2/8/7P/5K2/B1Q5/8 w - - 0 1,2,Gabriel Nedeianu
bdfeae03,8/2p5/6b1/KpNPQ2r/p1k4r/2n1BBp1/P1pP4/q1N1b3 w - - 0 1,2,Willy Paul May
4e4fa66c,8/8/1B1Q3K/Nq3N2/5P2/1p1p4/1PPkp3/1BR1Rn2 w - - 0 1,2,Touw Hian Bwee
b3802d54,q2n4/8/3p1Kb1/pQ6/5NPn/4B3/pR2B1p1/4krR1 w - - 0 1,2,Imre Telkes
e16a38c8,4K3/8/pN6/1k6/3Q4/8/8/7B w - - 0 1,2,Константин Комаревцев
8cb505e1,8/3p3r/b1RP4/K2k4/8/1N5B/2Q5/8 w - - 0 1,2,Josef Kerles
71d5b213,r1N2Q1B/1Bpp4/1p1rP3/p4R2/2k5/8/KnN1P3/8 w - - 0 1,2,Ferenc Fleck
e7cdb485,3R4/PNp5/p1kq3R/P5p1/2P1K3/8/1Q6/6b1 w - - 0 1,2,Horacio Luis Musante
f82b2617,nr6/3QN1bb/qB1N4/1R5r/p1P2R2/PPk1p2n/2B1P3/2K5 w - - 0 1,2,Carel Johan Robert Sammelius
97c31aaf,r7/1Q2B3/8/k3K3/8/2n5/P7/8 w - - 0 1,2,Fritz Förster
d47d8b9c,2R5/1P2R3/5p2/2pP1p2/2Nknp2/3P1B2/2K5/8 w - - 0 1,2,Петко Андонов Петков
a469de16,4B1Q1/5N2/4ppp1/5k2/5p2/2K2p2/5P2/7R w - - 0 1,2,Constantin Bidulescu
6450e54c,8/8/1P1N4/BP2P1p1/pQPk2N1/Kp3R1r/1n2Pn2/7b w - - 0 1,2,Erkki Aukusti Wirtanen
b249646c,1B1K1N1b/3B4/pP1P1p1r/Rp1qkP2/3pnpP1/3p4/6Q1/4R3 w - - 0 1,2,Peter Clement Asbury-Smith
a4ff0444,K1BR4/1p4Q1/p5pp/1pP1NP2/q2pk1p1/3pP1R1/1Nr2n2/7b w - - 0 1,2,Štefan Sovík
f17c6f73,3R4/1p6/8/1Bp5/3p3r/3NPP2/2PB2R1/1Kbk4 w - - 0 1,2,Rainer Paslack
f972282e,3n4/q3R2p/3pp1P1/2Nrk1BQ/4p1B1/2P1RPb1/5nK1/8 w - - 0 1,2,Jacobus Haring
c4d91557,8/3n4/NR4N1/3P4/2pk4/5Qp1/6K1/5B2 w - - 0 1,2,Алексей Матвеевич Петрусенко
06ee85a5,8/4p3/1pp5/p3R3/2k1N3/2P2p2/b5p1/2KQ2B1 w - - 0 1,2,Евгений Александрович Ваулин
556e10d3,8/1qB5/3N1pp1/1pnP2N1/2pk1p2/8/2K1QP2/7B w - - 0 1,2,Walter Bill Byas
1955dd1f,3KQ3/8/4NB2/1nPk4/4N1P1/1P1p4/4n3/8 w - - 0 1,2,Donald Glenoe McIntyre
787bd6f8,5q1b/Q2Pr3/2p1Pr2/pp1k1b1R/4N1R1/1NpK4/7B/7B w - - 0 1,2,László Talabér
fa193d08,Kb1B4/pR1P1b2/3p4/NBk5/1p1rp3/P1Np4/5r2/2R5 w - - 0 1,2,Octav Costăchel
7e5fed02,bKN2R2/1n6/r7/2p1kp2/2Q5/6P1/6N1/8 w - - 0 1,2,László Lindner
cfa3e6eb,2n5/1N5b/r1Q4p/1PB1p3/p1k5/K1N3r1/1P1R1p2/2R4q w - - 0 1,2,Luis Vázquez
796660fd,2r3q1/4p1p1/Nb3P2/p1pN2Q1/R2nk3/2KR1pP1/2P5/4rb2 w - - 0 1,2,Heinz Lies
402c2886,8/3B4/2NB4/3k4/3N1K2/8/7Q/8 w - - 0 1,2,Павел Александрович Мурашёв
3a3e6bdd,3rN3/1p2p3/b5N1/P2k2p1/QPRp2B1/1P1K4/2P1P3/8 w - - 0 1,2,Paul Hoy
59dbe699,B7/2n1r3/1N4Pp/1Q5P/3B1k1K/b4pN1/1P3P2/1b6 w - - 0 1,2,Сергей Прокофьевич Пушкин
ae849399,1Q6/8/3R3K/8/2N1kp2/8/7R/8 w - - 0 1,2,Виктор Сергеевич Лукашёв
90e04f81,8/2N5/N7/4p3/p1k5/4P3/Pp1Q1P2/brrB1bK1 w - - 0 1,2,David J. Shire
d899dbc1,7K/6R1/B4Q1B/n1p1bb2/3k1NR1/2p2P2/7n/4N3 w - - 0 1,2,Eric Manfred Hassberg
0175fb47,4r3/2bN4/7q/2Pk1BB1/QR1P3p/1pPp4/3p2N1/3bn2K w - - 0 1,2,Mohamed Jamal Elbaz
08376d11,8/5p2/5P2/5K1k/3Q4/6b1/6P1/8 w - - 0 1,2,Роман Федорович Залокоцький
ebb026e0,6b1/4p3/1p4BB/8/1K1kP3/1PRN2Np/Q7/4r1b1 w - - 0 1,2,Andreas Witt
ddd76ddd,8/8/3p3N/3nk1P1/1p6/1B2p1R1/1K2p2B/Q3N3 w - - 0 1,2,B. Wilfrid la Mothe
23a6705c,5R2/BP2p3/4Pn2/1n4bR/3N1k1p/2Q4P/6B1/1N4K1 w - - 0 1,2,Henry Edwin Kidson
cab8badd,n7/5Q1B/2B4p/7p/1p4kp/r7/3B3K/8 w - - 0 1,2,Reto Aschwanden
1c54b51a,8/8/1K5b/2N1R2B/1B2q2r/3Q3N/p1pP2P1/Rr2k2n w - - 0 1,2,Константин Григорьевич Гаврилов
257e812a,8/3N1pB1/b5nR/4R3/2Pk4/PB3p2/4PP2/1NK5 w - - 0 1,2,Михайло Назарович Марандюк
323e42ab,8/Kp1P4/pR4p1/2kB1nN1/6Rr/4r1Q1/4N3/2B1b3 w - - 0 1,2,Arthur Cyril Pearson
58171a44,8/8/3K4/3B4/3k4/3p4/1P1R1P2/8 w - - 0 1,2,Heinz Däubler
e4112731,8/P2NK1p1/2p1pP2/1Ppk1p2/5R2/1PpbP1nB/3bQn1B/1N6 w - - 0 1,2,Alberto Armeni
73390c8e,2n1q1B1/b7/4b1R1/N1pk1N1Q/5P2/BP3K2/1n5P/8 w - - 0 1,2,Robert Gray
c9d12185,8/3n2p1/B4Pp1/4Nk2/4p1NP/6P1/Q3K3/8 w - - 0 1,2,Геннадий Михайлович Покорный
17f5eb5d,BQ3B2/3R4/3r4/2PrP1N1/p1Nk2K1/3p4/3P4/8 w - - 0 1,2,Emil jr. Mächler
294b0416,4B3/K1P5/pR4N1/p1Bk2n1/2R4p/1P4b1/3PN3/1n3rrq w - - 0 1,2,E. H. Shaw
09c220cd,7B/2R3r1/1p5n/1RbPN3/5K2/p1k1NP2/p7/nb1Q4 w - - 0 1,2,Alberto Mari
d09a3133,8/8/5p2/B7/B6b/p1KN1Q2/2PPP1r1/3k3r w - - 0 1,2,Josef Voda
198e1275,8/4N3/8/2p3n1/R1B2NkP/5RBp/3p4/3K1Q2 w - - 0 1,2,Валентин Федорович Руденко
2cfc73b4,8/5K2/5B2/4pk2/5p2/5B2/7N/8 w - - 0 1,2,Zoltán Zilahi
0aab74fe,7R/8/Q3K3/3P1rp1/3B2k1/3N2p1/5pB1/3n1N2 w - - 0 1,2,Владимир Михайлович Арчаков
1b1560d1,2Q3q1/2p5/1pB5/1P1N4/2K1kP2/1pRpP3/1r4P1/2B1b2N w - - 0 1,2,William James Smith
0839d4cc,5B2/5N1Q/7B/2Ppq2p/1P1k4/KppP2p1/n1P2P2/5n2 w - - 0 1,2,Daniele Giacobbe
f7a5a6b5,5n2/1K3R2/2pkP2b/4p1p1/b1B5/8/5Q2/8 w - - 0 1,2,Géza Kiszela
116b3ff2,4R1N1/7k/7P/6K1/6n1/8/8/B7 w - - 0 1,2,Илија Серафимовић
016735ba,5KBk/8/7n/1pP1R3/3R4/2B5/1n5p/4N2q w - - 0 1,2,Mikael Grönroos
45cbe391,1R1R4/K1p2b2/p1P5/N1k1p1N1/3rB3/8/3p4/B4Q2 w - - 0 1,2,Jean Oudot
bf8aa23b,8/3p2n1/1Q4Kp/4p3/4Nrkp/8/3nN1P1/4B3 w - - 0 1,2,Andris Skuja
4315ddca,Q5b1/5P2/1rp1P1Rb/1p2k1B1/3n2K1/1pN2np1/5P1p/7q w - - 0 1,2,Konrad Erlinger
f44a7069,4r1bB/b1PP3r/1QKpB3/2N1N2p/R1PkP2R/nP3Pn1/3P4/8 w - - 0 1,2,György Bakcsi
6007b653,8/8/3Np3/3pP2p/p2kb2R/B1p2pQR/2p1PP2/2K5 w - - 0 1,2,Sándor Boros
068357d1,3rB1n1/1p1P1R1b/ppk3p1/6R1/N3KQ2/8/8/8 w - - 0 1,2,Felix Alexander Sonnenfeld
41eaccbf,8/1rp3BK/rn2P2Q/PBk2p2/3Rp3/P1N2N2/7b/7q w - - 0 1,2,Willy Popp
d54e6cfb,2n5/1K2n1pB/1pRp2pN/1p1k4/4N1Q1/2B5/8/8 w - - 0 1,2,Richard Weigel
cd594a4c,3R1BK1/1Bp2Pp1/1r1n4/5p2/1p1kNP2/1P4qR/4Q3/4b1r1 w - - 0 1,2,Oto Mihalčo
b25b02a3,1R1Q4/p7/2p2r1b/2k3n1/4P3/P5r1/2pNp1p1/2K1N1nq w - - 0 1,2,Roger Diot
628f768d,3B1K2/3P1Pp1/2Pkp3/6p1/2Q3P1/6P1/2p1B3/8 w - - 0 1,2,Анатолий Васильевич Слесаренко
a6d67caf,3n1Q1B/br3pq1/N2R4/5N2/P1k1P3/2p5/KnB5/8 w - - 0 1,2,Вячеслав Карлович Пильченко
a4337aa6,3Q3K/5p1B/5n2/1rp5/1pkBN1R1/r2p4/3P4/b1N5 w - - 0 1,2,Stefan Dittrich
972edec6,4Q3/8/2pp4/1b3p2/1rpk1N2/2pp1K2/2R2b2/8 w - - 0 1,2,Jan Smutný
91cd1e58,3bKN2/2p3pR/Q5P1/P4pk1/P5p1/6B1/3N4/8 w - - 0 1,2,Рашид Рифович Усманов
8ed57dfb,3KQ1b1/8/Pp1p4/1pNk1p1n/4N3/2PB4/6n1/B7 w - - 0 1,2,Ivan Kiss
045669b1,B1b1K3/1rrpP3/3kP3/2p1N3/2PP2P1/B3Q3/8/8 w - - 0 1,2,Zoltán Labai
d9698659,8/8/5R2/8/1N2k1B1/2K5/8/8 w - - 0 1,2,Авенир Григорьевич Шапошников
31996a1c,2R2bB1/7Q/N6p/1p5b/NP1Pp3/pp1k4/1B3P2/R3K3 w - - 0 1,2,Mario Guido García
a51c9b1b,8/3p4/3B4/2N5/N1bp4/4p3/1R6/2k1K2R w - - 0 1,2,Cyril Henry Stanley Kipping
001a2d4c,8/b1Q1n3/6p1/1p4pb/2ppP2p/4kP1N/R6N/2KR4 w - - 0 1,2,Andris Boitmanis
85699087,8/8/6K1/8/6k1/4Q1bN/8/8 w - - 0 1,2,Alain J. Godbout
9e1a359e,2B5/1R6/k7/8/K2R2q1/8/5B2/8 w - - 0 1,2,Николай С. Осипов
c0a6bb6f,K7/2R4b/4p3/3k4/Bb1B1Qnn/3p1p2/2r2N2/2r5 w - - 0 1,2,Леонид Антонович Исаев
67d471ca,2Q5/1R4n1/2p2r2/2N2pBp/1p6/rn3k2/6RK/5N2 w - - 0 1,2,Karol Mlynka
4817ce4d,3Q4/1R6/1B6/6np/2R3nk/5p1p/5P1p/7K w - - 0 1,2,Пётр Леонтьевич Макаренко
346d60fd,3b4/B2p1K2/QnBP4/p1n2p2/N2k1P2/3r4/1P1r1P1p/3RR1N1 w - - 0 1,2,Sven Tore Andersson
f0bc654c,8/8/1Q2pp2/3PPP1p/4B2k/6pP/8/1KB1n2R w - - 0 1,2,Валерий Алексеевич Сухнев
5c458180,8/4p3/3R4/7k/8/4N2N/8/2QK4 w - - 0 1,2,Константин Григорьевич Гаврилов
8c5a8c56,bK6/8/1Q1nn3/B3N2p/P7/rp1p3r/pkPp4/N2R2R1 w - - 0 1,2,Efrén Petite
93eb2720,7q/8/4Qpr1/2pN2r1/P1k1p1p1/P3Pb2/K3P2b/8 w - - 0 1,2,Comins Mansfield
8e833dc9,8/8/8/4R3/7k/4R3/8/7K w - - 0 1,2,Osmo Ilmari Kaila
977790e9,1b1R1BB1/r3p1QK/1p1n4/2kP1p2/p2R1P2/N4p2/1P3N2/1b2n3 w - - 0 1,2,R. Luke
d0fa5969,5Br1/5NqN/3nPPk1/1p3R2/5pP1/2QKpp2/8/1B6 w - - 0 1,2,Ľudovít Lačný
a5894be2,8/2p2K2/r1p1R3/2p3N1/R1PkP1N1/1P5Q/1Pq2P1p/1Br2nB1 w - - 0 1,2,Александр Леонович Ротинян
b2387914,1Q2b3/3pk1K1/4p3/4R3/8/8/8/8 w - - 0 1,2,Виктор Владимирович Кичигин
463fbb4d,2r1r3/N1b4B/4NQnp/1RPk4/R1n5/2P3p1/6P1/5bK1 w - - 0 1,2,Derk Hendrikus Brummelman
20d926f3,q1n2r2/p7/1p3n2/PQ2N1P1/r3k2N/p1P5/8/2B3K1 w - - 0 1,2,Nándor Firbás
6e2abcac,8/7K/R4p2/1p2k3/1P3R2/5B2/2p5/2B5 w - - 0 1,2,Marian Frąk
62257e70,5B2/p4B2/rn3P2/brN2K2/1n1kN3/7R/5P2/8 w - - 0 1,2,Gino Mentasti
99c5ff27,7Q/8/N1P5/3B4/8/8/rPK4p/k7 w - - 0 1,2,Philip Hamilton Williams
0d683129,4bbB1/3p1rPK/p2p3p/R1nkqN1R/2pNr3/2B3p1/6Q1/5n2 w - - 0 1,2,Alnod Ernest Studd
e707b4f3,2K3B1/P1P5/rkNQ4/pNR2p1b/P4qp1/BR1r4/8/8 w - - 0 1,2,Efrén Petite
68ae8edc,B6B/5p1Q/8/nK2Nq2/3k1P2/4NPn1/1P1Pr3/8 w - - 0 1,2,Владимир Акимович Брон
05087c0d,1R6/1N6/pNPP4/rkBr4/p1pn4/p3QB2/K3P3/8 w - - 0 1,2,Thiruvannam S. Krishnamurthy
6df6f7e6,1B6/4p3/4p3/3pp3/1Q1Nk3/8/4K3/8 w - - 0 1,2,A. Barrier
154d7f33,2Br2N1/8/pP1kpBp1/bP3prp/1PP1p1pK/4R1N1/8/8 w - - 0 1,2,Kari Valtonen
805601cf,8/2K5/8/2k3p1/R1Ppp3/5Nr1/n5b1/5R2 w - - 0 1,2,Attila Benedek
39bf804d,4n2Q/K1R3r1/1BNr1kPb/6pP/3p2B1/5N2/b4q2/3n1R2 w - - 0 1,2,William Alexander Beers
c7be292e,b1QbB3/rr1N1K2/k4p2/P2P1P2/1P6/2R5/8/8 w - - 0 1,2,Johan Axel Åkerblom
cf8c879a,1NK5/ppP5/bR6/r2k4/rP1N1P2/b1Q5/1p6/1B6 w - - 0 1,2,Ramón Folch Gil
b4cd675b,4b2K/6p1/3R1p1k/5Q2/8/8/8/8 w - - 0 1,2,К. К. Федосеев
83f4b217,bB1R2Q1/1kN1p2r/8/pPR1P3/K1N2n2/8/8/4b2r w - - 0 1,2,Виктор Иванович Вовнейко
de3c104e,1K3bB1/3b4/2pk4/1p2R1P1/3p1n2/6N1/1N5B/4Q3 w - - 0 1,2,Berthold Weißer
eab59d54,8/5p2/K1PN1p2/3k1N2/3P2B1/P5P1/2P5/8 w - - 0 1,2,Sámuel Gold
9dfc8ced,Q7/3NK3/2N5/3k4/8/3P4/8/1n6 w - - 0 1,2,Miklós S. Locker
d12fa9a2,1QB5/8/8/3N4/8/5k2/8/R3K2N w - - 0 1,2,Борис Дмитриевич Пустовой
6da98a3f,3b4/4p3/2Q5/NP6/k1p5/2Pp4/1Pb1n3/K7 w - - 0 1,2,Ilja Mikan
1b88c13c,8/6p1/3B4/1N3P2/n3k1B1/1P2N3/3K4/8 w - - 0 1,2,К. М. Григорьев
49de6497,7B/b7/3R2K1/Q2P4/3nkpN1/4n1p1/2P5/5R2 w - - 0 1,2,Herbert Siegfried Oskar Ahues
ff8a5d03,2B5/4p1r1/R5n1/3NkbPp/R4Np1/pp2P3/rqQK4/B7 w - - 0 1,2,Johan Hilding Laurentius Fröberg
7698c416,8/1r1N4/1pPBR1r1/1Qpk2b1/3Np3/2P4B/8/nK5b w - - 0 1,2,Janez Nastran
164deb85,1r1n1Bb1/1rPpNpn1/1p1k2qR/1K6/3N3b/3R2p1/8/4Q3 w - - 0 1,2,Sándor Hertmann
9397efd3,4k3/4p1b1/1N6/5R2/7B/8/5Q2/1K6 w - - 0 1,2,Геннадий Сергеевич Егоров
2122eb41,3q1n2/2B5/3N4/2p5/2K1Nk2/2Q2p1B/8/2b5 w - - 0 1,2,Христофор Саввич Анимица
48e1838e,8/1p2Q2b/4p3/p2pPp2/4k1NN/5R2/1K2nB1r/n6B w - - 0 1,2,Эдуард Яковлевич Лившиц
7b8b1fdd,8/2p1p3/PpPk1nR1/1Pn2p1p/1N1N1K2/B1QP3b/B1P1R3/8 w - - 0 1,2,Milan Bednár
ccaeeb6d,b2q1nQ1/1B5p/1p6/3pP3/1BpN2R1/3kP3/3p1RN1/1Kb5 w - - 0 1,2,Herbert Siegfried Oskar Ahues
5ed3ab96,7n/4p3/3kP3/1PR3N1/1brB2K1/2p2pN1/B2R1Q2/6q1 w - - 0 1,2,Renato Carlos
c7a570da,2Q3B1/2p2R2/3B4/8/4p3/P7/1k2K3/R3N3 w - - 0 1,2,
ef223c5e,8/3p4/7Q/6BN/6p1/7k/8/4b2K w - - 0 1,2,Jan Beszczyński
1c4841ac,8/4pB2/4n3/4Nk1b/6Nb/4Q1p1/6p1/6K1 w - - 0 1,2,Thomas Rayner Dawson
c4226402,6KQ/8/8/2N5/8/p1rR4/k1P5/B2R4 w - - 0 1,2,Николай Филиппович Власенко
b0b5f872,1nKbk2r/4Bp1p/p7/7Q/8/8/8/4R3 w - - 0 1,2,Александр Сергеевич Каковин
50294bc6,8/P3B1P1/2R1R1bQ/1p1k1p2/3n4/3n1N2/8/1K3B2 w - - 0 1,2,Ján Gašparovič
2452ac7f,k6K/3PPPP1/8/1Q5R/7b/6rb/5r2/8 w - - 0 1,2,Michael Lipton
cc922dfd,7q/Np1NpB2/1p2npP1/3k1np1/3p2p1/p2K2B1/P7/Q6R w - - 0 1,2,Matjaž Žigman
999396c0,2n1r3/1p5P/3pkPQK/1qP1N3/3R4/3pR3/8/8 w - - 0 1,2,Stephen Rothwell
76dd82ca,bbB5/p2Rppn1/R1nrkr2/8/2P1P3/7P/2N1QP2/B6K w - - 0 1,2,Arthur William Daniel
edbdb881,8/4B3/7b/p3q3/1RpN4/PNkn1Q2/3p4/1K1n4 w - - 0 1,2,Luis Cornelis Willemsens
b6d4a4ca,2b5/3p1K2/1p1p2NR/1p1kP3/4p3/1PRp1p1B/3N1B1b/2Q5 w - - 0 1,2,Miroslav Svítek
9baa922d,R3B3/2p4K/2n3N1/2k2N2/8/2nP4/3B4/RQ6 w - - 0 1,2,József Szöghy
25e23e79,8/PR6/5b2/p1rR3r/k7/3B4/K2B4/3N4 w - - 0 1,2,Gheorghe Goşman
4cbd8f7f,4K3/2pR4/2kN4/2p2Q2/8/8/8/8 w - - 0 1,2,Владимир Павлович Шумарин
6284b337,4N3/5K2/2N5/8/1P2k2P/1p2pp1B/8/5Q2 w - - 0 1,2,Stěpán Zimmermann
f6e6cc4f,5R2/B4BN1/r6q/4pN1P/4PkpP/2p3p1/6P1/1bK1Qn2 w - - 0 1,2,Талип Хасанович Амиров
1aba0639,b1R2K2/p3B1n1/6Qn/p1Pk4/2pNRb1r/1PP2N2/4p2q/1B1r4 w - - 0 1,2,Halvar Hermanson
d5296541,4K3/2B1p3/2Rb4/3k4/3N2P1/8/P3B3/Q7 w - - 0 1,2,Samuel M. Joseph
d3e787c4,Q7/2Pr1p2/8/pnB2RpK/2kN1R2/1nP5/1P2P1N1/1B1r2b1 w - - 0 1,2,Herbert Küchler
ea99f49d,5r2/1p4N1/1Q4KB/rn1Bkp2/3R4/pRb2p1n/3p4/2qb2N1 w - - 0 1,2,Сергей Николаевич Смотров
95592193,8/8/8/8/2p5/p1B5/k1K1PQ2/8 w - - 0 1,2,Robert A. Lincoln
a26b2700,8/8/8/p1N2p2/P1R2P1B/KP1pkP1p/1Rp1b2P/4Q1n1 w - - 0 1,2,Gyula R. Neukomm
d80f51c1,B2r1N2/4NpK1/R4Pp1/1Q1nk3/6R1/3pr3/2PB1P2/4q2b w - - 0 1,2,Wichard von Alvensleben
2f4ad161,4BR2/2N1k1r1/1R2N3/7r/7n/5n2/5Qb1/b2K4 w - - 0 1,2,Hans Henning
5eb34e4a,3K4/1Qp1B3/5n2/1P2pbb1/1NPk3N/2r2r2/2qP1P2/2RR1B2 w - - 0 1,2,Лев Ильич Лошинский
5429971e,2b5/1p1p2pB/1P1K2P1/p3Nkr1/R5pQ/4pP2/4P3/8 w - - 0 1,2,Frank Visbeen
7f56bff9,3RrB1b/4p3/KprnQ3/1PkN2N1/1p4R1/4p3/B7/6qb w - - 0 1,2,Charles Gold Watney
163380a6,8/8/8/bKP2R2/2B1k1P1/1N2P1R1/b4P2/8 w - - 0 1,2,Диян Костадинов
94229143,4R3/3b3B/6qB/3NpP2/4k1P1/p6r/K2RP1N1/n2Q2b1 w - - 0 1,2,Зоран С. Гавриловски
b48cc23d,8/3N3p/R1n3nR/2pkPP2/4p3/1bK5/4BP2/8 w - - 0 1,2,Herbert Siegfried Oskar Ahues
77c9d544,3n2n1/2K3Q1/p2Pk1P1/r1p1r1bp/4P3/3PNP2/4N3/8 w - - 0 1,2,John Michael Rice
00b93955,8/n7/1pPP3R/pNk2r2/3N4/2PP2pK/B5Q1/8 w - - 0 1,2,Julius Buchwald
813bfc54,8/8/8/6Q1/B2kb1N1/8/P7/4K3 w - - 0 1,2,Эдуард Николаевич Наговицын
2bc11829,8/8/2N5/1n6/k2qN1BQ/p2Pp3/P1b3n1/4B2K w - - 0 1,2,Giuseppe Liberali
0ce43523,6rB/bn3B2/3p4/1r3k2/3R4/1N2RP1N/4PKn1/8 w - - 0 1,2,C. P. Jarman
6a37efd5,8/1n6/1B3p2/2p2p2/B7/PPkPP3/2bN1N2/2K5 w - - 0 1,2,J. L. Rendall
6d0da468,1R6/k1pN4/8/K7/8/1P6/4R3/8 w - - 0 1,2,Schamil Ade Dasni
d5c62f1f,3Rb1B1/3ppn2/1B1p4/K2k4/2N1R1p1/6N1/P4Q2/8 w - - 0 1,2,Djalma Sgarbi d'Avila
75bdebb4,2R5/6B1/8/3N1n2/B1r2N2/2p1p3/pn1PQ2p/K1k4r w - - 0 1,2,Georg Thomas
d9fac505,8/6pK/8/q2r2kN/8/5P1R/Q2N2r1/1BBR4 w - - 0 1,2,Кирил Н. Стоянов
960ba3a3,8/Bp3p2/1R3P1p/N2P3P/2PkN3/8/R7/3K3Q w - - 0 1,2,Francisco Salazar López
4e922eaf,4r3/8/2r1P2Q/Rb1k1N2/1p6/3N1P2/qp6/3R1K2 w - - 0 1,2,P. A. Boorer
a61ad620,8/KNkp4/2p5/8/2Q5/8/4B3/8 w - - 0 1,2,Юлій Георгієвич Дорохов
f1268703,8/8/2pQ3r/4rpp1/2p2k2/R1N3N1/3P1P1n/K2B2Rn w - - 0 1,2,Peter Heyl
eccbd92f,r6k/P2Q2p1/3N1RP1/p7/Rb5p/1B6/2P5/1K6 w - - 0 1,2,József Kelemen
7fbae466,4q3/1NQ3Bp/p2p2rb/2nN3R/4k1P1/r3p1p1/4B1K1/8 w - - 0 1,2,José Antonio Coello Alonso
886c54d2,3rB3/R6b/2n1n2R/1Npk1r2/ppN1p1Q1/1P5p/4PP2/2K3b1 w - - 0 1,2,Juan Eduardo Loedel
a97ad50f,2N1b1B1/1n3p2/3Pkp2/1Q2p2R/1K6/8/8/8 w - - 0 1,2,Miloš Maryško
bdd1f37f,8/b1Qb4/8/6P1/N1NkPp2/5P1B/4K3/8 w - - 0 1,2,Konrad Kummer
3c0f3a2a,8/1Np5/3P1KB1/2B2R2/R1Nnk3/5b2/1pP5/1Q2n3 w - - 0 1,2,John Edward Driver
2d42699b,2R5/5nN1/3r3n/1p1p4/1P1k1P2/3P2P1/3K2p1/3bQ1br w - - 0 1,2,Giovanni Batista Valle
6c06e9bc,8/2p1P3/1prbRKN1/2pkPp2/2p1NQp1/2P5/2p3q1/5r1B w - - 0 1,2,Gábor Koder
3f660d74,1b4B1/1N2pr2/n3r1N1/1Ppk4/4q1R1/K1R1P3/1P5B/7Q w - - 0 1,2,Walter Edmond Caine
396979e3,2KRRbn1/2nPpqpP/2Q1pkrp/5prP/3P3B/1BN5/8/8 w - - 0 1,2,Schamil A. Tschobanjan
0042f861,2b4b/2p2Q2/2Bp2nK/B1N1k3/1pp4N/3pP1rp/3P1p1p/1R3R1n w - - 0 1,2,Aurelio Abela de la Torre
75dc2e52,n7/1Kp2b2/4B3/1pk4q/Ppp2QpP/3R2P1/8/1R4b1 w - - 0 1,2,Ю. Князев
e4c94ff9,2Q2n2/8/4nprb/2pP1k1P/K1N3rP/5P1B/7B/8 w - - 0 1,2,Knud A. K. Rasmussen
21f12f9b,1n1k4/8/2R5/3K4/8/4Q3/3R4/5B2 w - - 0 1,2,Сергей Григорьевич Подушкин
d46814c8,3rB3/4Q1p1/6b1/1r5p/1p1RN1k1/4B3/5PP1/1K2b3 w - - 0 1,2,Jan Andrzej Rusek
86a79d70,5B1Q/N1R5/2b4p/2rpb1pP/2pk1nRP/4nP2/1P2B3/N6K w - - 0 1,2,Achille Campo
ff1ec975,1Q6/2pr3q/2P2R2/r2Pk3/3RN1P1/1N6/7P/BB1K4 w - - 0 1,2,Juan Carlos Morra
a2afbe29,4K2k/4N1p1/4N2p/8/8/p7/b1Q5/8 w - - 0 1,2,Ernst Boström
08e97ff5,8/1b6/1r5p/3pRB1k/5P1p/4N2K/7R/b3B3 w - - 0 1,2,Erkki Paalanen
dfb5b4f8,8/5Kn1/3R1P2/3pP2r/1Ppk3p/6P1/1P1bBRp1/1Q4B1 w - - 0 1,2,Lars Aksglæde Larsen
fa5e67e2,2R1n3/3pK2p/b7/NBNk3r/1P1pp3/6Qp/2P3rB/n5b1 w - - 0 1,2,Alberto Armeni
420a1ded,2B5/7p/3R2br/1N1Pk1nq/4P1rp/7p/7N/K1B4Q w - - 0 1,2,Horacio Luis Musante
ef13d388,2R4K/P7/ppN2Q2/1kP5/1p1p4/n7/1N3b2/R7 w - - 0 1,2,Петро Андрійович Новіцький
b7d98b75,1B2K1B1/8/5N2/2P1Rp1r/2Nk1p2/Q7/3p1n1b/2r5 w - - 0 1,2,Cornelis Groeneveld
eb2ab723,6Q1/B5qr/1R5p/2R5/4Pp2/3BkN2/1p5P/1Kb1N3 w - - 0 1,2,György Bakcsi
aa80c895,7R/8/2K1k3/3N4/8/8/B1Q5/6b1 w - - 0 1,2,Василь Васильович Дячук
8ab0094c,5b2/5p2/pR1n4/Qb2k1P1/8/2PRN1P1/B2NK2n/B7 w - - 0 1,2,Allard Pieter Eerkes
10b04e1b,8/4kP1R/4P3/3KB3/3P4/8/8/8 w - - 0 1,2,Dezső Elekes
768d2f20,8/8/5p2/3pkP2/1Q3p1N/8/3PPP2/3K3b w - - 0 1,2,Friedrich Freiherr von Wardener
37dcfd13,8/8/k1K2pQ1/8/8/8/P7/8 w - - 0 1,2,Микола Григорович Лебідинець
cbed726a,n5r1/8/1p2RB1N/8/RK2Nk1n/P6p/3PPpp1/8 w - - 0 1,2,Arnoldo Ellerman
f605be84,6N1/3B1RP1/2Kp4/3P4/3pkP1p/1Pp2pr1/R4P1B/4N3 w - - 0 1,2,Miroslav Svítek
ea9e95aa,8/8/4K3/3Np3/3pk3/RR6/6P1/5r2 w - - 0 1,2,Dan-Constantin Gurgui
3b511a0d,3b4/6B1/b1p1Nn2/2Pk1p2/1Pp5/4R3/B1RN4/2n2K2 w - - 0 1,2,Abdelaziz Onkoud
18354966,4Kb2/7B/3p2N1/1p1R2p1/4kr2/4r3/Q6N/B7 w - - 0 1,2,Jouwert Hessels Turkstra
55bd6804,8/8/1PBBkp1K/2p5/4p3/8/8/5Q2 w - - 0 1,2,Albert Abramowitsch Grigorjan
8fad4e3e,5b2/2p5/p2PP1B1/K1pP3R/1Pkp4/2P2p2/P3b1p1/B5Q1 w - - 0 1,2,Олександр Вікторович Мочалкін
24e48429,8/1p6/1Q2PR1N/6Rp/K3k3/n7/4P3/8 w - - 0 1,2,Gerhard Maleika
0996f0f4,2q1n1B1/3P4/p2p2QK/n2Nr2p/1PPkNP2/2R5/2PPR1b1/8 w - - 0 1,2,Ferenc Fleck
31d8fd74,B2B3n/3pp1K1/Q2NN2R/2p1kP2/2pr1pP1/2n2P2/8/3R4 w - - 0 1,2,S. Wright Wood
1e8d3f57,6r1/3B4/1pN5/3k1P2/1B2b3/1K1N2qp/5RQ1/3R2b1 w - - 0 1,2,Francis Vaux Wilson
ddbdf93f,5R2/8/b7/r2Ppp2/Np2k3/1Q6/2KPN1P1/B3Rq2 w - - 0 1,2,Gerhard Maleika
96d75d8e,6K1/1p3Pp1/PR1RbpB1/p1B1pr2/N1k3N1/8/P2n4/3n3Q w - - 0 1,2,Philip Hamilton Williams
8881d62e,2B5/6b1/1K1p2r1/R1nk2p1/4r1P1/3P1N2/2N1P2Q/8 w - - 0 1,2,Charles W. Phillips
83f19971,3n3r/B3N1p1/r2PNPp1/P2Pk3/5RPP/Q6P/K7/b5n1 w - - 0 1,2,Валерий Юрьевич Шаньшин
a0f0e58a,3K1N1q/2p2R1P/N1kP4/1pB2p2/b3R3/1P6/8/2Q5 w - - 0 1,2,R. C. Mankowski
16a82abd,5Q1b/7K/4P2n/1RPp2N1/2Pk2r1/p5p1/q1pBPR2/5r2 w - - 0 1,2,Alexander Pituk
04233098,4N1n1/5B2/8/3Nbk2/3ppPp1/8/2p5/2K2Q2 w - - 0 1,2,F. W. Walton
5539c1f2,6QB/6P1/5k1K/1N6/4P3/8/8/8 w - - 0 1,2,Вадим Аркадьевич Пануев
2397315d,2k5/2Bp4/1P1p4/3B1N2/7b/qN1p4/3P2K1/8 w - - 0 1,2,George Howard Thornton
50b7f187,8/8/2K5/5p2/2k2P2/4Q3/8/8 w - - 0 1,2,Roald Bukne
76f0ced4,8/3nn3/1R2Q3/4bR2/2Nk4/8/3BK3/8 w - - 0 1,2,Gerhard Wolfgang Jensch
d347bd61,2Q2b2/8/K1p4q/2Pk1P2/1R2N3/4nB2/2P5/B7 w - - 0 1,2,Stefan Felber
24112adf,1Q6/4p3/3RP3/2kn4/3R1P2/8/2P2K2/8 w - - 0 1,2,Леонид Константинович Истомин
2ee05ce0,8/8/2p5/2Bk3p/K6N/4Q3/8/8 w - - 0 1,2,Benjamin S. Wash
b0c78c04,4Q3/K1pNp3/p3P2r/r1Pk1b2/P5n1/2B5/3N4/3RR2q w - - 0 1,2,Валерий Юрьевич Шаньшин
43f761b2,8/q1p1b3/PPpPP3/p1k1N3/P1B1PQ2/3R4/KR6/5n1n w - - 0 1,2,Євгеній Михайлович Богданов
37cf4095,1Nb2b2/1r2p1p1/5R1Q/1P2kn1R/8/B1P3P1/3P1N2/K7 w - - 0 1,2,Edith Elina Helen Baird
817544f6,4B3/2N5/1n6/5K2/1P1kpp1R/2nPpPb1/3R4/5NQ1 w - - 0 1,2,Миодраг Младеновић
990c9c20,6B1/8/4p3/QP5P/3pk3/6B1/5K2/N7 w - - 0 1,2,Thomas Rayner Dawson
a4f7b4f8,1Nbbr3/p1P1p3/r5BB/p1R5/n2k2NR/QP2pP1K/2P1P3/q4n2 w - - 0 1,2,Pieter ten Cate
173e6bc8,1BK2n2/5p2/B1P1kP2/5Rbn/N1r1p1Q1/r3qN2/3P4/2R2b2 w - - 0 1,2,Carl Schulz
63a2ba8f,5K1k/3Q4/8/7N/8/8/6p1/b7 w - - 0 1,2,János Buglos
44ec9fe7,6N1/6p1/4p1P1/4P1k1/6B1/2pQ1RR1/2Pp2P1/3K4 w - - 0 1,2,György Schiffert
022aa3ae,Q7/8/n3p1N1/7K/1p2Pp1P/R1b2pk1/b2P1RP1/6B1 w - - 0 1,2,Валерий Юрьевич Попов
c85d6157,2br1b2/3p1B2/4N3/1p4p1/n1k5/1N4Q1/1n1B3K/8 w - - 0 1,2,Johannes Kohtz
d7495a3a,KB6/1N2N2b/B1R1PPQ1/4P3/1P1kq1r1/8/3P4/4R1b1 w - - 0 1,2,Arnoldo Ellerman
aaaa9b55,2B2R2/8/3Pnnr1/RN3P1N/2PpkP2/4p1p1/2P3P1/K3Q3 w - - 0 1,2,Edward Stevenson
a04d318e,2bKn2n/2p2RBq/2Bk4/6NR/2Q2p2/2prN3/5rp1/8 w - - 0 1,2,Драган Стојнић
bcd93eb0,2KB4/p7/prP5/kb3Rp1/prBP2N1/R2P4/PPP1N3/4Q3 w - - 0 1,2,Ladislav Salai
23944a2b,8/K1p2P2/p7/QbR5/1r1r3k/2R4P/1B4P1/7N w - - 0 1,2,Lajos Merényi
ffbeeec6,rr6/kpQ5/1pP5/bpP5/1N6/Pp2p3/1P6/R3K3 w - - 0 1,2,Братољуб Грубер
b7515a52,4Q2n/8/rRNbnkBP/6pP/p1K1Prp1/3p1q2/5N1B/5R2 w - - 0 1,2,Matthias Schneider
58437ac8,4b1R1/3NkN2/8/4K3/8/8/4Q3/8 w - - 0 1,2,Лев Д. Паршин
a02b7ead,2n4N/5P2/8/8/7N/2brrb2/2R5/1K1QQkB1 w - - 0 1,2,René Jean Millour
85c29737,3KN1n1/5Q2/1P3P2/RP3k2/3pb2R/3b1p2/2B5/8 w - - 0 1,2,Luigi Ceriani
cb9a6ad1,5B2/4Rrp1/P1k1Pprb/KpPN1Np1/1P1R2P1/3P4/8/8 w - - 0 1,2,Donald H. Hersom
608964f9,8/7P/8/7B/5K1k/5PR1/8/8 w - - 0 1,2,Ernő Szentgyörgyi
161f7e4a,3bkr2/1p1pBN2/5K2/8/1QB5/8/8/8 w - - 0 1,2,Rud Prytz
5f261233,3Bn2K/5P2/1Np1R3/p1k4b/Pp1p2p1/1nqQ4/B1N2r2/2R5 w - - 0 1,2,Павел Александрович Мурашёв
5a807409,8/2p2n2/p1B5/B3p3/R3p1N1/p2kp1n1/P1R5/1K6 w - - 0 1,2,Sándor Hertmann
f6629f3f,5n2/1Bp3N1/2K2p2/PpRPB3/r2bk3/2Q1P2P/2P1p3/3N4 w - - 0 1,2,Theodore Hermann Keidanski
95eca54b,7b/4p3/2P3Q1/N3k3/rpp5/R1r1B2K/p1R1N2n/q1n4B w - - 0 1,2,Миодраг Младеновић
27eb02df,8/p3R3/R2n1p2/1nNkbp1Q/B2P4/1P6/4N1K1/8 w - - 0 1,2,Juan García Llamas
b570a928,3r2b1/6R1/1N1pk1B1/3N2b1/Qp3BPp/1P4nP/K7/8 w - - 0 1,2,William L. Barclay
65be9bbc,3r4/2r5/1p1p2R1/p1kpN3/Q3p3/6p1/1p1RPnp1/nK4B1 w - - 0 1,2,Walter Pulitzer
a3920786,5nB1/1K2p3/3Rq1p1/1pp4p/1rkP3Q/P7/n1P5/3N4 w - - 0 1,2,Павел Александрович Мурашёв
614f9600,K2Q4/8/5p2/P2p1p1N/3k4/1P1NpPB1/1Pn1p3/1Brqb2r w - - 0 1,2,Федір Михайлович Капустін
c45b9411,8/2N3Br/4b3/QPP2q1R/N1k5/4P3/1nB1P3/KR1nr3 w - - 0 1,2,Михаило Стојнић
0f46d5e4,8/8/8/8/5R2/4Q3/4K1pp/6Bk w - - 0 1,2,Володимир Иосифович Пипа
0dc9b012,8/5p1n/3Q4/5K1k/7p/8/8/6R1 w - - 0 1,2,Виталий Семёнович Коваленко
a8f7d19b,brrb4/5p2/5p2/5Q2/Bpk1p3/1N2P1p1/1B4K1/1n2N3 w - - 0 1,2,Vratislav Miltner
cdce59de,8/B4Bb1/8/2rP1Q1K/1n1k1P2/N1n5/3P1N2/8 w - - 0 1,2,Iuri Akobia
b7552ee0,2N2k1K/qR6/3N1P2/8/8/8/8/8 w - - 0 1,2,Василь Юрійович Марковцій
527551d5,1q2N2b/3P4/Q1n1R3/3pP3/N3k1BR/rn1p1pPK/1B1p1P1p/7r w - - 0 1,2,Stanislav Vokál
70c6868c,8/1K1N4/5p1R/1p1kB3/1bR5/8/2B1P3/8 w - - 0 1,2,Zsigmond Gold
73dd0f57,3RbB2/Nr4b1/Bp1pP3/r1nn1p2/p2k4/1p5q/1PP2P1Q/K3R1N1 w - - 0 1,2,Lars Aksglæde Larsen
556e305c,7R/8/8/8/3p4/8/r7/k1K4Q w - - 0 1,2,Михайло Назарович Марандюк
ded78ebc,2qn4/2pb3Q/3r2PN/3NB3/R1B1kP1R/1n2p3/4P3/3K4 w - - 0 1,2,Александр Павлович Гуляев
9e4505a7,3N4/2K5/5k1P/7Q/8/8/8/8 w - - 0 1,2,Ernő Szentgyörgyi
0ba6a02d,KN2B3/Rn1r4/8/1kPQ4/Nn6/3p3b/pbpB4/qR6 w - - 0 1,2,Tapani Tikkanen
131f645a,3N2b1/2K1pp1n/1R6/p3Pk2/p3n3/7N/8/BB4R1 w - - 0 1,2,Eugeniusz Iwanow
da29d37c,8/3pQ3/2p2n2/2rkp3/2b2b2/2B2p2/1N1NB3/K7 w - - 0 1,2,Григорий Александрович Промышлянский
41bf41fe,1KN1R3/8/1N1n1r1B/1B2pb1R/3pk3/p2rn3/qp4P1/7Q w - - 0 1,2,Фридрих Рудольфович Дюммель
84f3e688,1B5R/Kpr4p/pNk5/1b2p1Rr/2p3p1/Q7/7b/3B4 w - - 0 1,2,Peter Gvozdják
932701e4,8/qp2B3/6bb/R7/p1k1pnp1/K1N3r1/3Q3p/1NR3nr w - - 0 1,2,Percy Francis Blake
2bbd7431,1KNkB3/Pp2pP2/2p1p1r1/rqp1P1b1/2PB1pn1/1p1N4/6Pp/3R4 w - - 0 1,2,Bastiaan Evert de Haas
bfd6606e,B3Q1KB/3ppP2/N1RPk3/qR2P3/2p3Pb/n2P4/b1r2r2/8 w - - 0 1,2,Erkki Aukusti Wirtanen
9a02fd43,8/4K3/1N6/4p1p1/QP1kP3/1p1q1RB1/3b4/1B1R1b2 w - - 0 1,2,Олександр Іванович Заїжджай
6825314e,2N3K1/p7/1bpB4/2nk1P2/qQn3R1/3p3N/4P1r1/5b1B w - - 0 1,2,Василь Васильович Дячук
47179133,8/4N2p/3p3K/r1n5/4Nkpp/1pQ5/q1b2PP1/3r4 w - - 0 1,2,Cyril Opalek
9a6d5085,8/4p2K/4N3/2np2BQ/B1PPk1N1/5Rbp/2R5/3q1nr1 w - - 0 1,2,Barry Peter Barnes
e5b37178,8/4p3/1p2Q3/1p2P3/1B2PP2/3PkP1p/4Np1P/5B1K w - - 0 1,2,József Szöghy
28310662,3K4/2p5/6P1/p2Q4/3RpN1k/r3B2P/2q3pR/3b1Nn1 w - - 0 1,2,Владимир Алексеевич Ерохин
d51c3e8a,8/n7/K2p4/7Q/BpkB1R2/8/3b4/8 w - - 0 1,2,Josef Pospíšil
b665177d,3KR2n/5p2/2N2p2/4PkBB/2PQ3P/2rq4/2b3p1/4Rn1N w - - 0 1,2,Julio Peris Pardo
4ceaa205,7n/2pQ1N1K/3p4/2B1pRpB/1N2k1rp/2Rq2p1/2p1r1pn/5b2 w - - 0 1,2,Géza Dulcsán
587eb843,1rBK1N2/3P1p2/n2k3N/1Pp2Rpq/1pPB2Qp/6n1/1b6/5r1b w - - 0 1,2,David P. Lynn
2831a300,2R2n1B/rp2r3/7n/b1Npp1p1/Rp1k1P2/1B1N1Pp1/1P3P2/4KQ2 w - - 0 1,2,Udo Degener
0746f399,4r3/1prp4/3Q4/1K2P3/3PN1N1/3k1Pp1/1B6/3Bb3 w - - 0 1,2,Meindert Niemeijer
8a4547bd,3B2K1/5p1p/6p1/6rk/6Nq/4Q3/8/3B4 w - - 0 1,2,Walter Langweil
5fa92581,8/4Q3/7B/6N1/2pn1q2/8/K2kp3/R3N3 w - - 0 1,2,Ferdinand Friedrich Möller
90af2a46,5R1r/2K2N2/4pp2/4pQ1p/p3Pb2/1R2Bkp1/5N2/5B2 w - - 0 1,2,Damien Grossi
a6d8ebe9,Q4n2/2P5/2R1N1p1/3k4/r2b4/1P1np1N1/6R1/1b3K1B w - - 0 1,2,Edmund Jan Pniak
df5dd554,q1nB3K/2N5/7R/p1kP2p1/P3RN2/4P1Q1/8/2n5 w - - 0 1,2,Heinrich Freistedt
995e32a0,Q7/1p3p2/8/3ppP2/4k3/1p4K1/1N1P1R2/n1R5 w - - 0 1,2,Kazimierz Strzała
a88b3748,q2nQ3/2P2p1K/p2P4/3kN3/RB2R3/4rp2/NnBrb3/b7 w - - 0 1,2,Henry Fitzgerald William Lane
193a6d63,Q7/1R6/8/4kB2/8/4N3/3K4/8 w - - 0 1,2,Владимир Афанасьевич Шматов
baa43713,8/1R6/3k3p/rp1p1P1p/1P1NBK2/r5B1/2p5/2RQ4 w - - 0 1,2,Giwi Mosiaschwili
f9679966,7K/PN2P3/1QppP1R1/3k2p1/3B1PBb/1P3P2/1pPnP3/1q1r1b1n w - - 0 1,2,Lennart Larsson
dcc3df3f,8/Q6K/3nB3/3Pk2N/8/1n1P2r1/3N4/8 w - - 0 1,2,Александр Васильевич Галицкий
232c4bca,1B4K1/4pP2/5bQ1/2n1N2p/3N1k2/q2Rr3/2n2p2/4RB2 w - - 0 1,2,Daniel Wirajaya
c7e2055b,8/1p3p2/1P4p1/Q1B1k1N1/2P4P/3PN3/8/K7 w - - 0 1,2,Василий Николаевич Фёдоров
4730b948,5n1K/P1Q3Bp/1Np3p1/Rpk2p2/rn5R/P3pN2/8/b2b1q2 w - - 0 1,2,Alois Johandl
bf82f1d9,8/3K4/8/2pk4/N2bp3/8/PB2Q3/8 w - - 0 1,2,Carl Schlechter
9707c035,4B2b/4N1np/4k1bR/5p1p/2N4B/6PQ/1p5P/1K6 w - - 0 1,2,József Bajtay
9341d36d,1B1r4/b3p1Nb/8/8/1Pnk4/1PN2RpK/r3qPP1/1Q6 w - - 0 1,2,Péter Takács
b82960b9,6Kb/3pN3/6R1/1N6/3PkP2/4pR2/2P1P3/2Br1n2 w - - 0 1,2,Abdelaziz Onkoud
b6e5757d,1nQ5/8/1p1R1N2/2PKp2r/4Rp2/3k1p1b/1ppP1P2/2b3n1 w - - 0 1,2,Jacobus Haring
4194d1be,7Q/1n3pK1/8/8/2p5/7p/7R/3k4 w - - 0 1,2,Ivo Lebloch
390276fe,3Nn3/b2p1Pr1/2Np4/RPpk1BpQ/4p3/1PPp4/1n3P2/6K1 w - - 0 1,2,Zdeněk Mašek
724bf7f2,k7/1q6/8/2R5/5R2/5Q2/8/K7 w - - 0 1,2,Андрей Владимирович Селиванов
609f74f1,5B2/8/1p3NKp/qp2pQn1/2k4r/1p1R2b1/2bn4/1NR5 w - - 0 1,2,Esteban Puig y Puig
821693bd,2K1N1R1/4Q3/1bNp1p1B/5k2/2np2pn/1B4q1/b7/2r5 w - - 0 1,2,José Luís Monteiro da Silveira
743c2104,8/8/8/5Q2/2br2n1/2Pp1pr1/1K2PRN1/2NkB1R1 w - - 0 1,2,Reto List
74575f9f,4n3/1p1QBp2/bK5n/4k3/3Nrp2/2PpbP2/1N1P4/4R3 w - - 0 1,2,Miroslav Henrych
aaaf4a5c,2BR2b1/2p5/3n4/2Q1Bp2/3Nk1n1/1P3p2/5P2/4K3 w - - 0 1,2,Николай Дмитриевич Аргунов
f1cf3c8a,1b2Brb1/3N4/6R1/5kP1/2r5/2P1Q2P/qnPKNPP1/8 w - - 0 1,2,Antonio Piatesi
e13ca4da,r6r/3R2p1/2p1Q1pk/1PK2pp1/6P1/8/8/8 w - - 0 1,2,Eugène Ferber
7b13dc56,b7/2p2pN1/5nrB/K1Q1R1r1/2p2k2/2p1n1R1/7P/2b5 w - - 0 1,2,Max Benninger
f88d8178,2K1RB2/5R1b/8/3P3n/2Pk3N/7r/1P1P4/N3bB2 w - - 0 1,2,Роман Федорович Залокоцький
68ffcc38,2B1R3/2nN4/p2p4/3k1NQn/R1b5/1r4P1/4p2K/b7 w - - 0 1,2,Ростислав Николаевич Александров
09b9e36b,4n2b/3R4/1pk1Pn2/1N2RP2/r1PP3K/5Np1/8/5BBQ w - - 0 1,2,Hendrik Prins
b2018d04,8/2NpQ3/r1bp2K1/p3pPP1/R1Bk1q1R/BPb3n1/2P2P2/2N5 w - - 0 1,2,Johannes van Dijk
93df00fa,K1k1N3/4pr2/1P1p2r1/p1N2qB1/3Q4/3R3B/8/2R5 w - - 0 1,2,Ödön Nagy
ea5ed1e8,4K3/5N2/4k3/3p4/3n4/8/8/5Q2 w - - 0 1,2,Mário filho Novis
b958bf80,K7/NN5R/kr6/7R/r7/p7/P7/8 w - - 0 1,2,
79961700,5q2/4Pr2/3N3p/1p1R2pP/1K3knB/3R1Bp1/2pp4/3bb1Nr w - - 0 1,2,Johannes van Dijk
cb36bad7,8/2p3p1/2N3p1/2P3b1/2KNknB1/6Q1/6p1/6n1 w - - 0 1,2,Владимир Петрович Сычов
0e90c3a2,b2Q4/1B1p1K2/8/4bkp1/3r4/6BR/2p1nNn1/5N2 w - - 0 1,2,Владимир Александрович Александров
42481068,b4QRB/4pK1p/4p2p/p3rk2/qb2rN1P/3Pn3/5R2/3n3B w - - 0 1,2,Hans Michael Erdenbrecher
47084427,1K3N2/6R1/3p1k1P/N2p4/nQ3pP1/5B2/1r5r/B4R2 w - - 0 1,2,Ladislav Packa
69ef1a28,5N2/rr1R4/p3N2k/1n6/8/2n5/7K/3R4 w - - 0 1,2,Josef Kling
d024b01d,1Q5B/q7/2pnrnBp/4k3/1p6/4N1R1/6N1/3R2K1 w - - 0 1,2,Lars Holger Persson
af94cf89,b1N3r1/5q1p/N1R1P3/1p1k4/3p1PP1/5K1Q/n6p/7n w - - 0 1,2,B. J. M. Markx
d36dc9e5,3N4/2r2NBr/p4P1p/Q1p2k1P/2R5/4p3/6P1/K2b4 w - - 0 1,2,Antal Ludányi
09ca30f4,2b5/2pn4/1b2p2B/pQ5R/p2k2p1/r2NR1K1/3P4/4nB2 w - - 0 1,2,Jean-Yves Spiess
fdb01d9c,8/6K1/p5RN/3b4/r4k1p/p1Q5/1p2P2n/4N3 w - - 0 1,2,Пётр Степанович Печёнкин
01e7ea82,b3N3/3rP3/B1k5/R1P2N2/2PR4/4K3/8/8 w - - 0 1,2,Nikos Pergialis
8564ef4d,8/8/6Q1/8/6K1/6N1/6k1/8 w - - 0 1,2,Klaus-Peter Zuncke
9d1e1b3d,2n1rr2/2N1b1B1/K3QqB1/PpP4p/b1Pk4/R1RNpp2/8/8 w - - 0 1,2,György Bakcsi
b6cb1f0b,8/8/3P4/3Q4/pkB5/8/3K4/8 w - - 0 1,2,Петко Андонов Петков
c7f9f80d,3b4/7K/4N3/7k/6p1/8/5Q2/8 w - - 0 1,2,Robert A. Lincoln
dd19ea5a,6n1/1pKB2Qb/1Rpp2Nr/p1kPp3/5N1p/bPP5/8/R7 w - - 0 1,2,Николай Николаевич Попков
6545f704,1B6/3N4/8/3k4/K2p4/3p1R2/3P4/3B4 w - - 0 1,2,Antonio Fantacci
0cca3ad1,8/p1K5/P7/k1N1n2p/Pp1p1Q1r/P4p1r/1N2P3/5B1b w - - 0 1,2,Albert Hegermann
22135fe6,4K3/4N2p/7p/5Q1p/7k/6b1/5RR1/7n w - - 0 1,2,Ramaswamy Ganapathi
d178cecb,7B/1r4q1/2pNP1Q1/1r1P3R/N1pk2K1/8/6B1/4R3 w - - 0 1,2,David J. Shire
ec4ef8de,6QK/3bp3/2P1NB2/rRp2k2/1R2NPrp/4p1bB/4P2n/7q w - - 0 1,2,Juri Jakowlewitsch Marker
8128d396,8/6N1/8/3Q4/6k1/8/8/6K1 w - - 0 1,2,Elmar Abdullayev
a7afbb0c,8/1p1B1pKp/2p2Rp1/1pPk3r/1P1bbrN1/3RQ3/3Nn2B/q7 w - - 0 1,2,József Pásztor
d72f1e04,5KB1/2Q5/n2RbR2/8/N2nk3/4Pp2/2PP1p1B/b4q1N w - - 0 1,2,Михаил Николаевич Храмцевич
b3505128,7K/p1R1p2p/8/qp3bPQ/r2kBBp1/2bN2N1/nPP1r3/5n2 w - - 0 1,2,Maxwell Bukofzer
884c216a,4R3/1K3P2/2P5/2pkN1N1/5R2/8/b6Q/6b1 w - - 0 1,2,Toma Garai
9663132d,1R6/p2N4/k2P4/P1p5/Q1Pnr3/1P1nP3/7p/1K5B w - - 0 1,2,Joseph John Warton
047b4b9e,8/8/8/5R2/8/3ppp2/2Q1b2P/3qrkNK w - - 0 1,2,Florea Vecu
3dbef699,8/3B1bB1/5Pp1/2K1krRP/4pb2/4R3/5p1Q/8 w - - 0 1,2,István Papp
ba619bd8,nb1N1R2/r2nk1P1/1BP1N3/2r1PPqb/B5p1/8/4P1K1/3Q4 w - - 0 1,2,Cyril P. Swindley
f02ab7fb,8/5p2/2R5/4kn1Q/3p3R/K4p1r/B1bN2n1/8 w - - 0 1,2,Josef Mettler
2d089c44,3rr2n/5RQP/8/qN5K/2B1kP1b/1n2Np2/2P2P2/4R3 w - - 0 1,2,Herbert Angeli
a0f78f4b,8/8/2p1q3/K1Bbrpp1/5k1N/2R3nr/4PN2/Q7 w - - 0 1,2,Lars Aksglæde Larsen
ca04faad,2K5/2p1N1p1/R4p2/2rpkpq1/4p3/2P1r1P1/bQ2R2B/2b1N3 w - - 0 1,2,Никтополион Павлович Кащеев
3ab87bb4,4R2N/3p2RB/3P4/3N1K1P/7p/3p1k1p/3p1p1P/3n1b2 w - - 0 1,2,Milan Nemček
d8576b5c,8/8/8/4pKp1/4p1p1/4BnQ1/8/7k w - - 0 1,2,Петар Иванић
a51770fd,1qrnbB2/3P1k1N/2r2bRp/2p1P2K/B1N1P3/1R6/Q7/8 w - - 0 1,2,Валерий Иванович Резинкин
90149808,4R2n/5p2/r3b2K/1PNkB1pR/1PN3rP/1B6/5QP1/2b1q3 w - - 0 1,2,Comins Mansfield
97a0b046,2Q5/B2B4/r2N1RK1/p1P2p2/RnPk1Pp1/1p2p1N1/2bPPP2/6q1 w - - 0 1,2,Joselito Marcos
40c084c0,2K4B/8/8/2kp4/B7/8/8/Q7 w - - 0 1,2,Friedrich Martin Palitzsch
67dcbac1,8/8/4B3/8/p2Nkp2/Q3bN2/pnP4P/B4K2 w - - 0 1,2,Émile Léonard Pradignat
3149ab72,8/1p2R3/bP1k1P2/1Qn5/1n6/BpNB4/pP2K3/R7 w - - 0 1,2,Marian Wróbel
29af25b4,4rQ2/qNpb1pBp/7p/2p1p3/2p1k1P1/2P2R1N/r5P1/2bR1K2 w - - 0 1,2,Gyula Németh
11ba0018,8/1Q6/2B5/2b5/8/1N1k4/1P6/3K4 w - - 0 1,2,Carlos Alberto Grassano
0ef21b5d,rk5r/b2PNp1p/PqPKNpp1/2p5/8/6R1/1Q5B/8 w - - 0 1,2,Geoffrey K. Hicks
b8e57dbc,8/R1pNp3/1P1P1P2/3k3P/B2P2KP/3R2BQ/3N3P/8 w - - 0 1,2,Joseph Jean Louis Marie Opdenoordt
c0331ea2,2R5/B7/8/3k1K2/B7/8/8/8 w - - 0 1,2,Александр Михайлович Титаренко
430c6a5b,2K1N2B/1p1R1R2/4p3/Q3N3/2p1k1P1/1p2p3/4n3/2r1n3 w - - 0 1,2,Александр Александрович Ажусин
e445ecd0,3K4/4R3/4pP1N/3NP1bQ/4k3/1p2P3/1B5n/3R4 w - - 0 1,2,Василь Васильович Дячук
99c010c6,2R5/P5P1/p2pp3/p1bk1pQ1/K2p4/5P2/2P5/B1R4B w - - 0 1,2,Ljubomir Branković
51634a51,1BR5/8/2N3nr/5pQ1/1P5r/KPk4q/3N3b/1B5b w - - 0 1,2,Wolfgang Gäb
69a417d8,6b1/4Qp2/2K3pb/7r/1pkP3p/1N5r/2P1N3/8 w - - 0 1,2,Hans Georg Matthäus
8f4d7763,8/8/4p3/5p2/1K1kBQ2/8/5P2/8 w - - 0 1,2,Виктор Сергеевич Колпаков
e18b7463,qbb5/7r/6Q1/1BP5/1N2p2r/1PP1k1B1/1PK1PN2/3R4 w - - 0 1,2,Oskar Wielgos
4e3d1ab7,2b5/1p6/3B1N2/3rN1K1/1P1k2PP/1P2R2Q/5P2/1nq5 w - - 0 1,2,Antonio Piatesi
d8a8af32,8/1Qp2K2/8/4k3/6P1/1N6/6N1/8 w - - 0 1,2,Wladimir Wiktorowitsch Sokolow
ddc2881e,7b/4p3/4R3/1N1kP2Q/4RK2/8/8/8 w - - 0 1,2,Zvonimir Hernitz
115b90f3,1r2R3/q6p/1B2N3/b1P5/b1B5/4k2K/4N1P1/1r2Q3 w - - 0 1,2,Friedrich Chlubna
c0de7d9c,4nr1b/2pN4/B3Q3/3p2N1/3k1p1K/2pp1Rpp/3r3n/5b2 w - - 0 1,2,Zygmunt Marjenstrass
8c483ba2,5B2/r1PRpBKp/3N4/rp1nk2p/1p1p1NP1/3Pp1P1/5R2/2Q5 w - - 0 1,2,René Van Dooren
9349a0a9,1n3R1b/qp2Pp2/2bK1pN1/R1pp1kPP/7p/4BPp1/2N1Q3/2n4r w - - 0 1,2,Анатолий Савельевич Красный
446bc8c0,8/1rN5/2p3p1/2p5/1pkN4/1bqR4/r1n3QK/2R2B2 w - - 0 1,2,William Robert Inge Dalton
778bb140,1b5B/3p2q1/1n4p1/KR5r/6R1/NpkN2r1/pp3p2/3Q4 w - - 0 1,2,Imants Ķīsis
f3ca1a13,7B/2K5/1P1N2Rp/R1bk4/3pr3/1r6/N1P1qp2/1bQ4B w - - 0 1,2,Nicholas Gabor
deddb747,NR6/br1B4/p1pnr3/PkBn4/1P3Q2/Kp6/1P6/2R4q w - - 0 1,2,José Jesus Cornejo
09d7be6f,4R3/5pb1/4Ppr1/3N1k1n/1Q2b1nP/3pBNrP/3K2p1/4R3 w - - 0 1,2,Евгений Васильевич Фомичёв
e5fd2eb4,4R3/1nK5/2N2p2/3k1P2/1Pp3B1/2r5/1q1bP1N1/4r1B1 w - - 0 1,2,Венелин Алайков
7877c1eb,3r4/p3r3/1nR5/2N3b1/1Ppk2qR/5QB1/KP4n1/7b w - - 0 1,2,Frank Wilson Wynne
a7cad92b,8/q2p1n2/1b1p1QR1/p2kN3/1PR4r/p3P2b/K3BNPB/4n3 w - - 0 1,2,Touw Hian Bwee
20c32ede,2R4q/2r2Nb1/7r/Q1p5/n1kpB1NR/K7/8/1b6 w - - 0 1,2,Sámuel Gold
65a9ae54,B7/2Q5/3p4/2pP4/1PNrR1p1/2Pk2P1/K6R/3N4 w - - 0 1,2,John Gilbert Nix
4f2f3bda,2NBr3/p3p3/6RQ/2nk4/3P2p1/1P2KnP1/8/3B4 w - - 0 1,2,Václav Kotěšovec
f3a003bf,2Nr1B2/1Q1P1pP1/p1P1kp2/8/1n2B1Nb/8/4R3/3K4 w - - 0 1,2,Gunnar Andersson
56c416d2,2B5/5q2/R2P4/1k1r1NRp/3BQ2K/1P1n4/8/3N1b2 w - - 0 1,2,
a47d1101,6B1/4R2p/6pP/1p6/b4p2/1p1kNPp1/1B4P1/3K4 w - - 0 1,2,Милан Велимировић
c1582ae7,N1Q5/B7/3PP3/1PpkP3/3P4/5K2/2P5/8 w - - 0 1,2,Alexander Hildebrand
2df9f5ec,n7/8/3NN1n1/1KPkr3/4p1Q1/1p6/1B6/8 w - - 0 1,2,Pascal di Scala
586c1c75,3B4/1n1K3B/1N6/2bQp1p1/1Rq2kN1/R6P/2rrP1p1/4n3 w - - 0 1,2,Arnoldo Ellerman
42b36158,8/2K5/2Q5/k1p5/2r5/P7/1P6/8 w - - 0 1,2,Пётр Шалимов
e3ac0191,8/6p1/2Rp4/1p1k1PK1/1pR1N3/3N4/2n1P3/8 w - - 0 1,2,John Frederick Keeble
eb0d2f6e,8/5QK1/8/8/R2rk3/3n1n1N/2P5/BB3N2 w - - 0 1,2,Antonio Garofalo
a4e20dd6,6N1/3ppnK1/N2k1Pb1/1P2nRP1/3b1rr1/1B2Q3/2p4B/3R4 w - - 0 1,2,Sándor Boros
0d5bfbbd,4n2B/5p2/1KR2r2/4k3/1R3NP1/pN2P3/Brb5/Q5n1 w - - 0 1,2,Alessandro Fontana
0becd1c0,8/8/8/p5BR/kpB5/8/2K5/8 w - - 0 1,2,Альберт Серапіонович Шахназарян
8f2459a2,4r2k/7N/2N2R1K/3Q4/8/8/8/8 w - - 0 1,2,Володимир Иосифович Пипа
233c3e18,R7/4p1K1/6NP/B4k2/5p2/5P2/B7/8 w - - 0 1,2,Johannes Öhquist
1c2c9336,1B1bKN2/2r1p3/3r4/1pP1k1P1/1N4Q1/2P5/8/8 w - - 0 1,2,Meindert Niemeijer
59ee40ed,2q5/7Q/8/1B2B1Np/3pN3/2n1k3/4p3/4K3 w - - 0 1,2,Herbert Siegfried Oskar Ahues
4fb6d081,3K4/5Q2/7p/6N1/5B1k/5P2/8/8 w - - 0 1,2,Rudolf Leopold
46bd033a,8/8/5p2/5K2/8/6pk/6b1/Q4B2 w - - 0 1,2,Александр Иванович Ельцов
a5ad0af2,2N5/3n4/N3p3/1n1k3B/3ppP2/pP6/3Q4/K7 w - - 0 1,2,Heinrich Friedrich Ludwig Meyer
95625406,2N5/2KR1p2/2p5/1pP1p3/nBkbrP2/Pp3p1Q/8/1rnR1N2 w - - 0 1,2,Herbert Siegfried Oskar Ahues
cb978539,3K4/b1p1R1R1/7p/p7/4PkPP/3Q1b2/r2rn2P/2B2N1B w - - 0 1,2,Artūrs Ķeirāns
8d06c550,5R1K/6B1/2r3k1/4R2p/q3PP1p/5b2/1Q6/1B4r1 w - - 0 1,2,Robert Ivan Gunn
491e1d77,2KQ4/4p3/3pR3/1B1kp3/8/5R2/5BP1/8 w - - 0 1,2,З. Култаев
a6d5fd4f,8/n1R5/8/b1Pkp1n1/2rN2QK/1Bpb1p2/qP6/6B1 w - - 0 1,2,Tadeusz Czarnecki
2aaf382b,4B3/8/2Rbp2p/1p1k4/pP1Pp3/K2N4/1Bp5/2Q5 w - - 0 1,2,Владимир Николаевич Тиханков
94bf4e79,3n2Bn/N4p1P/1N1p2p1/3Pk1r1/5Rb1/5Pp1/3B4/6KQ w - - 0 1,2,Lutz-Dieter Gruber
cd08e36f,8/4Q1p1/2p3r1/K1R5/p2NP2B/8/1R6/3k4 w - - 0 1,2,Віктор Олександрович Мельниченко
6f59fefb,8/2N5/3B4/8/3k4/8/1R1NK3/8 w - - 0 1,2,György Schiffert
ea3520d6,Q7/2pp4/5p2/KN1B1r2/4p1N1/P1Bkn2R/1Pp1p3/2q4b w - - 0 1,2,Arnoldo Ellerman
0731db19,2K5/p2P4/1PQ5/k7/8/1P6/8/8 w - - 0 1,2,Александр Григорьевич Андреев
cac47b75,8/4N3/3k4/5R2/Q7/K6B/8/8 w - - 0 1,2,Анатолий И. Висков
c64bae03,6b1/KB5p/5NrR/pk2p1p1/n7/B2P2b1/2P1Nr2/8 w - - 0 1,2,István Földes
e8c2c958,4B3/2b1pp2/RB1Nk2p/q3Pp2/N1P5/2p1Q3/8/6K1 w - - 0 1,2,Guido Cristoffanini
9c3c1532,8/b2prN2/6p1/1P3b1r/B4Q1q/1P1k2Pp/1B2N3/2K1R3 w - - 0 1,2,Giuseppe Sardella
2f7b4a61,4r3/1pP5/3R4/1Nk2B2/P4N2/1p4RQ/1r2p2K/1b2B3 w - - 0 1,2,Валентин Володимирович Лук'янов
98d50615,2n2B2/5B1p/1p3N2/4k3/3N1q1R/K3p3/2P5/6Q1 w - - 0 1,2,Benjamin M. Berd
78102a3b,nK1Q4/1p2p1p1/4p3/1r2k3/1P1NN2R/r3R3/3q1P1b/7B w - - 0 1,2,Aladár Simay-Molnár
0da246f0,8/8/8/2n5/2Q3N1/Np4Bp/b1BkP2K/q3R3 w - - 0 1,2,Henryk Żuk
4d72c7fb,6rB/2pp2r1/6n1/RbN1kPP1/2p1N1K1/4P3/1b6/3Q4 w - - 0 1,2,David Hjelle
1e4b7019,7n/1K1p2P1/3k4/3PN3/8/1BR1n1P1/4R3/2b1Q1B1 w - - 0 1,2,László Apró
3a35a644,8/8/1N6/4p3/1P1k4/7Q/8/2Kn4 w - - 0 1,2,Андрей Николаевич Дикусаров
901f3469,8/1p6/N5K1/p7/kN6/8/4Q3/8 w - - 0 1,2,Вадим Константинович Винокуров
cdc5681a,3N4/7p/3p1pqP/Q2bk1p1/1p2p1R1/1P4RB/3P1N2/2K3B1 w - - 0 1,2,Adolph Jay Fink
f7863be1,8/3N4/2PK2P1/1P6/3pP1B1/3k4/R2B4/8 w - - 0 1,2,Attila Benedek
42a80d01,K4b1B/n1p1NBR1/2p5/4RQP1/1P1kN3/3p4/1n1p1P1p/4r2q w - - 0 1,2,Драган Стојнић
2c305b88,8/1R6/8/4kPK1/4B3/8/4R3/4B3 w - - 0 1,2,Leonid Makaronez
fa3530ba,2Q1b3/B1ppb2r/3n2R1/3kNp2/6N1/8/8/3KRB2 w - - 0 1,2,Juan Ruiz Luque
6025bdc0,8/8/1p2p2K/1P2p3/4k2p/r2nPn2/Q5P1/3N1N2 w - - 0 1,2,Vojtěch Košek
fb221054,5b2/3K2p1/1R4N1/2Pk4/p3p2r/Bp2P3/pr6/Qb3B2 w - - 0 1,2,Herbert Siegfried Oskar Ahues
eeec8508,8/2p5/1n5R/3k1B2/1B6/N2rQ2K/N7/bq1R4 w - - 0 1,2,Barry Peter Barnes
188d8bbd,n2k4/P1NPN2P/3K2n1/8/3pr3/8/2r5/4B3 w - - 0 1,2,Виталий Семёнович Коваленко
b5d108a1,6R1/6Pp/3K1P1k/3QBb1P/8/3p4/3P1NR1/8 w - - 0 1,2,János Németh
065e0d20,8/p3k2p/bn1nN2p/P1N1P1PB/Q3pP1P/r3pP1K/P3r1R1/8 w - - 0 1,2,Григорий Александрович Промышлянский
cbab523d,K1R2N2/p2pR3/3k2N1/2pB2pr/4P3/q1P3pb/1r5b/1Qn3B1 w - - 0 1,2,Lajos Kiss
1907557a,B7/2rp3Q/1BnN1K2/2p5/R2PNpp1/3pk3/2P2R2/8 w - - 0 1,2,Євгеній Михайлович Гаврилів
b5a22112,8/4n3/4Q3/8/3kN3/1K6/3B4/8 w - - 0 1,2,Nicolae A. Drăgan
e58209e9,1Q6/3Bp1K1/4N3/4P3/p1N1kp2/P3rR2/2R4P/6B1 w - - 0 1,2,Henri Elisabeth Pelletret
2f7228e8,1R4BQ/RKpp1r2/8/8/8/3N1p2/pBp5/1kq5 w - - 0 1,2,Yoel Aloni
0eb498d4,2K4k/8/4nPPN/8/8/8/8/2Q5 w - - 0 1,2,Николай С. Зиновьев
6eb99445,k2K4/1RpppQ1p/1R5r/4r2p/b3B3/bp6/8/8 w - - 0 1,2,Владимир Иосифович Шиф
83010f3b,5N2/3p2p1/R2N2n1/ppRPk3/rp6/2n5/P2B3K/5Q2 w - - 0 1,2,Maximilian Feigl
ce5e8d98,8/2B1Q3/2p1NP2/2Pb4/1K2p3/3Pkp2/1R3RP1/8 w - - 0 1,2,Михаил Александрович Павлов
4a70e54d,8/B2pn3/3pPpp1/1r1Pk3/qn3p2/5P1Q/3R1N1K/8 w - - 0 1,2,János Kele
994572ac,5K2/6R1/7p/Q4B1k/1R6/5r2/4b1n1/4B3 w - - 0 1,2,Eigil Palle Pedersen
231a77f4,8/8/8/3kpNQ1/1K1N4/6P1/8/8 w - - 0 1,2,Max Dischler
5daa2cb3,4B3/B7/3n4/2R5/3kp3/P3N3/2P2K2/8 w - - 0 1,2,Fébus Hirsh Fraenkel
92fcf573,2B5/1p2pNn1/bB6/p3P3/2k1ppP1/PR6/K2Q4/b2N3R w - - 0 1,2,Marián Šemrinec
0c3c5991,3n2B1/7b/2N3pp/8/4kp2/3R4/8/2KQ4 w - - 0 1,2,Friedrich Amandus Leopold Kuskop
62668005,8/7K/2BPp2N/4k3/8/6N1/3P3B/7Q w - - 0 1,2,Эдуард Станиславович Монтвид
1593c920,q2b4/1r2p2N/2B1k1Pp/3R3K/4P1P1/7p/QP2r3/4R3 w - - 0 1,2,Rudolf Büchner
efccd54a,4R1B1/4q3/8/4k3/1Q6/K7/3R4/8 w - - 0 1,2,Albertus Marinus Koldijk
1477b08d,3r1N2/p1Q3pK/B1P3rp/2kP1R2/Pnb5/P1pRn3/1P1N4/4B2q w - - 0 1,2,Петро Андрійович Новіцький
b07d87a0,1nB2B2/Q1r1PK2/2pk2PR/4pRpq/1nPN3p/Nb1p4/8/2b2r2 w - - 0 1,2,W. C. A. L. Muller
3cfd4609,3Q4/r3p1bN/1p1Bk1P1/1R1n1p2/1p2n3/3p3N/5P1P/2q1RbK1 w - - 0 1,2,Frank Janet
28a4e95a,8/1KBn4/1p6/2bk1Nn1/p2P4/1R6/Bp2Q3/3q4 w - - 0 1,2,Gilbert S. Dobbs
ea285d52,4N3/3pp3/1n2Pp2/N1pk1p2/2n2K2/p3Q3/B7/8 w - - 0 1,2,Thomas Joseph Warton
5fa848ec,8/B7/8/2p5/7K/8/4P1p1/Q4B1k w - - 0 1,2,Bernard Barnett
438d4a69,n6N/2p2RBp/2K2p1q/4pkr1/4NPp1/3P2Q1/B7/4R3 w - - 0 1,2,Рим Петрович Телегин
92efa855,8/4bq2/1B6/8/Pk3NRp/1bNB4/1Q6/5Kn1 w - - 0 1,2,Владимир Владимирович Кожакин
21215cf0,4K3/3n4/3QB1pN/4P3/R3rk2/6R1/6PP/8 w - - 0 1,2,Comins Mansfield
a722c417,3Nb3/1N4n1/7p/2pPk2P/2Rb2Pp/1p1R1Q2/1P5p/1K2B3 w - - 0 1,2,Gyula Bebesi
4db31dc4,3B4/4p3/1K1R3p/3Bk2P/7P/7Q/3P4/8 w - - 0 1,2,Rudolf L'hermet
f5d92dd1,5Nb1/p5Nq/P6k/8/6PP/K6n/1R6/BQ6 w - - 0 1,2,Gustav Markus
912585fa,N2B2b1/4N3/4R3/Pkr5/2n3R1/1KQn3r/2Pp2p1/2b2Bq1 w - - 0 1,2,Eric Manfred Hassberg
b80ccea1,4Rb2/5r1q/3pN3/1P1k1ppn/1KpPNQ2/1Pp4r/8/1B1R1b2 w - - 0 1,2,Самуїл Давидович Лейтес
4986fccc,2B1R1nN/R1P1Np2/3k4/1P3r1r/2PP3b/4pb2/8/2K5 w - - 0 1,2,Pieter le Grand
331791b5,1Q5N/2b1pr2/4r2p/2PR4/2RpPkBK/8/8/5N2 w - - 0 1,2,Michal Dragoun
8dabc28e,5R2/KN3nr1/4N2Q/R7/2Ppk1n1/8/4P3/2b5 w - - 0 1,2,Michael Barth
ccbac037,4r3/7q/1n3Q1p/1BpnBP2/4k1N1/2rR1Rp1/3p2K1/8 w - - 0 1,2,Василь Васильович Дячук
7ba0154c,1N3b2/8/4rnQ1/pRn3R1/p1Pk4/P3N3/1K1P2br/1B4B1 w - - 0 1,2,José Ripoll Puig
b62b7935,3RK3/8/1Q3Rp1/r2Np3/3Bk3/8/1b6/1b1nNBq1 w - - 0 1,2,Josef Burda
c57d9e3f,Kn2N3/1R2p2b/pNk1r1n1/2p2p2/5bp1/q3B3/8/1Q3B2 w - - 0 1,2,József Szöghy
5b95ae58,5bN1/2pp3n/BNkB1n2/6p1/p3p1P1/P1K1P3/8/1RRQ4 w - - 0 1,2,Arnoldo Ellerman
2242f680,1b6/1rpB4/1q6/r2kp1NR/pRN5/2P5/K1P2Q2/7b w - - 0 1,2,Johann Bernhard Michael Schneider
24d90275,2r2B2/2pN1p2/4kPq1/6pN/p3b3/1r2Q1K1/B4R2/3R4 w - - 0 1,2,Бошко Милошески
057a1b5c,6Q1/8/1p2R3/1kN5/2R5/4K3/8/8 w - - 0 1,2,Leonid Makaronez
a8244042,7K/R3pp2/4nRpN/3Pkbp1/6p1/4B1N1/BP6/5Q2 w - - 0 1,2,Yosi Retter
c425a154,2Bn4/1p2r3/1K1N2Nq/1QPkBpP1/R4b2/1p3P2/8/n2r1b2 w - - 0 1,2,Jan Hartong
05ec8220,3N4/1Bn2Q1N/r1r4p/p5p1/2p1k1p1/1PP3Bp/3K2P1/1b6 w - - 0 1,2,Павел Александрович Мурашёв
9551423e,K3B2b/3RB3/p3k1P1/r1np3Q/3P4/4N3/2q2n2/5r1b w - - 0 1,2,Halvar Hermanson
a5fc4790,1BB2n2/2Np4/p4rr1/4k1P1/6n1/5PN1/3Q4/K5Rb w - - 0 1,2,Mieczysław Zalewski
fc57fc3b,5NK1/b7/6p1/8/5Prk/6Nq/4BB2/1Q6 w - - 0 1,2,Zoltán Zilahi
61f3e467,B1K5/p2ppp2/1p1kb3/1QR2n2/2nr1P2/8/5N2/2rRq3 w - - 0 1,2,Guido Cristoffanini
e4672622,2Q5/r7/3k1p2/2R5/2P5/1p1K4/8/4B3 w - - 0 1,2,Max Julius Meyer
6f1d588e,8/4pN2/5pn1/1p1pn3/2kPP1p1/P5P1/KPN1P3/5Q2 w - - 0 1,2,Adolf Ringier
c74820c4,8/5Q2/1r2n2K/Nbpk3N/6R1/4R3/7B/5r1n w - - 0 1,2,Wolfgang Berg
e1e8219e,6NN/8/4p3/p3Rp1B/P4k1p/2P4P/1QP4P/4K2R w - - 0 1,2,Ēriks Jurka
3ce71c85,8/6Q1/3pk3/8/2R1N3/3P3K/8/8 w - - 0 1,2,Владимир Афанасьевич Шматов
08b0566b,8/K1Ppr3/BRQp4/1p6/1Pnk2N1/1p3P2/2p2Rpq/brN1B1n1 w - - 0 1,2,Sándor Menkes
b6577865,8/8/2B5/6B1/8/2KN4/4kp2/R7 w - - 0 1,2,Friedrich Bethge
fc925ca5,3R1b1B/K1RN2q1/8/2nn4/3k4/6Q1/3NP3/8 w - - 0 1,2,Ефим Наумович Рухлис
424a0d72,2QbR3/3pnr2/R1pk1Pp1/1P1bp3/1PB5/6N1/2K5/B7 w - - 0 1,2,Ferenc Ruck
f8e042e5,r3k3/3b2K1/2R5/6B1/8/8/8/5B2 w - - 0 1,2,Eligiusz Zimmer
57cc52ba,8/1KB5/2N1k3/8/2p5/8/8/5Q2 w - - 0 1,2,Gunnar Frode Myhre
7ebc080a,2B1n3/8/1pR2pK1/1r1N4/p1q1k3/2p3Bp/pn2p3/b2bN1Q1 w - - 0 1,2,Kazimierz Grabowski
ba2de1c2,BQ3N2/2p1n3/7N/2P1k1n1/3bb3/2R3P1/8/B1K1R3 w - - 0 1,2,Arthur Ford Mackenzie
8bbffdcc,7K/Q7/3pp3/2n1P3/3k1N2/4R1pR/b2NpB2/b3r3 w - - 0 1,2,Miroslav Svítek
34eb5391,k1K5/rrB5/p1R5/P2N4/8/8/8/7B w - - 0 1,2,Јожеф Ченгери
3b81e3d3,BQ1b1N2/1Kn5/5pN1/1p3k2/1Rb4P/3pnP2/4P3/8 w - - 0 1,2,Vladimír Kočí
913ff01c,2NnB3/8/1Rq4n/p1Nk4/3P4/2BQ4/8/7K w - - 0 1,2,Adolf Steif
afd8ba9b,2n2rb1/8/KN4Q1/2BNkB2/8/8/5P1q/8 w - - 0 1,2,Laurits Andreas Munck
c5afc85b,2Q3B1/5b2/P2B4/R1NN4/1PkP3R/8/K2p4/8 w - - 0 1,2,József Szöghy
d30e754b,2R5/4B3/8/8/8/5K2/3p4/3k4 w - - 0 1,2,Николай Семёнович Иванов
43141620,3R4/Q7/8/pkB5/2b5/8/1K6/8 w - - 0 1,2,Александр Григорьевич Андреев
93f2405b,3R2b1/2K1N3/5rQr/R1N1k1B1/1p2P3/1q1Pp3/B3n3/8 w - - 0 1,2,Gottlieb Frei
4659785b,8/1B1pN3/r1r2RK1/8/1P1bkp2/2pR1N2/4P3/8 w - - 0 1,2,Jacques Cramatte
4bb256ec,1B1b3K/4P3/8/p1PkpR1p/Q2p2P1/3Nn1q1/b1n1N3/1BRr4 w - - 0 1,2,Ján Fábry
a565c80a,1Q6/8/8/3R4/1pp5/k7/1N6/1K6 w - - 0 1,2,Микола Васильович Чернявський
5b9f1b69,8/5p2/3Rr3/p2PPkpQ/8/8/r1P2K1B/1B2R3 w - - 0 1,2,J. L. Peake
09b94b56,r3k3/P3p2p/1P1b4/2N1NR1K/6BB/8/2r5/6Q1 w - - 0 1,2,Виктор Викторович Зайцев
2b1a9eb8,3Q1BBn/2n5/3NP1p1/Rp1k2rp/2pN2b1/2P2p2/5K2/8 w - - 0 1,2,Edwin John Eddy
ddc27c51,8/7N/5n2/8/5kpp/2Q2PR1/2B1P3/4K2R w - - 0 1,2,Mihail I. Stan
2b6bd288,4R3/8/3PBPp1/pKN1k3/Rn2N2P/B1p1p3/2P1P3/4Q3 w - - 0 1,2,Жива Томић
7ec1736b,8/B7/8/8/1q2B1p1/5NK1/8/5N1k w - - 0 1,2,N. S. Muthuswami
fe72805d,2b5/Br2PP1K/2B5/p1p2pRP/3k1P2/1P1P1r2/R3n1Q1/3NN1n1 w - - 0 1,2,Theodor Tauber
5f81e036,1K6/1p1p4/pr1kNP2/3B1R2/qP3r2/B7/8/3R4 w - - 0 1,2,Comins Mansfield
b628df09,8/8/3p2p1/4p3/2p1k3/1pP1N3/1p6/bK2RQ2 w - - 0 1,2,Walter Henke
937b59eb,1B1R1bB1/n1rq2np/8/1pQPk1p1/1p2N2N/3PP3/8/2K2R2 w - - 0 1,2,Anton Öhrlein
60fe2a05,4R3/2pb4/2B1q3/Kp1Pr1p1/R1prk1P1/N2p3p/3P3B/2N2Qb1 w - - 0 1,2,Izabella Keller
de07638c,1R6/p7/Kb6/3p4/1B6/Pk1B1P2/pN1PQ3/nb1N4 w - - 0 1,2,Huibrecht van Beek
166a8014,8/6B1/1K1p4/4R2B/1p1N1k2/p2PN1p1/q5pp/6bn w - - 0 1,2,Barry Jack da Costa Andrade
1eb18e38,4r3/1p5b/8/1B1P3Q/r3k1pN/6P1/1b3PP1/3R3K w - - 0 1,2,Юрій Маркович Гордіан
6642d0c1,4n3/Bp6/3pR2Q/1B1k1P2/N2P2r1/2p5/2P3N1/Kn4b1 w - - 0 1,2,Herbert Siegfried Oskar Ahues
80d016ef,2Q1K3/3P2R1/2b1N3/2Pk1p2/4qp2/n2p1B2/3N4/B3R3 w - - 0 1,2,Andor Weisz
e429d439,8/4NP2/7P/2BBk3/7K/8/8/8 w - - 0 1,2,Григорий Фёдорович Марковский
27ddcb9a,3R4/N2rrn2/1p1bR3/1b1k1P2/3B1p2/1PQ5/N3p1q1/KB6 w - - 0 1,2,Roméo Bédoni
1a643e20,7N/B3Q2b/n3pN2/4k1n1/3p1pP1/5P2/3PP3/4RRbK w - - 0 1,2,Miguel Zabala Apraiz
18b3a4de,8/1N2p3/1p2Bp2/1r1p1K2/Rpk5/8/P2Q4/8 w - - 0 1,2,Per Ivan Rune Asplund
4e1a0629,2B5/3R4/5P2/5R2/Q6b/2r3pk/b1P5/6K1 w - - 0 1,2,Johannes Albarda
9dd5a2dd,7K/7Q/8/5RPn/7k/5r1B/3B1P1R/8 w - - 0 1,2,Владимир Викторович Кузьмичев
038c24aa,8/4K3/8/2p1kp2/2PR2p1/BN6/4PP2/8 w - - 0 1,2,Johannes van Dijk
9ef00de7,3BB1RK/6N1/r1n5/qn5P/1pR2pkN/2brpp1p/2bP2pP/Q7 w - - 0 1,2,Gordon Leigh
1c167248,8/P6p/1p4pR/PP2p1N1/k3K2p/7B/1Q4p1/6N1 w - - 0 1,2,Andreas Witt
599260dc,8/8/8/6pQ/6N1/7K/7N/6bk w - - 0 1,2,Валентин Викторович Лидер
54d88d4e,3k3K/1p2N3/1p2Q2R/8/8/8/8/8 w - - 0 1,2,Владимир Николаевич Чекарьков
7076c470,5r2/4Ppp1/RNB2kPp/6Nr/1b2KP2/B2Q4/8/4R3 w - - 0 1,2,Miroslav Subotić
65d5c04c,8/2K1R3/6P1/2p3p1/2P2kn1/3B3P/3N1p1P/Q7 w - - 0 1,2,Süleyman Abdullayev
57705c0e,Bq6/Pn1RpR2/3pP3/1P2kp2/r1b2N1Q/pN1P2B1/8/4K3 w - - 0 1,2,Борис Григорьевич Маслов
ce1d6f15,8/2P2p2/2N2P1R/3p1kNp/4rn1P/q2n1QK1/bB3R2/1Bb5 w - - 0 1,2,Sándor Boros
fc355b61,2r3q1/3Q4/8/Rp1P4/PPk1N1nR/nN2P3/1PP5/2K1B3 w - - 0 1,2,Peter Heyl
8ea88998,6KB/b7/1P6/1n5N/Q1P1k1N1/p2p2p1/6nq/3B1R2 w - - 0 1,2,Arnoldo Ellerman
c8d46605,5Bb1/8/nPPRp3/1qk5/p1N5/1p6/4NK2/2R1Q3 w - - 0 1,2,Arthur M. Sparke
4d021d06,2Q5/b2N4/3kBP2/1nN3pq/3P3p/2p2p2/4nK2/1r2rb2 w - - 0 1,2,Григорий Сергеевич Атаянц
3d4c679d,1b1Rb3/1n1p1Np1/BB2n1P1/2r3QK/3k1rRp/1PN1p1P1/1P2p1q1/8 w - - 0 1,2,Charles Pelle
8fd1ca80,1B3b2/1K1kP3/NPN5/1P5Q/1qB1r3/8/8/8 w - - 0 1,2,György Bakcsi
1b95dff7,RK2k3/ppp3R1/8/6Q1/1q5p/2rp4/5b2/8 w - - 0 1,2,Николай П. Воробьёв
708348af,1R3b2/1Q3N2/K3p3/2B3rR/2k5/1Np1q3/2P5/8 w - - 0 1,2,Анатолий Васильевич Слесаренко
ec49a7f2,8/4KN1B/4P3/1nP2rp1/4k1Nb/nQ1pB1R1/1q6/8 w - - 0 1,2,Julius Zdeněk Mach
fb966956,8/6p1/pp4N1/rb1Q1B1K/pP1P3P/P1B1Np1n/2P1kP2/5Rn1 w - - 0 1,2,Lionel Sharples Penrose
19931272,4K3/8/b1pR2p1/R1n1nk2/7P/q7/B1P2N1B/bQ6 w - - 0 1,2,Frederick E. Gamage
1f9eb6e3,1N2Q3/1K2n3/3Pr3/p1P5/Rb1k4/1pR5/1B2p3/4N2B w - - 0 1,2,Arnoldo Ellerman
7c670db7,8/8/8/8/8/5Qp1/3K1P1p/6kr w - - 0 1,2,Михаил Иванович Гориславский
401185a3,2N3bB/n1bQ3B/5R2/2pp2pq/K1k3p1/2p1RN2/8/4n3 w - - 0 1,2,Драган Стојнић
e643dea6,1B6/7p/1N6/2n5/R1Bpkp2/4b2Q/8/5K2 w - - 0 1,2,Юрий Акимович Сушков
03d4d7eb,3K4/5PQ1/2b1k3/4pp2/3pp3/8/8/8 w - - 0 1,2,Niels Høeg
261633c9,4N3/8/5p2/1p1k1P2/1R1B1Q2/6p1/7P/K6b w - - 0 1,2,Ladislav Vetešník
f1f69ecb,3n3q/2KP4/2N1p3/2p1p1R1/P1k3N1/2p1p1QR/2P2bB1/5b1r w - - 0 1,2,Jacobus Haring
a3107662,8/4Q3/1P1pn1bb/1n1PR1P1/RBNk4/8/3NPK2/8 w - - 0 1,2,Gérard Doukhan
509363ec,1R6/N7/B7/8/2pp4/2k2P2/8/3K4 w - - 0 1,2,Achille Campo
889ef241,q2N4/1Q2p3/4p2K/2rb2R1/3PPk2/r4p2/p2R1P2/1BB5 w - - 0 1,2,Абрам Яковлевич Рыраховский
4167e8af,8/8/8/5N2/8/K2B1p1r/6Rp/R3N2k w - - 0 1,2,Fuad Emile Jada
56d02f92,n1b2B2/8/R1pN1N2/p1k1p3/3rp2K/P3Q2p/2r5/3R4 w - - 0 1,2,József Szöghy
330a57ec,B7/8/8/4K3/5N1p/4R2p/6np/R5nk w - - 0 1,2,Karol Mlynka
a3096253,1nBB4/1K6/1Qpk2b1/2N5/4pP2/bp1N4/3R4/3q4 w - - 0 1,2,Kārlis Jankevics
6863423c,nB1Q2n1/3r3p/b1PPP3/3N1R2/3kp1N1/1B1p3r/4P3/1KR5 w - - 0 1,2,Anton A. C. Trilling
4a76a54c,b2r4/2N2pR1/3pp3/3BnkPN/2p1p3/K2pQ3/PB4R1/4rqn1 w - - 0 1,2,Miloš Maryško
3ec16011,2K1b3/R2pk2N/5q1P/3P2Bn/3P4/4N3/B7/1Q2R3 w - - 0 1,2,David Shtern
68df604e,K1BB4/2p1Np2/4n2Q/3p4/3P2kp/7p/3N2bP/4n1R1 w - - 0 1,2,Abdelaziz Onkoud
61beff75,K4n2/1NP1PN2/3Qb2B/p1r3q1/R1P1k3/5RbB/2P1Ppr1/2n5 w - - 0 1,2,László Klein
9126fe1b,8/2PP4/4B3/R1KNkPP1/2Prb3/3P1n2/1B2N3/8 w - - 0 1,2,Василь Васильович Дячук
6d117d6a,8/8/1K6/P7/2bR4/k7/P7/1Q6 w - - 0 1,2,Сергей Юрьевич Румянцев
9349aae2,8/pr6/3Np3/3nR3/1N6/KPk2n1Q/1R3B2/1b6 w - - 0 1,2,Hans Schogt
5bb87919,5B2/1BR1N1p1/Kn2R2b/2P1NP2/pp1kP1p1/q1prp3/3P1P2/2Q5 w - - 0 1,2,Michael Barth
25f490ca,6Q1/1K2k1P1/4N3/6P1/2N5/8/8/8 w - - 0 1,2,Gyula R. Neukomm
e05761d6,8/8/1Qpp1ppp/1p1R1P1n/3p1kPP/2R4P/1NNq1BBK/8 w - - 0 1,2,Миливој С. Нешић
0843360a,2N3n1/N7/1Kp5/p7/k2BR2r/2Ppp3/BPb1q3/R5r1 w - - 0 1,2,Andrej Ančin
d2a7d958,8/3p4/3Q4/4p3/K1Pp2P1/4kP1R/1R6/8 w - - 0 1,2,Carslake Winter-Wood
c777183c,2r5/2b2PP1/4Q3/1np1p2p/N2Bk3/1n1R2P1/1N1prpPK/5b2 w - - 0 1,2,Paul Steiner
b71cec2b,3q4/6N1/n4R1p/4P3/2BPkN2/7r/1Q3PPB/n4K2 w - - 0 1,2,Halvar Hermanson
37950687,8/B1p5/B5Q1/4p3/5N2/2k4r/1R5r/K6b w - - 0 1,2,Fritz Hoffmann
223a4fd8,2BB2R1/8/Q1N4p/1K1PN2p/R3pk2/3P1p2/3Pq3/b6n w - - 0 1,2,Jacques Savournin
bf4168f4,N3K3/p3R1P1/k4N2/6pR/2P1pp1b/3Pr3/3B4/7B w - - 0 1,2,Alessandro Cuppini
c0dbc8e7,n3N1nB/6qr/Qp2P3/1P1k3p/1P5R/1b6/1b2RPN1/5BK1 w - - 0 1,2,А. С. Бернштейн
5c9af0d5,8/8/6q1/7k/5Bbp/4R3/8/4K3 w - - 0 1,2,Зоран Јанев
1196a5e9,2B4Q/b4NK1/5pn1/3N1q2/4k3/8/3R1BP1/8 w - - 0 1,2,
fe037bbd,3B4/2N3p1/4pR2/4k3/4P3/3K4/8/8 w - - 0 1,2,Gerardo Vignadelli
105695f0,3n1Q2/8/3pk3/1p2N3/1P2BP2/5p2/K3bP2/4R3 w - - 0 1,2,Charles Planck
eaec824d,1Q6/n3N1pK/2P4R/R1b1PN2/5kpP/3np1p1/1r4B1/B7 w - - 0 1,2,Roger Lepage
4a5c21d7,8/8/3q4/4B3/3N4/1Q1K4/p7/k7 w - - 0 1,2,Heikki Lukkarinen
dca90e4f,3B1nb1/3p1p2/3kBn1R/1P2p2R/4Q3/P2N4/7b/1K6 w - - 0 1,2,Itzhak Neumann
5c19b540,3r4/b5p1/4B3/3n3N/2n1k1Pp/1N1pB2R/1QrPPq2/Kb2R3 w - - 0 1,2,Arnoldo Ellerman
d23b762b,4K1R1/3N1R2/3pPp2/2BQ1Bnr/3qpkp1/8/5P1N/8 w - - 0 1,2,Charles W. Moore
7fbdab57,Qb4K1/R1p2p2/4pkN1/5Pp1/6P1/2N5/8/7b w - - 0 1,2,Mihai Cioflâncă
de0634f1,4K3/8/2R4P/4B1kr/6Nn/6pQ/5Rp1/6b1 w - - 0 1,2,Ivo Tominić
f5d8b59c,7B/8/rN6/pR3p1B/4k3/p5pN/p1nK4/8 w - - 0 1,2,Александр Н. Буянов
14f30bfb,3R4/K3N3/1PPN1pp1/Q5P1/p2k1P2/b7/2P2P2/5n2 w - - 0 1,2,Antonie Clarus Johannes van Eelde
38a9b19b,b7/8/8/4Q3/8/5kBK/8/2bN4 w - - 0 1,2,Nikos Siotis
5c94ef72,q4k1K/8/5p2/7B/8/8/1R6/4R3 w - - 0 1,2,Николай С. Зиновьев
452ccd93,3K4/8/5N2/3Nkp2/8/Q7/3P4/8 w - - 0 1,2,Carl Schrader
684eda41,7Q/b1Rp1b2/3P4/RBNk1P2/N2P1Bn1/1K2p3/1P2P3/2r5 w - - 0 1,2,Arieh Grinblat
8190b0ae,8/1R3n2/N7/1N1pp2K/2k1r1Bp/P4R2/n1P1bB2/2b2Q2 w - - 0 1,2,Efrén Petite
6527460c,7B/1NKp4/2npr3/1pN2p1b/1Pkn2qR/PR6/P1p1P3/5BbQ w - - 0 1,2,Alexander Rohoziński
4800ff3d,1q3R2/r2p1N1K/1P5B/1R3n2/2npk1p1/QN6/B1b1P3/4b3 w - - 0 1,2,Simon Costikyan
9027e478,2B5/1K2P3/2NpP1p1/1pNkpRpr/p5r1/Q5nq/5n2/2R3b1 w - - 0 1,2,Joe Casey Youngs
39d9cb9f,KQ1b2nB/5p1N/1p5r/4Np2/2BPkppn/8/R4P2/8 w - - 0 1,2,Louis Scotti
64fbdf20,6K1/4p1bN/1N1pk3/1P2pp2/8/3Q4/bBR3p1/2R5 w - - 0 1,2,Живко Јаневски
06487c9a,7b/8/2nR1P2/4N1Q1/4k3/5ppp/1KN2q2/1B4nr w - - 0 1,2,Василь Емануїлович Калина
9122d535,b2r4/3p1B1Q/1B3p2/K3k3/8/n2R3N/3N4/5r2 w - - 0 1,2,Pentti Olavi Sola
fa6a5fd4,8/5p2/2pN1P2/P1kpQ1p1/5pP1/P1p2P2/8/B1K5 w - - 0 1,2,Jozef J. Hajszeryk
7036a620,2b4n/1pKp4/8/4N3/Np1k2p1/BP6/4QP2/b7 w - - 0 1,2,Aleksandr Zarhs
b4bdfced,B5b1/8/K3pP2/pNB3R1/1bk2q2/1NP4Q/rnP3n1/8 w - - 0 1,2,Валерий Юрьевич Шаньшин
87add412,4B3/b1p5/R3PPpr/Rn1n1kB1/4bP1p/1p1P1N1P/3Q2N1/7K w - - 0 1,2,T. A. Coombes
3a5a1684,4r1B1/1Q2N3/3p1p1B/2Ppk2n/1pb4p/1nPP2p1/8/4K2R w - - 0 1,2,Edwin Mira-Kraft
68443af1,Kn6/4N3/p7/3QBb2/pk3qRr/p1RBb3/1r6/2N5 w - - 0 1,2,Jorge Marcelo Kapros
d725341c,8/4p3/5p2/1NRN1p1B/1p1PkPp1/2r1p3/2P1K3/1Q3R2 w - - 0 1,2,Pavlos N. Moutecidis
d9ed135c,3R1R2/4p1K1/8/4k3/1n2rN2/8/8/1B6 w - - 0 1,2,H. H. von Hoene
0a06a20f,7R/n2Nkpp1/3pP1R1/3P4/8/2B5/3p1r2/3Kb1Q1 w - - 0 1,2,Pieter ten Cate
45213fc9,4R3/P4b2/1p1Bn3/1N1Pq3/R2Pkp1b/1B1N3Q/4nPP1/1K6 w - - 0 1,2,István Stefano Ragó
616e916c,1r4n1/P2n1R1p/r1R3b1/1p2k1PQ/pPPp4/K3bpq1/3NNpp1/BB6 w - - 0 1,2,Hans Gruber
440ca10f,5B2/3N3B/3r4/4R1n1/1P1kpP2/3P4/1K3P2/3R4 w - - 0 1,2,Юрий Николаевич Яковлев
261434ff,8/1Q6/p1R5/P1rk1p2/PBRp1P2/K1Pbpn1B/6p1/5N2 w - - 0 1,2,Vladislav Buňka
96daee08,2R5/4B2K/b1r3p1/3p4/pn1kn1R1/6Q1/2pN1P2/2N5 w - - 0 1,2,Erio Salardini
dd2079bd,8/8/8/4p1B1/5r2/2K5/2B5/1Nk5 w - - 0 1,2,Алексей Николаевич Лебедев
93b359eb,2B3K1/1Rp3Q1/2pkNp2/3P1p2/3R4/qp3Nr1/6rB/2b5 w - - 0 1,2,Jacques Savournin
100bc937,bn6/r1p1RK2/p2k2p1/8/2Q1p3/4N3/2N5/8 w - - 0 1,2,Nicolae Gheran
1cf27add,5r2/7p/2PpPQ2/1B1k1KRp/N4R2/3Pp3/2Nb4/5r2 w - - 0 1,2,Jorge Marcelo Kapros
090e0132,6bR/3KNkP1/8/7N/8/8/8/8 w - - 0 1,2,Ernő Szentgyörgyi
d62b06aa,8/8/5R1p/6p1/6k1/8/6K1/4B2R w - - 0 1,2,Виктор Иванович Чепижный
be25ce88,8/2K5/8/p7/pR4p1/8/1P1N4/kB6 w - - 0 1,2,James Quah
0e56a832,B7/1nR5/2b3p1/3kNPb1/1PNp1n1R/3P4/7B/7K w - - 0 1,2,William E. Perry
194ac1a2,8/8/4PK2/P2P4/3k4/P2P4/2PRB3/4B2Q w - - 0 1,2,Frank Janet
9b5c9540,7n/3K2n1/5p1N/3pk2r/p5Q1/r1b1B2b/1p6/5R1B w - - 0 1,2,Percy Francis Blake
c842f0bc,8/8/8/8/NN3p2/3p1P2/3PBRP1/2k1K2R w - - 0 1,2,Братољуб Грубер
0b5d5329,8/8/2nPn3/1NrkrNQ1/1P6/2R1R3/3K2P1/8 w - - 0 1,2,Saverio Cè
3472834b,4R2B/K1R4n/5r2/NB1p1b2/P2k1P2/1P1ppP2/rp1P4/nQ3Nq1 w - - 0 1,2,Alois Szerencsics
0c4ee743,3R4/B1Q1K1p1/p7/1pPB1p2/q1PkP1bR/b2p1r2/3P4/4r3 w - - 0 1,2,Finn Olof Eriksson
4542d22c,q7/3Rr1p1/4Q3/1b2pNK1/1r2kPR1/1P5N/B1Pbp1P1/3nBn2 w - - 0 1,2,Manfred Seidel
8195c7cd,5n2/q3p1P1/P1P3NR/3k2P1/Q2N4/B1pPpppB/b3n3/K7 w - - 0 1,2,Миодраг Радомировић
f8a0857d,2RQ4/8/Bp2p3/n1nrP2K/2NkP3/2N1p3/4P2B/2R5 w - - 0 1,2,Jan Heribert Knöppel
e4ca64a9,3n4/3K4/5bN1/2pk1B2/7R/2rP1b2/4N3/8 w - - 0 1,2,Miguel Uris Escolano
99fa3583,2R2K2/1B4N1/bp1Np3/1rP2P1p/3k1BR1/3Pr3/nP1Q1b2/8 w - - 0 1,2,Елисей Кондратьевич Лебёдкин
a81a83b4,5R2/5b1q/6pb/6pR/3PBk1P/pQ6/KP3N1P/8 w - - 0 1,2,Валерій Олексійович Кривенко
68a87fdd,nb3Q1K/p6P/Pp2R1P1/1P2p3/3Nk1q1/2PpN1Bp/3P3P/8 w - - 0 1,2,Huibrecht van Beek
cd0b18fe,8/r7/1bRN4/1p1B1p2/1N1k1K2/3b1p2/3P1n2/6Qn w - - 0 1,2,Ēriks August Lazdiņš
19d7bb02,3K2bR/4B1kn/4Pp1R/5Pp1/6P1/8/8/8 w - - 0 1,2,Josef Cumpe
738838f5,5b2/6p1/5pP1/1K6/2NkB3/3pR3/7B/N7 w - - 0 1,2,Tomas Scolarici
5e5bf3e9,6b1/3N1p1P/rR1p4/3k3B/6P1/B2PK2n/qp4N1/3QR3 w - - 0 1,2,Byron Gaspar
3b4481fc,4K3/3pQ3/1R6/5p2/1Nk2b2/2r2N2/P1rP4/BBRn1b2 w - - 0 1,2,Karl Adolf Koefoed Larsen
8334b1e6,8/p7/Pp1p4/1R1Pkp2/3NP2Q/2r4p/2PR3K/8 w - - 0 1,2,Teodors Briedis
2bb5525b,8/2p2n2/2Q1pp2/5k1K/r3R1pp/3Rr1q1/b1B1N1N1/6b1 w - - 0 1,2,Jan Ingvar Hannelius
83330343,B6B/3R1N2/4P1n1/n1p1r3/2kPp3/b7/2KP4/RQ6 w - - 0 1,2,Frederick G. Tucker
cb5d2221,2R5/8/3R3q/6B1/1P4P1/P3P3/2NP4/K1kN3Q w - - 0 1,2,Paul Keres
a6ceb32e,1N1n1QN1/3P2P1/1p2P3/1p1rkPp1/1p1q2R1/1B6/1BP2Rp1/6Kb w - - 0 1,2,Petrus Albertus Koetsheid
0c528bc4,8/8/8/1N6/4p3/4kN2/6Q1/B3K3 w - - 0 1,2,Петрашин Петрашиновић
b0738c07,r6q/3p1pp1/3Q4/1p1N3p/3k4/1B1P4/5N2/2b3K1 w - - 0 1,2,Fritz Loepert
d61ceac5,1B5N/7p/4N2P/1P1kpQ2/6p1/3P2K1/1b6/8 w - - 0 1,2,Luigi Vitale
4aa376df,5q2/4r2p/7R/3Qp1np/3PBkN1/3P3r/3P1B2/2b1NKR1 w - - 0 1,2,Zoltán Labai
12ecba2a,1q6/1p1p2Bp/pQ2NPkN/7p/7P/1Kb1p3/8/3n4 w - - 0 1,2,Vladimír Pachman
259254ab,1brk1B2/pBNp1pN1/1p1R1P2/3PpK2/8/8/8/8 w - - 0 1,2,Walter Warren Wallis
e579fb9f,4R3/2K1N3/B1p3p1/p3p1pN/R2PkBp1/1n5Q/3prrP1/1b6 w - - 0 1,2,Сергій Олександрович Шедей
a2fe290c,8/Q2P4/4k3/4N3/4K3/8/8/8 w - - 0 1,2,Hans Hilmar Staudte
95eeca8b,2K5/3N4/2kp4/1p3B2/2b5/8/2Q5/8 w - - 0 1,2,Анатолий Викторович Стёпочкин
d7270fb1,8/8/4Nb2/4Ppqp/4p1k1/4P1B1/4PPNR/4K1R1 w - - 0 1,2,Miroslav Subotić
e31e762d,1N6/pp4p1/bP1P2P1/kP5P/4Pp1Q/K4P2/3P4/5BB1 w - - 0 1,2,Александр Николаевич Панкратьев
30f329c2,5k1K/4R2P/p2P4/P3p2p/2p1P1p1/2p1R2P/2P1P3/8 w - - 0 1,2,Alessandro Cuppini
62a76ea2,2N3Q1/p2qPKPn/2PN1pp1/3k1Br1/8/8/1B3n2/2R3b1 w - - 0 1,2,Ettore Foschini
b1817b11,4K3/8/4k3/4B2Q/8/8/8/8 w - - 0 1,2,Tivadar Kardos
da40306c,6rb/3N4/3p1Rpp/R7/3Nk3/5n1B/2P3Qn/K2b2B1 w - - 0 1,2,Percy Francis Blake
91f589d8,4n3/5p2/3p2PB/Rb1Bk1r1/1N4P1/2pPP2r/4K2N/5RQ1 w - - 0 1,2,Kenton Chambers
554c9a6f,4br2/1R1qPk2/2PP4/4QP1P/p1NK4/1B6/5R2/B7 w - - 0 1,2,László Zoltán
874f2c51,k4B2/5P2/Kp6/8/8/8/1Q2r3/8 w - - 0 1,2,Алексей Всеволодович Ивунин
cdbfdd43,n7/8/1p1QpN2/4p3/2p1P3/p3kNP1/P3Pp2/1n3K2 w - - 0 1,2,Sándor Hertmann
7364c6c5,8/1n6/1R6/n1pp1N2/2kP1p2/1rPp1Rp1/B5K1/2Q5 w - - 0 1,2,Kristaps Vīkšņa
2c7b450c,8/2BK2N1/1PpNQ3/2kq1bR1/P7/2P2B1r/8/1R6 w - - 0 1,2,Моисей Борисович Нейман
6d192d78,KNkB4/1p1N4/1Q1P4/b1n5/1p2r3/8/5q2/2R3RB w - - 0 1,2,Николай Осипович Долгинович
329d6c85,2r3n1/p1B1P3/4QP2/3pKp2/4B1p1/1N2k2r/2P1PRR1/8 w - - 0 1,2,Василь Васильович Дячук
3238c79b,1N4bK/1R1r2rp/QN6/1pk1B3/1p6/8/8/7B w - - 0 1,2,Jacobus Haring
0c17e3cc,8/n7/1p1B1p2/Np2Pp2/PN1k1KP1/3BRp2/p1Rr4/nb5Q w - - 0 1,2,Robert A. Colville
beb35f75,7Q/B2r4/p1R1n2b/K1p1n2r/1pNkB3/4pP2/5P2/2RN4 w - - 0 1,2,Александр Николаевич Панкратьев
d5beb9fc,4K1N1/8/6N1/7k/7P/6p1/8/Q7 w - - 0 1,2,Євген Григорович Марінов
c82d9c08,3B4/KN6/2k3N1/P6R/p3P3/q1pR4/8/8 w - - 0 1,2,Efrén Petite
62e727e0,8/5p1B/1p3p2/1Rp2P1R/2K1krp1/2Pp1bB1/3p1Q2/3N1nN1 w - - 0 1,2,James Francey
1301d2df,2K2n2/2P1R1p1/6p1/p2ppkP1/r6R/4PB1N/b3Q3/b2qr3 w - - 0 1,2,Arnoldo Ellerman
fe78d6b9,6n1/4P3/2PK2pB/4p2P/3pkn2/8/5R2/Q2R4 w - - 0 1,2,Udo Degener
8e3a51f0,3R4/n7/K1k1Pb2/1p1p3r/1P6/5QB1/7n/8 w - - 0 1,2,Аркадій Гнатович Музыка
4611552d,B4N2/3pn1q1/2bpr3/Rn2kpB1/7N/2P1pR2/7b/1Q5K w - - 0 1,2,Arnoldo Ellerman
199a2200,2Q2b2/6p1/N2p2N1/pp1k2p1/2p4p/RpB2PnP/6K1/1B6 w - - 0 1,2,John K. Hanshew
5f1fa34e,5Q2/8/1K6/3pk3/R2pB1P1/8/5P2/8 w - - 0 1,2,Sophie Schett
5a758fc4,8/2pBp3/3p4/3k4/7Q/8/3K4/8 w - - 0 1,2,Микола Олексійович Пархоменко
e4ceb3f0,4N3/2K5/3N1Q2/pBkP2R1/r1Pr4/8/6bb/1R6 w - - 0 1,2,Lajos Bukovinszky
eb70b6c1,4R3/8/2p4K/ppPkp3/2R5/N2n3p/Q6r/4bBBq w - - 0 1,2,Comins Mansfield
622ac014,8/1R1N4/2PpP2r/1PN3Q1/1pk4r/1RP5/KnB1P3/5b2 w - - 0 1,2,Zoltán Labai
3fcd2e41,B2Q4/5p2/2P2Rr1/3p1N2/4kpp1/4PN1r/2K3p1/2b1R3 w - - 0 1,2,Владимир Ильич Трояновский
84c53e47,1Q6/8/3n1N2/2p1k1p1/5RB1/8/4K3/8 w - - 0 1,2,Albert Stabenow
ff3c0d2d,1N1B2B1/pN3rp1/4k1p1/4b1Rr/4b3/2PpQp1p/8/4RK2 w - - 0 1,2,Alexander Kish
a1a22a0a,8/K7/Q7/4N3/3k4/8/5R2/3N4 w - - 0 1,2,Oskar Birchmeier
8035b021,8/8/8/2Q5/8/8/3pp1Kb/3Bk3 w - - 0 1,2,Николай Павлович Харчишин
716846df,4K1BB/p7/Rb3p2/4kN2/1P1NP2p/8/3Q2b1/6n1 w - - 0 1,2,Alois Nagler
4b160d26,4K3/8/4N3/3k4/2N3P1/8/7Q/3B4 w - - 0 1,2,Андрей Николаевич Дикусаров
7ae62e61,4Q1B1/2p1P3/1q1B4/4pr2/1N1k4/1PpNnP2/4K3/8 w - - 0 1,2,Semjon Shifrin
93299174,7B/8/5P1p/R3q2P/2R1NkBp/2n2P2/1Qbr1p1K/3N1r1n w - - 0 1,2,Arthur Goodwin Stubbs
b8021443,8/5b2/8/2b3B1/1p2p3/8/1RPPk1Kn/1Q6 w - - 0 1,2,Юрий Акимович Сушков
c9ddcb1a,4Q3/3Kn3/6P1/1p2P1P1/4kNBR/4Pp2/2P2P2/8 w - - 0 1,2,Baruch Lender
f222d4d5,kB6/p7/8/N6R/8/2P3r1/6RP/5nKB w - - 0 1,2,Cyril Henry Stanley Kipping
57de7268,5b2/P4Np1/5PK1/2ppN1P1/4kpP1/1BQ5/1p1nPR2/1qBR1n1b w - - 0 1,2,Евгений Васильевич Фомичёв
899d4530,1Q6/2N1kP2/8/5K2/8/8/8/8 w - - 0 1,2,Paul Stöhr
1f71b202,7n/8/npNPBKp1/2pq4/P1kp3R/1rb3BQ/P3PNpP/2R5 w - - 0 1,2,Alexander Pituk
87515fd3,3n4/8/1R2q1p1/p3Q1nr/N1k3pp/Pp2KN2/3P4/1rb4B w - - 0 1,2,Johann Viktor Ulehla
1f55079c,5bn1/3NpbqB/7p/3P1p1P/RQP1k3/K1p1P1R1/1P2P3/5N2 w - - 0 1,2,Arthur Robert Baker Charlick
1d58bf75,BB6/1K2pbpq/2p1P1r1/R1Pkp1P1/3N2Q1/nP6/n3P3/6b1 w - - 0 1,2,Сергей Петрович Абраменко
5b8ca0dc,8/5Pn1/1p4p1/1kNKQ2q/R3p3/1PpN3p/1b2B3/8 w - - 0 1,2,Harri Heikki Veikko Hurme
ffa43842,5K2/5np1/7k/7N/6QP/8/8/8 w - - 0 1,2,Rosario Notaro
9fa27d4c,NrBN4/8/P6R/pk2b2K/p1p4p/P3B3/3r1QPq/3R4 w - - 0 1,2,Mihail I. Stan
bbc2342a,8/8/4Q1p1/6P1/1p1B4/3kP1n1/8/Rb1BK3 w - - 0 1,2,Odette Vollenweider
a01976d7,6kq/4Q1pR/8/6K1/4N3/8/8/8 w - - 0 1,2,Erik Poulsen
96825f9f,4nR2/8/3qp3/1pp3p1/4k1P1/1Q1N2pK/8/2N3B1 w - - 0 1,2,Joseph William Abbott
e5980261,r3k1N1/Pp4KQ/1P1pP1p1/3RP3/8/q6p/5b2/5R2 w - - 0 1,2,Бошко Милошески
5a7599a1,N1k5/K4R2/pP3B2/r4p2/2q5/1pR1b3/1Q6/1Brb4 w - - 0 1,2,Леонард Ильич Кацнельсон
5bfac176,1K6/8/1N2p3/8/Q2p4/3k1BR1/2prnp2/3b4 w - - 0 1,2,Oswald Jarosz
f78812d6,5K2/1P1BP3/5p1Q/7N/2pPk3/R1p1P1bR/4pqp1/4N1B1 w - - 0 1,2,Francesco Somma
90308796,8/6p1/4Kp2/2B3bN/1Nppk3/2Q2n2/3R4/8 w - - 0 1,2,H. S. Pike
277b496d,5R1N/2r3r1/3R4/b3k1n1/1B3n2/4N2q/2B3Q1/Kb6 w - - 0 1,2,Carl Kaps
72866aa2,1k6/1P5n/1P4p1/N2pK2b/5p2/5P2/7Q/3n4 w - - 0 1,2,Stanislav Juříček
edeaada9,8/2p4K/2p3B1/Q3P1kN/5b1p/4rP1n/4bN1R/6n1 w - - 0 1,2,Manfred Stange
0b0ed958,8/8/8/1r6/N2p4/1Q6/pqRK4/bk6 w - - 0 1,2,Василь Юрійович Марковцій
26022114,3RQ2B/4KP2/1pN5/1pp4p/2k1Bp2/R7/1P1p2b1/2rqn1n1 w - - 0 1,2,Daniel Papack
d00f3b88,1bNn1B2/nr6/Kp4R1/1p1k1r2/p2p1P2/1p4N1/B3Q3/2R4b w - - 0 1,2,William Atkinson
2ba73c17,1Nb5/1pK3p1/3R4/2p1kP2/3b1p2/4N2R/1B5Q/7B w - - 0 1,2,Henry Hosey Davis
9609d2d0,1n3BB1/R1p5/1N2pkp1/6p1/5pPb/5P2/2P5/1K5Q w - - 0 1,2,David M. Howard
be0abc03,q7/1PpN1n2/2B5/1N6/1bkB2R1/1p1n3Q/7K/1b6 w - - 0 1,2,H. K. Whitner
f32b37ea,5nb1/ppQ1p2P/rp5n/3kP2r/3N3b/4BP2/1PR2P2/1B1K4 w - - 0 1,2,Zoltán Labai
bf8fdd16,4Q1b1/8/N2N4/8/8/pk6/8/2K5 w - - 0 1,2,Robert A. Lincoln
ff8b0f82,n1R2r2/2qpB2p/1p3p1Q/1p5N/pR3p2/2k5/2Pp3K/3B4 w - - 0 1,2,Вадим Петрович Моисеев
3c44bc46,8/2n5/5pp1/R1B1bpP1/1Np1rkPQ/2pRpP2/2B1K3/8 w - - 0 1,2,Peter Gvozdják
df53144f,8/4p1K1/2R1Bp2/1P2kPB1/1P3p2/5P2/8/8 w - - 0 1,2,Fritz Emil Giegold
281ca9f7,2n4r/1rpR4/p1PNk1qQ/R2NP2b/1p4P1/8/1n5B/bK6 w - - 0 1,2,Torsten Linß
62926ab7,4QK2/5n2/pprR4/2k2N2/b7/2P5/1P6/8 w - - 0 1,2,Bohuslav Přikryl
6f7b32da,N7/1p1B4/q1rpp3/P1k1P3/3RQ3/3p4/3P4/2K5 w - - 0 1,2,Eustachy Wolański
2b5b6ebe,8/6pN/4K2p/2p5/2Qpk3/2P2pP1/3P4/8 w - - 0 1,2,Jenő Csontos
1d2a7605,3B4/1N1p4/P1kP1Q1K/1pPr2P1/4R3/1B2P3/8/8 w - - 0 1,2,Bjarne Blikeng
a5f605d2,K7/8/2B1p3/2B1N3/2p2N2/P1kn1n1R/1R6/Q3bq1b w - - 0 1,2,Jan Arnold Willem Swane
de99e2f8,8/1N1R4/1p6/4p1RN/3nk3/Q2p1p2/b1p2K2/b3nB2 w - - 0 1,2,Александр Николаевич Варицкий
ca258ea5,3RK2n/7N/p1P5/R2BkP1Q/4r3/2p2r2/1q4N1/2B2b2 w - - 0 1,2,Raimondas Senkus
1e90570a,Bk5K/3P1pPp/2Pq3r/Q2Nr3/3b4/6B1/8/8 w - - 0 1,2,Ferenc Fleck
4601584a,8/1p6/6K1/6p1/QN3kr1/2b2Pr1/4R2P/7b w - - 0 1,2,Владимир Григорьевич Попонин
837e40ca,3b4/1pp1pP2/2Pk1r1R/2R1N1p1/3N2P1/3B1p2/1K1Q3B/8 w - - 0 1,2,József Szöghy
9f171b04,6n1/3B4/2Np4/3k2p1/3P1pN1/3P1K2/8/8 w - - 0 1,2,F. T. Vance
c9559267,1b2Q2r/N1N1BB2/p2K1p2/p5P1/1k6/r1p4R/p7/8 w - - 0 1,2,Fernand Joseph
7badb040,8/4k3/3Np3/4Q2B/8/8/6K1/8 w - - 0 1,2,György Honfi
f846bf44,8/8/6K1/7R/5Pk1/2Q5/3n3b/8 w - - 0 1,2,Eugene Beauharnais Cook
6055254d,5R2/5nr1/4Q1p1/4P3/KR1bk3/4pnB1/2Ppp1B1/8 w - - 0 1,2,Züleyxa Eylaq Eyvazova
9f60fa66,3K2b1/7n/2BR2p1/N3k3/4N1P1/1n4p1/5Q1b/6B1 w - - 0 1,2,Andrew Bolus
ca45af7b,1B1K1Q2/2R1R3/1P3P2/8/nN1k1Nn1/3p4/1pPPPp2/2r1r3 w - - 0 1,2,Einar Wennick
906d099f,4k3/1P5P/8/4K3/8/8/8/8 w - - 0 1,2,Franz Dreike
b96183b0,2B5/4pp2/2p3q1/2p1kr2/2P1N1b1/2p2pNp/5P1B/QK1R4 w - - 0 1,2,Antonio Fernandez Argüelles Ferrer
0736a19b,4BB2/1K1P4/1n1Pk1P1/bN1R1p2/4N3/1prpn1r1/8/6qQ w - - 0 1,2,Allard Pieter Eerkes
3477ccd7,1b2B1N1/5N2/4kB2/3q2p1/3pP1P1/7Q/4R3/5K2 w - - 0 1,2,Mads Arthur Valdemar Madsen
5f23e05b,1B6/1QK5/3r4/2ppk1p1/p4RB1/b1Pp4/1n1P1N2/3n4 w - - 0 1,2,William R. Todd
760550d5,7B/1KN1Pp2/pP3n2/3NR3/1QpkBP2/3ppPP1/2p4R/1bq1n3 w - - 0 1,2,Сергей Гарибович Хачатуров
cd685ee8,8/8/5n2/5p2/5N1K/5k2/B2Q4/8 w - - 0 1,2,Peter R. Jaeger
a3293d8f,3RK2b/1p3P2/3RN1Q1/1p1Bk1N1/r6r/1p1nB3/6p1/1b3q2 w - - 0 1,2,Юрий А. Павлов
1b254223,1n6/3R4/BB2p3/4p3/2PPP3/R1pk2N1/5P2/2K5 w - - 0 1,2,John Michael Rice
5a9382bf,8/4B3/4B3/4k3/4p3/1Q6/8/4K3 w - - 0 1,2,Antal Miskolczy
c2979a64,5bn1/8/4Q2q/2P1Pp2/4k1p1/2KRNrB1/b1P3nr/5R1B w - - 0 1,2,Wilhelm Ferreau
8d19652a,7B/7Q/8/8/3N1k2/8/8/5K1N w - - 0 1,2,Вячеслав Павлович Антипов
e3a2afe0,6NR/p3p1P1/P3Np2/Q2B1K2/p2p2P1/B2P4/1PP1P1qr/4R1rk w - - 0 1,2,Christopher Jeremy Morse
056662a0,8/3n4/ppQ1B3/8/1k6/8/1K6/8 w - - 0 1,2,Яков Георгиевич Владимиров
40b1109a,1b6/p4pP1/3pN1p1/5kP1/qP3P1r/3P2RP/n1Q3B1/r2NR1Kn w - - 0 1,2,Василь Васильович Дячук
45c62dc6,8/kBK5/r7/P7/N7/8/8/8 w - - 0 1,2,Артур Теодорович Гарцер
b151da9f,8/1BK5/3Rpp1N/4kP2/3p3R/2P2nP1/b2N3n/4q3 w - - 0 1,2,Николай Павлович Зелепукин
1c4cf3c9,3nQ3/7B/p7/6b1/2pP4/6N1/N1PPP3/K2kB2R w - - 0 1,2,Horst Böttger
0dd33cf1,5nBB/2p5/2pp1P1N/4kN1p/q4p2/2pQ1P2/b1P5/b5nK w - - 0 1,2,Allard Pieter Eerkes
02e87226,3r4/3NP1B1/bPQb2p1/3K4/1p4Bp/1P1kpN2/4R1R1/n6q w - - 0 1,2,Марјан Ковачевић
98f3051f,4R1n1/1b2n3/8/2B3R1/5k1P/2PP3P/4pr2/K3N3 w - - 0 1,2,Леонид Григорьевич Искра
d90eed88,3K2b1/6P1/2NP4/P6R/pbkp4/2rN3R/P1p1Pp2/2Qnq3 w - - 0 1,2,Яков Петрович Урсегов
73c638ad,r6b/2R1P2P/1B1P1p2/3k4/2N1bQB1/q3PNK1/8/8 w - - 0 1,2,Karol Mlynka
aea0815d,8/8/6p1/5p2/8/5K2/2P4p/Q1R3qk w - - 0 1,2,Johannes van Dijk
72608ef8,5R2/3P3K/3p1Np1/n2P1k2/4R1pp/3p3P/8/Q1B2br1 w - - 0 1,2,Вячеслав Карлович Пильченко
b4c5f5f1,7K/2p2Q2/P1kP2N1/Pp6/1P1p1pb1/1NbR1n2/3qP1BB/2R5 w - - 0 1,2,Ottavio Stocchi
0e060505,6b1/P1PKQpp1/1P6/1npkp3/1Rp3N1/1RBrbnN1/4P3/q7 w - - 0 1,2,Драган Стојнић
9e166d0c,8/8/3Q3K/5p1p/3P2k1/8/6P1/8 w - - 0 1,2,Zoltán Németh
afbaa930,2N1n3/4Pk1K/5b2/8/P3Q2P/3N1p2/q7/3B4 w - - 0 1,2,Donald Mackay
f1587403,nNN3QK/n3p1p1/4p1P1/ppk5/3q1p2/pBb5/P7/2R3B1 w - - 0 1,2,Gijsbertus Jordan
fc00e81c,1K1k3r/2N5/3B4/rP1B2p1/8/8/P7/3R4 w - - 0 1,2,Hieronymus Fischer
04b816a4,7q/8/4p1B1/5RP1/3Bk3/6P1/2P1N3/K3Q3 w - - 0 1,2,Godfrey Charles Quack
4c94a1ca,1q1r1b2/1n4n1/Q3pR2/2Pk2N1/N3R3/4p2b/8/K7 w - - 0 1,2,Artúr Berg
e2a8fe6a,2N5/b1R1p3/2P5/1nkP4/pp3N2/1Pp2PQp/5Kb1/4RBB1 w - - 0 1,2,Leopold Mieczysław Szwedowski
4441c9cf,k1K5/2p5/8/B7/8/8/8/3Q2b1 w - - 0 1,2,Werner Speckmann
b3b15362,Q1N5/2p2Rb1/B3P3/3p4/2r1kPK1/R3Pp2/NBPn1Pn1/8 w - - 0 1,2,Stanislaw Gebura
90306290,2K2R2/1N6/Q1B1kB2/4Npp1/3p3b/2r5/1n2b3/2B1R3 w - - 0 1,2,Семён Семёнович Левман
df2a0f2e,4b1Nr/4PP1k/2q2R2/3p3K/6R1/8/8/8 w - - 0 1,2,Іван Васильович Токар
dac609ad,B1Q5/3K4/3P4/1p2p3/1p1k1p2/pP3p2/P1P2P2/2B5 w - - 0 1,2,Дмитро Михайлович Грінченко
506c9407,1r1R4/3b4/1p1Q1p2/3P1p2/2Nk2p1/1p1P2p1/4R1K1/1B2B3 w - - 0 1,2,Zoltán Labai
592fa3e4,2R5/8/2N5/2B3p1/pK3p1r/7p/Bp1R2bb/1Nk2nQ1 w - - 0 1,2,Cornelis Goldschmeding
72618dfb,2b4B/2N2n2/4p3/2b3p1/1r2kPB1/1pQpP3/5P2/7K w - - 0 1,2,Milan sr. Nemček
d4d7e258,7q/1Np3B1/2p2r2/nBR1b3/3kp1Q1/R4r2/5P1p/n2N3K w - - 0 1,2,Arnoldo Ellerman
7ef00214,2k1K1R1/1q6/2P5/2Q1B3/8/8/8/8 w - - 0 1,2,Robert A. Lincoln
91e383e6,1Nqn3b/p2Nr3/P3pR2/1QBk4/5P1p/2KB3r/bR5n/8 w - - 0 1,2,William Bayard Rice
85dc854c,3R4/Br1P3K/6p1/r2k1qQp/1pNN1Rp1/1P6/6n1/8 w - - 0 1,2,Jan Hartong
e2e46ecf,K2Rb1q1/Q1b1B3/n5P1/4k2n/1N1NB1R1/3p2p1/5P2/3r4 w - - 0 1,2,Arnoldo Ellerman
ca5eda07,3Rr3/1KQ1p1q1/4P1p1/1P1P2P1/1P1kP2p/2N1bb2/B4n2/B3N3 w - - 0 1,2,Anatol Felix Ianovcic
2da20808,2K5/8/8/2BkNp2/P4P2/2pN4/2B3P1/8 w - - 0 1,2,László Lindner
0ea6c2c8,2R2B1K/1p6/qP2Np2/br1k1P2/p4P2/1n1pR3/Q4nb1/8 w - - 0 1,2,Ottavio Stocchi
6ab36862,1b1r4/4n3/p4N2/p5Q1/2p2p2/1PBkp1n1/N7/1K1B4 w - - 0 1,2,Марк Борисович Басістий
b387f3f7,Q2R4/3P1p2/5p2/Bp4N1/3k1r2/1P1N4/1P3Ppr/R3Kb2 w - - 0 1,2,Валерий Юрьевич Шаньшин
9cc7cd61,5n2/8/8/2pNkP2/2K1NpP1/4bP2/6Pq/7Q w - - 0 1,2,Моисей Шлёмович Розенталь
9c092625,1NK3Q1/kn6/8/1P6/8/8/6B1/8 w - - 0 1,2,Анатолий Яковлевич Кириченко
c7449609,B6B/1b6/4r1p1/2pN4/2k2nKR/4p1n1/7b/1Q1R4 w - - 0 1,2,Camil Seneca
1dd79882,2R2B2/2p4r/6Qp/3k4/1PN1r3/5n2/K1N1P2n/7B w - - 0 1,2,Burney Means Marshall
2bd1c5af,B2b4/BR1Pp3/6rr/1PNk4/1PppNPP1/8/6P1/1nKR1Q2 w - - 0 1,2,Rafael Candela Sanz
2bafd5ce,Rbb3K1/BNP3p1/k1N1n3/1p2p3/r7/8/1q1Q4/8 w - - 0 1,2,Blažej Střítecký
946c8584,R1N5/8/B7/k1nqR2Q/4p3/2P5/1P4P1/7K w - - 0 1,2,Čeněk Kainer
465ebd14,1B6/5B2/8/8/4kp2/8/3K1P2/Q7 w - - 0 1,2,Александр Васильевич Пикулик
8b46b7ab,3qN3/4Q1B1/4p3/1r6/2B1kPP1/3pP3/2P2K2/b7 w - - 0 1,2,Georg Niestroj
313332f8,3Q1R2/3N2p1/2Bpbr2/1qpn2p1/Rb3kP1/1nN2P2/3rpPP1/2B1K3 w - - 0 1,2,Cornelius J. Taale
0f27c1af,2Q5/1p3B2/n1q1N3/1R1N4/2k5/P1p1BK2/4P3/8 w - - 0 1,2,Marc Benoit
cca28cf5,5Bbn/4K3/4R1p1/3BN1Q1/5N2/R1b1k1P1/3pp3/3n1rr1 w - - 0 1,2,Murray Marble
0cfe0176,3R4/1Bpb1PN1/r1rB1Q1K/1n1k3p/2np4/bN1Pp3/6P1/7q w - - 0 1,2,Tibor Feldmann
91504adb,3N1Q2/4r1q1/B1Pp2p1/3kn2N/2R2pr1/B4P2/1R6/K4n2 w - - 0 1,2,Валерий Михайлович Шавырин
8977a39f,R6K/8/1pP1Q3/1kN1p3/1P3b1R/n3P3/3B2n1/7B w - - 0 1,2,Dieter Müller
5bf2800d,2N1q3/B1p1bp2/8/1P1kPB2/1p1ppPN1/1P5Q/K2n4/7b w - - 0 1,2,Wilhelm Hagemann
6711f2c1,4k2r/5p2/5Q2/8/8/8/8/R3K3 w - - 0 1,2,Knud Harald Hannemann
21c85bb2,1b6/1n4n1/b1pp4/2P2p2/1pk5/3R4/3PQ1PK/5BB1 w - - 0 1,2,Johannes van Dijk
935929bc,3B4/4R2p/8/5k2/2N5/1K3B2/2N4P/8 w - - 0 1,2,Friedrich Capräz
b78f84a6,3r1n1B/3Qp3/4P3/q2n4/1p2kPB1/R1r2pK1/R1N2p2/5N2 w - - 0 1,2,Ľudovít Lačný
7568c325,2R3B1/8/pP4R1/pkNn3r/8/KPp4r/8/8 w - - 0 1,2,Gábor Tar
36284fc1,Q1N1N1Bn/1r3r2/b7/1Ppk1P2/R1pnp1K1/1p2bp2/1B1Pp3/2R5 w - - 0 1,2,David Hjelle
2411c17c,8/2p5/Q3p1N1/3k4/N7/3K4/8/8 w - - 0 1,2,Robert A. Lincoln
bc50e486,nN6/rp4K1/pk1B2R1/p3R3/P2rP3/3p4/1b3Q2/8 w - - 0 1,2,Joe Bunting
b73d7991,8/BpK1pR2/2p1Q3/4P1r1/1p1Nk3/3N1nPB/2n1PP2/2b5 w - - 0 1,2,Исаак Шулимович Бирбрагер
411343e9,4RB2/1Kp2pP1/1prPPp1q/3k2n1/2p2P2/Q1P4p/2NP4/4R3 w - - 0 1,2,Ігор Петрович Ярмонов
f95af9e7,2B5/1KP3p1/3pP1P1/RNpkN1r1/2pP3R/P2pp3/5Q2/1n4n1 w - - 0 1,2,Вячеслав Карлович Пильченко
b4bfb288,3K2k1/5N2/7B/4P3/8/8/6B1/1R6 w - - 0 1,2,Zoltán Labai
795645c2,6Q1/5p2/8/1B6/2p5/1k6/2N5/1K6 w - - 0 1,2,T. K. Wigan
c70a9a76,5b2/B4p1q/p1B2Nn1/PN4p1/RPkpR2r/Pp5r/3P2n1/1Q4Kb w - - 0 1,2,Lőrinc Bata
703f9cba,4b3/4P3/3RPp2/ppBNkB2/8/3KPRpP/6Pr/4N3 w - - 0 1,2,Mikhail Satanovsky
1e3f4cf2,8/8/p7/kp2K3/p2B4/8/6Q1/8 w - - 0 1,2,Hans Petter Bie
3c33ef26,3b4/8/8/8/B7/5R2/5K1p/7k w - - 0 1,2,Michael Schlosser
d39aedbb,8/1B1p2Q1/4k3/8/5P1N/7K/8/8 w - - 0 1,2,Михаил Александрович Чернушко
e7f4bd0a,q5b1/b1N5/R2N1p2/2Brk1p1/2P2pP1/3pP2Q/K7/8 w - - 0 1,2,Anton Bidleň
cab91e8a,8/6B1/1N1p4/p1p2PKN/2p1k3/R1n4R/pQr5/rb6 w - - 0 1,2,David J. Shire
c66bcf98,8/1B1b4/1N1p4/Bk3qRr/1P2Nb2/K1Q4r/3R4/8 w - - 0 1,2,Oscar Bonivento
2c6b7722,8/k1K1P3/8/8/8/8/8/8 w - - 0 1,2,Albert Heinrich Kniest
8d92c79b,3r1R2/2N1pb1B/8/3R4/Q1nb1k1P/p3rp1P/K3pB2/4n3 w - - 0 1,2,Robert Fontana
86645416,R1K1kb1N/2Pn1Rp1/1pr5/2p1p3/B4PQB/7b/8/3r4 w - - 0 1,2,Walter William Jacobs
5747ff92,1B6/1N2bn1B/6r1/5P1R/Qn2kP2/1KPR3b/2P1N3/8 w - - 0 1,2,Georges Mathieu Fuchs
8314d000,2Q3b1/q6r/3bn1B1/R7/4n1kp/p1p1p2N/K5P1/4BN2 w - - 0 1,2,László Lindner
413b8b95,5Q2/8/3RPK2/3P3b/1PpkPR1p/2n1p2q/2P5/8 w - - 0 1,2,Walther Edouard Preiswerk
792e90df,1q2B1b1/1PP3Pn/r1P1kP1n/3N1R2/1BR2K2/5p2/4r3/8 w - - 0 1,2,Emilio Battaglia
345aecf9,1B1R3b/PB1n1r1Q/1PPnp3/3k2p1/R7/qP1N4/2r1NP2/3b2K1 w - - 0 1,2,Gerhard Paul Latzel
d9839dd0,1Q1R1K2/8/1NR1P1p1/3P1bN1/1p1k1p2/8/3nPPr1/bq2B2B w - - 0 1,2,Erwin Groß
2f4fe472,4R3/b3q3/3r1n2/6Qp/2N1kNb1/2P2RP1/5p1K/5B2 w - - 0 1,2,Sven Johan Adrian Ekström
53155abd,6b1/8/R1r5/3k4/1b3PQ1/1P2BKn1/2P5/8 w - - 0 1,2,Zsigmond Schuster
51130537,7N/5N2/3Pk3/6KR/Q7/8/8/8 w - - 0 1,2,Ernő Szentgyörgyi
412a20e9,8/8/4nB2/8/3P4/2K5/p1B5/k7 w - - 0 1,2,Віталій Нестерович Столяров
e4870b7b,8/pK3B1b/R2B1p2/3N4/2k1q2R/1pp2N2/3nP3/5Q2 w - - 0 1,2,Arnoldo Ellerman
fcedc524,N1rR4/1p2Qp2/1PkP1nq1/7r/P2p4/BP5b/2N3R1/1K5B w - - 0 1,2,Jan Hartong
4eb65fdc,K7/Q7/8/6p1/R2N2N1/1p1k1P2/2pqp3/2nnB3 w - - 0 1,2,János Kiss
16218817,4R2B/3n1B1n/b7/r4k1r/qQ6/bN5N/5K2/4R3 w - - 0 1,2,Peter Gvozdják
8d87ce09,8/3N4/4p2p/4PkpK/6p1/4Q3/p1b2B1b/q4R1B w - - 0 1,2,Herbert Siegfried Oskar Ahues
69687c05,4R3/p3n3/1p1Q1p1B/1N4q1/4p1pp/3pkP1b/6B1/3K1R2 w - - 0 1,2,Анатолій Григорович Василенко
3a904520,6q1/p1NR4/2Rn3p/3p2r1/2PkP1BQ/1p1p4/1K1N1P1B/4nr2 w - - 0 1,2,Rainer Paslack
c32afe74,5nK1/8/3b1k1p/Q3R3/2R2Np1/3pN3/6r1/1b6 w - - 0 1,2,M. Georges Mathot
cf3b0017,R7/7B/8/1Pp5/Kp6/8/k7/B7 w - - 0 1,2,György János Andor von Spóner
cbc9282e,1Q2N2B/8/2p5/3p1p1B/K2Nk3/p4Rq1/Rb3P1n/7b w - - 0 1,2,Albert Dietrich
e9a8faf7,4Qn2/b7/b4pN1/3k3n/2rp4/B4N2/5R2/3R1BK1 w - - 0 1,2,Dieter Müller
6ef3ae59,nR3B2/Pr2p2K/1kN1Pp2/1P3N2/2PP4/8/8/8 w - - 0 1,2,Евгений Фёдорович Балашов
5a775cbb,4R3/3p4/4b1N1/2p4r/3BkPP1/1Q4p1/K2R2r1/1N2n2B w - - 0 1,2,François Michel
da970fbf,3n4/4N2k/5Bb1/8/1Qn3N1/8/B6K/8 w - - 0 1,2,Franz Pachl
a88d03ae,3K4/1p6/1NB5/pp1QN3/pk6/1n2B3/RPP1n3/r2q4 w - - 0 1,2,Abdelaziz Onkoud
2af83d58,1nbR4/R1PPk3/3q3B/2Pp2N1/6rN/6pB/6K1/8 w - - 0 1,2,Herbert Siegfried Oskar Ahues
7533a224,8/8/p4p2/Pp1ppP2/1Q1PkpBR/P6p/2PP3K/8 w - - 0 1,2,Johannes van Dijk
2b5870ea,8/8/1k6/R7/2K5/2Q5/8/8 w - - 0 1,2,Karl Lorenz Jesper Jespersen
e00e5f83,6B1/1n3q2/2p2N2/2pR1N2/P1k1b3/P7/1K6/5n2 w - - 0 1,2,Adolf Ringier
dfab5268,2Q5/2pn1p2/P1Rb1B1p/3kpR1K/4N3/5B2/8/5N2 w - - 0 1,2,Peder Andreas Larsen
030c0a07,kB3Q1K/1p1N4/N7/1n6/2n5/8/8/8 w - - 0 1,2,Karel Sobek
ef1ec749,8/8/8/3p4/3Q4/N2K4/k7/8 w - - 0 1,2,Володимир Леонідович Карпенко
e48422b0,2Q5/1bNP4/2pB1nK1/3B4/nr1k1p1b/2p5/2P1RN2/8 w - - 0 1,2,Byron Zappas
102c3766,4rb2/4p3/R2B4/1r1p1N1R/2P1kp2/1p2p3/2n5/1B1Q3K w - - 0 1,2,Hans Vetter
0fa00b37,7B/5NR1/b2p3N/7p/5k1p/8/3K4/7Q w - - 0 1,2,János Kiss
131e3e86,8/3p4/4N1K1/4k3/2Q4p/5n2/8/6B1 w - - 0 1,2,Jiří Chocholouš
ee84cdab,NB6/1p6/k7/p7/4B3/2K5/5P2/Q7 w - - 0 1,2,Петро Андрійович Крепко
6effdbc6,6rB/3N1Br1/8/8/3kp3/6Q1/1P1nP1K1/8 w - - 0 1,2,Lajos Riczu
38c17621,8/1n1R4/1K1b2p1/4pbB1/1p1k4/1BNp4/3R4/Q1N3n1 w - - 0 1,2,Robert Gavin Thomson
b778e752,8/2N4K/8/5kN1/4R3/3n1b2/1Q6/2B5 w - - 0 1,2,Otakar Kunětický
0922c65a,2q5/1NpBnnB1/R7/1ppk1P1N/1b4R1/1P6/3P3K/7b w - - 0 1,2,Herbert Siegfried Oskar Ahues
b476b210,3rb3/N7/2p4Q/2p1n2n/3k1p2/8/3BR3/K1R1N3 w - - 0 1,2,Емил М. Георгиев
03aca61e,8/4ppQ1/3P1P1p/1K1k3N/6B1/4P3/1BP5/3N4 w - - 0 1,2,Frederick E. Gamage
54dc0791,3R4/8/2p1p1K1/Q1PqP2R/2Nk1p2/4p1n1/1PPNp3/8 w - - 0 1,2,Comins Mansfield
f9f0998c,3rb3/1N4Q1/2Pppr2/3k4/R2N4/K4PPp/6B1/3R4 w - - 0 1,2,Fritz Hoffmann
a921d10d,1b1Q4/7b/8/4p2q/3p3r/2R2B1p/1K1k4/3N3R w - - 0 1,2,Elios Camponovo
c1381e64,R7/6pp/6kN/8/4P2K/8/1pPB4/rB3R2 w - - 0 1,2,Роман Федорович Залокоцький
379894ed,8/8/8/6p1/6pk/2Q4N/8/3B3K w - - 0 1,2,Станіслав Васильович Кириллов
aaded64f,8/2R5/8/4k2N/3N4/8/6QK/8 w - - 0 1,2,Александр Николаевич Панкратьев
c021a7a8,1b4r1/6Q1/3R4/5B2/K7/2Nb1np1/1BNkPR2/8 w - - 0 1,2,Christopher Jeremy Morse
4bbad3aa,6B1/2R5/5P1Q/3PpP2/1K1pkB2/R6P/8/8 w - - 0 1,2,Иван Иванович Антипин
9c7e9dc6,8/5N2/2p2p2/2p1pPP1/2pk4/7B/4Q3/K7 w - - 0 1,2,Срђан Светец
09ab815d,8/1nK5/b7/1k6/8/8/1NPQ4/8 w - - 0 1,2,Владимир Анатольевич Сучков
a9bd6b09,5K2/2pQ4/3p4/3kp3/8/1p1NPP2/1P1R4/8 w - - 0 1,2,Ladislav sr. Salai
041621db,1bN2N2/6p1/KBk1P3/p6r/3P4/1B2n3/8/8 w - - 0 1,2,Валерий Фёдорович Фригин
e5df2553,8/8/8/1p5p/1P1R3P/2P1pk2/6p1/4Q1K1 w - - 0 1,2,József Teiner
04e34c4f,1n2rb2/KR3pq1/2pB4/4Q2r/2Np4/2kP1N1b/1p3n2/1B6 w - - 0 1,2,Herbert Siegfried Oskar Ahues
3dc36f56,8/3Q2b1/3Bp2p/1r5p/4k3/R7/B1N1K3/8 w - - 0 1,2,Arthur Willmott
58a8203c,5K1k/7p/7R/8/2R5/1p6/b7/8 w - - 0 1,2,Werner Speckmann
07c3f589,b4Q2/8/4p3/2pN4/2N1k1pP/2K5/6P1/8 w - - 0 1,2,Walter Gleave
d74caf04,8/1Kp1Qpq1/1P4p1/1P6/bp1k2r1/2N3R1/1N5r/3nn3 w - - 0 1,2,Pēteris Ķeirāns
de01c94a,4n3/2pN4/ppn5/3R4/4k3/5RP1/B4PP1/B1b3K1 w - - 0 1,2,Robert A. Lincoln
74834a5b,7n/8/K3N1k1/b4R1R/4N2p/8/6qr/1BB3Q1 w - - 0 1,2,A. M. A. van der Ven
98a03e5f,6K1/8/4Q3/8/2R5/8/k7/8 w - - 0 1,2,Hilmar Ebert
2c48ccea,6b1/2r4n/pN1PN2Q/Rr2k1n1/4P3/B2pK3/8/8 w - - 0 1,2,Светлин Иванов Шайгаровски
c315732e,6Qb/8/b1n2pNr/3P1k1P/3pr2P/3P1NBK/6P1/3B4 w - - 0 1,2,Василь Васильович Дячук
9ffa1669,8/2RBBp2/1K1PP3/1N1k4/4r1N1/1n3r2/4R3/7Q w - - 0 1,2,Barry Jack da Costa Andrade
3b1f8267,b4BR1/b1N2p2/1p1p1k1r/p7/qPPPP2P/p3p1NB/5pK1/5Q2 w - - 0 1,2,Vicente Sebastia Melis
f661771f,2R5/1Q1p4/B1NP1K1p/1NP3pP/2k3P1/Bn1n1P2/8/8 w - - 0 1,2,Ernst Baumgarten
6398d8ec,8/4Q1nK/3N4/1PpkbP1p/2r5/2p2P2/4N2q/5BB1 w - - 0 1,2,Никтополион Павлович Кащеев
b8f29160,Bb3KQB/1pRpRp2/N1PpP3/pP1k1p2/8/1P1bP3/5N2/8 w - - 0 1,2,Marcel Segers
66dafdfd,7b/5pr1/1KB5/8/1QP2p2/N1Bkn2R/6r1/6Nb w - - 0 1,2,Eeltje Visserman
223a57ff,8/8/4N3/8/8/2Q4K/r1B1p3/2k5 w - - 0 1,2,Александр Николаевич Мельничук
2b98ac7f,q1B1R3/8/4nK1p/3ppn1R/4k3/Q1b3PN/4P3/6Bb w - - 0 1,2,
92754e00,6n1/8/1KNp2P1/1ppk2PP/pp2b2R/1n4NQ/8/4RB2 w - - 0 1,2,Валерий Юрьевич Шаньшин
6225bf38,8/K1R5/4p3/2BkP2R/p1npr3/2PPP3/8/5q2 w - - 0 1,2,Felix Seidemann
ccde412b,6rB/5Q1B/n4N2/K2P1n1r/2p2P2/1pk1N1R1/4R3/8 w - - 0 1,2,Георгий Евгеньевич Бренев
289098af,3q1b2/R1npkN1P/2R2N2/rQ6/3B2pK/1B5p/8/3r4 w - - 0 1,2,Zoltán Zilahi
e93070f8,5BBN/b1Pp3p/Rn6/4kPP1/1rn2pP1/2PPP2K/Q4P2/8 w - - 0 1,2,Henk le Grand
47862bdd,2B4K/2ppqPPR/2Npkp2/3RpN2/4P3/8/8/8 w - - 0 1,2,Ernő Stark
57a8f271,8/3N4/6p1/5p2/K3pkBP/4pP2/Q1p3n1/5N2 w - - 0 1,2,Mircea Mihai Manolescu
8426ed46,7q/b7/3Q3p/2p1NP2/2N2k1B/3B3b/K5P1/5n2 w - - 0 1,2,František Dedrle
630c37f1,B7/6N1/8/5K2/3k4/8/2Q5/8 w - - 0 1,2,Lucius Mortriner
246fe507,8/Np1Q4/1PpP4/2kNK3/8/7n/B7/n7 w - - 0 1,2,Cornelis Groeneveld
b8008ac2,8/4p1K1/3pP1p1/Q4N2/2RN1k1P/4pp1P/1q2P2R/BB6 w - - 0 1,2,Драгољуб Миркаило
cc380af2,5B1K/8/1qp5/1p2p1p1/5kPP/2N5/2Nn1P2/3BR1Rn w - - 0 1,2,Miroslav Svítek
dbab6aff,8/8/8/2KN4/4k3/8/Q7/5B2 w - - 0 1,2,Васыл Бочеj
8d9b73e4,5b1K/6n1/R6p/2N1k3/2Pp1p1r/3B3q/3RP3/6Q1 w - - 0 1,2,Edgar Bettmann
77953707,4Q3/1Bbp4/1p5r/7P/2PPPN2/5k2/5N1P/2B2K2 w - - 0 1,2,Gabriel Authier
6e7873cc,5Q1K/3R2p1/2P2bP1/3PpN1R/2NPk3/1rPpp3/1P4PB/1B6 w - - 0 1,2,Ladislav sr. Salai
bda43b91,2n5/1NK3P1/B1P1pP1N/P2kp1R1/2R1p3/2pn3r/5r2/3Q2B1 w - - 0 1,2,Живко Јаневски
4121fe75,7b/p1p2p2/2Pr1nNR/3kpN1q/KP2R1r1/4P1PB/8/7Q w - - 0 1,2,David Hjelle
5c1542a5,5Q2/8/R7/8/2kB2p1/2P3N1/8/5K2 w - - 0 1,2,B. József Szabó
d1d6473f,6b1/1p1R2B1/1p4r1/1pkn1n1R/1Np1Bp1b/K1N5/8/Q7 w - - 0 1,2,Алексей Николаевич Студенецкий
f50bcc07,6R1/7P/2Np1PRr/1B1P1kBP/5n2/1p5P/1K4Qb/6n1 w - - 0 1,2,Gerhard Maleika
865165f5,6r1/1R6/3p4/p2N3Q/kN4n1/6bR/K4p2/3n4 w - - 0 1,2,Peter Heyl
b11989c5,8/8/8/3N2Q1/bK1Npr2/3kB3/5p1R/8 w - - 0 1,2,Виктор Б. Парфирьев
ae0db8c9,3N4/7p/2PpNPpq/2pk2nn/3B4/p2P4/P2QP3/2K5 w - - 0 1,2,Cornelis Groeneveld
66d0bd95,6B1/K2N3p/7P/p4p2/R2pk3/4b3/p1P3P1/N3Q3 w - - 0 1,2,Alberto Mari
fcf95d30,4K3/1p1PpP1p/2n1k1n1/Q2pP2R/5P2/6N1/7R/8 w - - 0 1,2,Валерий Юрьевич Шаньшин
fa3f57f4,2Q1b3/3qrPPp/2N4R/5kn1/2N3RP/4r2p/2n1P3/1B5K w - - 0 1,2,Knut Anders Olof Arnstam
2de86edb,K1kb3R/1Rpn4/Pp1P3N/8/1n6/7B/8/7b w - - 0 1,2,Jean Morice
9505ead8,b1k5/PRPR4/5p2/5K2/8/8/8/5Q2 w - - 0 1,2,Олег Александрович Шалигін
f13df8e9,4K3/3N4/2PpBp2/1b2r3/4nB2/3pRp2/3kp2q/2R5 w - - 0 1,2,Олександр Юрьевич Семененко
6a904234,1Kn5/1R6/8/1Np1r1p1/pbk1P1R1/3qP3/PP5p/5B1Q w - - 0 1,2,W. H. Haring
914c36cf,1n1b4/2p5/N3RP2/1BPk2p1/1P2bRn1/3pr3/3Pp1N1/B3K2Q w - - 0 1,2,Roger John Wright
f9c5976c,2N1r2q/1K1R3b/B5nR/2k5/8/P1p1n3/4N3/2B5 w - - 0 1,2,Paul Diaconescu
00283508,1B2R3/5B2/2N5/3RpP2/4k1p1/6p1/6P1/7K w - - 0 1,2,Zoltán Zilahi
53105222,K2Q4/4R3/8/1pRP3n/1B1k4/4p3/b1P3r1/7B w - - 0 1,2,Virgil Nestorescu
e25e09cf,rr1N3n/k4p1P/1q3Q1K/1P6/8/8/5B2/8 w - - 0 1,2,Карл Артур Леонид Иванович Куббель
c0075d9d,8/p5n1/rp1N3b/r3R1pR/p1Pkp3/3P4/1P1PP2B/Nb4K1 w - - 0 1,2,Ivar Solheim
393a48b7,7B/8/1K2N1p1/5bR1/2P1p3/1B6/1bp5/krR4Q w - - 0 1,2,O. Duchâteau
5ca458f7,7r/3N4/p7/k2N1Rp1/8/1P1K3p/3b4/r7 w - - 0 1,2,Joseph Kentigern Heydon
9f1fb6d7,2K2b2/1Np3r1/2k5/Q4Bn1/2p4N/8/8/7b w - - 0 1,2,Ioan Cămăraş
214b5d1e,3K1R2/1N6/3R4/1r4p1/1Bk3B1/1r2p3/1P6/3bQ3 w - - 0 1,2,Edward John Winter-Wood
75989445,6n1/6QK/2n5/R3Pk1b/8/1N1NrP2/1B6/1B3R2 w - - 0 1,2,Comins Mansfield
7daeb14c,1R3B2/n4N2/2p1K1p1/6r1/1Nkb1R2/7Q/bPrp4/4n3 w - - 0 1,2,Hermann Weißauer
25053f7b,8/5BB1/7R/6k1/5n2/5KNp/8/8 w - - 0 1,2,Pál Benkő
53fb111c,6K1/nQb3NN/1nr3k1/4P3/2p5/8/8/7R w - - 0 1,2,Max Bornstein
6f3443bc,1b6/pR6/bQ6/1n6/3p2K1/r4p2/3N1R1p/4B1kr w - - 0 1,2,Luis Alberto Garaza
5bcd6e27,2b5/8/7N/1p6/4kP2/p3P2R/Q1KP1n2/8 w - - 0 1,2,Rudolf Solarczyk
2992591b,rb3n2/pp2B3/2Q2R2/1p1pk2q/1Np1b3/5pPp/1P1N1K2/3R4 w - - 0 1,2,Alexander Pituk
2a3cc217,3B4/8/2k5/4K3/R7/P7/8/5B2 w - - 0 1,2,Андрей Николаевич Дикусаров
8417665b,6n1/1p1BpK2/2N2P1p/3k2p1/1B1P2R1/1P2RnQ1/r1p1P2b/5r2 w - - 0 1,2,Lars Aksglæde Larsen
d0739105,K3n3/2p2p2/1pQ2R2/1pnNkPP1/6p1/2Pp2p1/3B2B1/1b3r2 w - - 0 1,2,Живко Јаневски
989cfa90,2Nr2n1/8/R4Bp1/P2k2Pq/8/1Pp4p/1bPNnQb1/1K5B w - - 0 1,2,José Antonio Garzón Roger
93f61646,B7/8/8/3N4/8/3p1PBR/5pkp/3K1RbN w - - 0 1,2,Emilio Orsini
12e04490,3R4/2r1p3/3nB1K1/R1r1p3/Q2bk1P1/n1P1N1Pb/4P3/3N4 w - - 0 1,2,Василий Алексеевич Миронов
17224d7f,3b4/4RB2/5k2/5p1Q/2N1p3/6n1/8/K3B3 w - - 0 1,2,Robert Henry Ramsey
c6db7258,3Q4/8/4k2N/4P3/2nP4/8/K7/8 w - - 0 1,2,Вячеслав Павлович Антипов
e1006b52,2Q5/6p1/3P2PR/5Nkp/8/5K2/8/8 w - - 0 1,2,Luke Neyndorff
43801dff,2b5/pn1B4/2N1R3/2k5/r2pP3/P1pP4/1RK5/8 w - - 0 1,2,Robert A. Lincoln
281a2029,8/2bp3n/2p4r/1b1k1KQ1/1BN1N3/2Pp4/5R2/4r2B w - - 0 1,2,William Anthony Shinkman
7fc166c5,4b3/3N4/3Pk2p/2K1N2P/8/8/1B6/1B6 w - - 0 1,2,Conrad Bayer
41b6fde4,8/2pbQ3/5n2/rp2N1N1/1pBkPP1K/7p/2PP4/1r6 w - - 0 1,2,Анатолій Володимирович Світильський
eff4ed52,3r3q/1rn1PN2/Q4p1R/3P1k2/B1n3R1/3pB1bP/b3P1K1/3N4 w - - 0 1,2,Henry Wald Bettmann
8b43b6f6,6Q1/2p3Kn/8/2B1kp2/R5b1/3Pprp1/2N2p1N/7q w - - 0 1,2,Ottavio Stocchi
e83b92d0,8/2p1r2B/Q1K1p2R/3pk1N1/2p1P3/2r1Pb2/1N3P2/4n3 w - - 0 1,2,William W. Greenwood
f3841ac8,6qb/8/3Q1p2/2pN1p2/R2nk3/2KN1r2/2P2P2/5b1B w - - 0 1,2,Ferenc Fleck
0e9a9a84,6k1/4K1N1/8/8/2p5/1N3P1R/QBp3Bp/q2b2R1 w - - 0 1,2,Срећко Радовић
590400af,1K6/p7/1pQB2p1/1N1P4/3Pk1B1/R3pp1R/qNnn4/6r1 w - - 0 1,2,Dominique Leroy
6cec91b3,4Q1B1/4b3/1rPpP3/RP1k1Pp1/8/8/K1Rp1N1n/B7 w - - 0 1,2,József Wimmerth
e91583f7,8/8/2K5/1N6/2kpn3/P4Q2/8/8 w - - 0 1,2,Дмитрий Евгеньевич Туревский
da80fd4e,8/3p4/K1p5/2k1P1R1/Q7/7B/8/8 w - - 0 1,2,Crichton Milne Baxter
be52838c,3nb1N1/3p2p1/KB1k4/N3R3/2P3B1/3q3r/3RP3/Q1nr2b1 w - - 0 1,2,Arnoldo Ellerman
d6c724d0,8/7n/6pB/6n1/4p2P/1N1PkpK1/4Pp2/5B1Q w - - 0 1,2,Abraham Meurs
a777dac1,6N1/2pp4/3p2P1/1Rpk3p/3pqB1P/6K1/4Q3/7B w - - 0 1,2,Alfred Clement Challenger
2617a3be,BK4n1/1NB2R2/p3p2p/r1QP3p/3rk3/4P1R1/2P1nP2/8 w - - 0 1,2,Udo Degener
95b7f277,3Nr3/2pR4/5p2/K3k1p1/p5RN/r1n1p3/1Q3B2/4q3 w - - 0 1,2,John Michael Rice
97167c50,1n2NN2/2p4Q/n3PR1p/4k3/2K1pq2/2p2r1b/3P2rB/6b1 w - - 0 1,2,Karl Ursprung
38a0d435,1b2R3/2B5/2pq1P1R/6N1/4PkPK/2Pp1p1P/6p1/1n2Q3 w - - 0 1,2,Живко Јаневски
abf302b9,4BK2/4p2b/1N5p/Ppk1P1b1/R3n3/2Pn1Qp1/5rN1/3R2B1 w - - 0 1,2,Andrzej Trzęsowski
44d9ad48,3K4/2B3Qp/1p6/1pppN3/1P1kP3/4pP2/1P6/8 w - - 0 1,2,Олександр Вікторович Мочалкін
f1bba553,3B1N2/Pb1P1Q2/2kr4/1nrn4/Q7/7R/8/1K3R1B w - - 0 1,2,Charles Promislo
c5a9b174,BK6/2N2b2/1N5b/Rn1P1P2/2pk1q1R/Bn1r4/2PP4/4Q3 w - - 0 1,2,Александр Павлович Тусеев
cef6f6d0,8/5K2/1n6/2PR1pp1/1N2k3/3p4/2R2P2/3B4 w - - 0 1,2,Александр Васильевич Галицкий
ed45f5dd,5R2/1B4n1/3B1nQ1/K3Pr2/5k2/2Np1Nb1/3P4/8 w - - 0 1,2,Hendrik Hermanus Kamstra
fee931c2,rb6/n1P1N3/2p2K2/2P5/4k3/8/3Q2pN/8 w - - 0 1,2,Thomas Rayner Dawson
7add410b,2r1n1r1/1p3Q2/3bNP1q/4k3/R3P2R/2P1N1P1/8/1K2n3 w - - 0 1,2,Herbert Siegfried Oskar Ahues
96cea7fa,6R1/8/5R2/7p/6p1/5N1k/5K2/8 w - - 0 1,2,Rauf Gadschiaga Aliovsadzade
b002ec5e,8/4p2K/3pkp1N/1Q6/3PN1R1/6n1/8/3b4 w - - 0 1,2,Marcel Segers
ed51d05e,5b2/1K3p2/1N2p2n/1k6/1P4pQ/2p5/PRP5/r7 w - - 0 1,2,Bohumil Semerád
482d2bce,4bN2/3Rp1rp/1Q1n3P/2p3k1/2p5/2B1PPNR/8/6K1 w - - 0 1,2,Frank Bradley Phelps
a083bfe7,N1R2Kb1/1p6/1B1pppQ1/3k2P1/p5N1/3p1P2/1npP4/1qbrr3 w - - 0 1,2,Юрий Михайлович Антонов
6dba7d79,8/3P4/2p2N2/RbPR1P2/p1kN4/P2p4/pn1K2Q1/B7 w - - 0 1,2,Юрий Григорьевич Горбатенко
acb87f87,1N1B1nbb/nr1ppq1r/1P1k4/1QpNR3/2P1RP2/7B/8/K7 w - - 0 1,2,Ferenc Fleck
a2b6bd10,4Q1b1/bR6/1p1p4/3k4/4Np1N/n7/K2PB2n/B3R3 w - - 0 1,2,Fritz Hoffmann
9c907e72,8/3p2k1/3K1N2/6NB/8/2Q5/8/8 w - - 0 1,2,Александр Николаевич Панкратьев
cfdbbb01,1nN5/BR4pQ/3Pppp1/Np1pkPP1/5p2/1p1B4/3P4/4K3 w - - 0 1,2,Миливој С. Нешић
2d65e0bd,K2b4/8/p2N3R/kBB5/8/2P1pQ2/1r6/2N5 w - - 0 1,2,Григорий Степанович Гамза
c67f0aa9,2B2B2/8/1pkP4/1p2Q3/3P4/8/nKN4p/5R1q w - - 0 1,2,Samuel Loyd
b582a0f8,4N3/8/7K/5kP1/R7/4Q3/6bB/b2r1r2 w - - 0 1,2,Jan Hartong
8c27ba7f,B2r4/2b1N3/6pQ/1RP3N1/2pk1n2/B1p3R1/3pp2K/3b4 w - - 0 1,2,Walter Supp
ab563d8d,Q7/2N5/2N4K/3n2pB/2p1kP1R/4pR2/2b1p3/2B5 w - - 0 1,2,Владимир Петрович Исарьянов
6b27b9f7,6K1/8/5QBk/5P2/8/6q1/8/7N w - - 0 1,2,Geoffrey Arthur Mott-Smith
71c40433,1rnbN1KR/Q1P1k3/1p2pqR1/4p2p/7B/8/8/8 w - - 0 1,2,Gerardus Hendrikus Drese
17a2627d,1r2kbnr/1P2B3/2P1P3/5N1P/1n6/5Q2/7K/8 w - - 0 1,2,Colin Albert Harry Russ
ceb579d3,3R4/5N2/b3BR1b/pr1PB1rp/1p2k1p1/1N5n/2PP2P1/K7 w - - 0 1,2,Giulio Pasqualini
a8c97b3a,2K5/Q1p1b1n1/2p2R2/4k1P1/4P3/2rB1PN1/1n3r2/B1NR4 w - - 0 1,2,Alfonso Taliani
1d9a50e1,6k1/7R/3Rq1P1/K7/4B3/8/8/3b4 w - - 0 1,2,Jean-Marc Loustau
fe99b744,2b4K/r6n/1b1R4/4Pk2/2N1pNR1/3npP1P/4p1p1/1B2q3 w - - 0 1,2,Николай Яковлевич Косолапов
b5bf2cbe,8/8/8/2K5/8/k1N5/1p1B4/NR6 w - - 0 1,2,Árpád Molnár
bafacc6d,4QN2/4P1p1/3PRPrr/5pk1/3R3p/7P/8/B2B2K1 w - - 0 1,2,Ernest Lertoria
e66175cd,8/2Q5/8/5p2/1N1pk2P/8/5K2/8 w - - 0 1,2,Robert A. Lincoln
9442c63b,8/4Np2/1p1Bp3/1PN1n3/1K1kB1np/1P1P3R/3P1r2/3b2Q1 w - - 0 1,2,Joseph John Warton
0ff6c550,2B5/2N1K2n/8/Rp1pk1p1/r3P3/p3P3/3P1N2/6Rb w - - 0 1,2,Miguel Uris Escolano
3915ef50,8/3p4/P2P2N1/1pBkNp1Q/1P6/3b3P/1K6/3R4 w - - 0 1,2,Robert C. McWilliam
109f49f6,B7/1n1rp3/1p2p2N/4k1KR/1QnR1p2/B5P1/8/8 w - - 0 1,2,Gligor Oltean
457d9aaa,1k6/1P4N1/PB4r1/4N1q1/4r2Q/1pb1pB1b/8/1KR5 w - - 0 1,2,Erich Bartel
6a90a40e,n2bBn2/KP1rp3/1pk5/Pp2Q3/4N3/8/8/8 w - - 0 1,2,Sri Sunder Chunder Dutt
80a74209,8/2K5/8/8/Pk6/1B2R3/3R1B2/8 w - - 0 1,2,Zoltán Labai
b007e178,3K1R2/6p1/1nP5/2QpkBB1/8/8/1P6/8 w - - 0 1,2,Юрий Михайлович Алексеев
796f0b69,2b1N3/5rpK/1n1B2Rp/5k2/1r6/2b1Q3/3n4/2q5 w - - 0 1,2,Александр Павлович Гуляев
092a7386,2Br1bR1/q7/8/p7/8/2NRBk2/6p1/4K1Q1 w - - 0 1,2,Norman Alasdair Macleod
d5e5226f,r3k2r/1R1p3p/P7/3p4/3K1R2/8/8/7Q w - - 0 1,2,Бошко Милошески
43b41cd3,1nN1r3/7Q/2pR1P1B/KpNpk2q/5p1R/1p1BP1b1/2pP3r/2n5 w - - 0 1,2,Caetano Belliboni
aa11c2b5,B3b3/B5N1/2r3p1/1RnP4/4k3/2PN3Q/r3n3/4R2K w - - 0 1,2,E. Stephenson
e3f225ea,Q3Rn2/3b1Bp1/1KpPP3/2n1N1P1/p3kB1R/2PpN1P1/3Pp1P1/8 w - - 0 1,2,Julius Buchwald
5aa149ea,4n2B/5nrN/2p3p1/1R2P1RP/1p1pkp2/1P5B/3PbP2/Q3N1K1 w - - 0 1,2,James G. Templar
9065ca4d,7K/5B2/4n1Pk/4Q2b/8/8/8/8 w - - 0 1,2,Władysław Rosolak
4d209868,8/K5pB/6nq/5n2/R2Pk3/1Q1R2B1/4N1P1/8 w - - 0 1,2,Frederic Bonner Feast
74b8ab07,3NK3/2p1B2p/2B3pR/4pk1P/p2pRbr1/Pn1p1N1P/Q2P4/8 w - - 0 1,2,Dezső Simon
b351933b,2R3b1/7B/5r1q/R2p2b1/1N1k3N/1Kp3Q1/nn6/2r5 w - - 0 1,2,Алексей Григорьевич Копнин
91628d6d,2b3r1/qNpB2bP/Ppp1pp1Q/6r1/N1k3p1/pR1R4/8/3K2B1 w - - 0 1,2,János Buglos
e7cc2a23,5r1N/2n2p2/r7/2P1k1B1/4N3/1B2K3/3Q1R2/bb6 w - - 0 1,2,Aaron Hirschenson
a4a2ede4,6nn/4p3/1P5p/4kN1P/8/2K2Q2/B2P4/8 w - - 0 1,2,Antonio Souza Campos
6ad572dd,8/5p2/7n/1Pp1p2R/2Qbk1B1/8/K1P1N1n1/B2N4 w - - 0 1,2,Umberto Castellari
fab3a561,8/8/8/6N1/6QR/8/4Pp2/2K1k3 w - - 0 1,2,Иван Иванович Гегельский
5fc176bc,3B4/1K2b3/8/4k3/1PPR2Q1/8/3P1r2/8 w - - 0 1,2,Jan Dobruský
334fad4c,8/1p1r3q/1Q3p2/1p3bR1/2kp4/P2R1N2/4P3/K3BB2 w - - 0 1,2,Klaus Baumann
b5bfde82,4NKBB/3p2N1/3P2p1/5Q1P/1P1kn1nR/8/3PPr2/1b1R4 w - - 0 1,2,Hrvoje Bartolović
2379b2be,8/Q3p3/8/1rR2nK1/pk3rp1/pNR5/2np2p1/2q5 w - - 0 1,2,
9bf233ac,1K2B3/pP1N4/k7/P1p1p3/N1rb2r1/8/R7/nR1QB3 w - - 0 1,2,Herbert Siegfried Oskar Ahues
290973d7,1r1nN2R/4Nk1K/3B1P1b/3P1Q1b/6n1/7r/8/8 w - - 0 1,2,Wilfried O. Hager
00287ae1,8/1N6/2Q3K1/4k3/8/1P6/3P1P2/8 w - - 0 1,2,Петко Андонов Петков
266faf75,1Q6/5p1K/1n3p2/p2P1rp1/RB2k3/1N2Nn2/2P1R3/4b2B w - - 0 1,2,Comins Mansfield
16109b54,8/8/8/4R3/3Rb3/5k2/B6Q/K7 w - - 0 1,2,Николай Крутоус
5d47ca48,n3B3/rp4R1/1k6/2N1K3/1P6/3P4/8/8 w - - 0 1,2,Charles Henry Wheeler
35363cc1,1n6/1BPpp1Kp/4k3/2P1N1R1/2N1r3/8/Q3R1b1/3r2b1 w - - 0 1,2,Siem Giok Liam
a887d1a6,8/6p1/3pN3/7Q/2p1kp1n/2R1bN1R/8/3K4 w - - 0 1,2,Walter Irving Kennard
4227fd31,4R3/1pB2nqb/1Q4B1/1P1kn1bR/K5p1/3p2N1/6N1/8 w - - 0 1,2,Adriano Chicco
8cd7b81c,8/5QNB/1Ppp4/B2pp1p1/P2kn1p1/1P4P1/5P2/R2NK3 w - - 0 1,2,Аркадий Иванович Ярославцев
076ffc32,3nKR2/3pP1kp/1q3b1p/5Q1P/r2r4/3N4/6N1/BB4R1 w - - 0 1,2,Jacobus Haring
07b6be08,8/6Q1/1R6/2pk4/8/8/4KN2/8 w - - 0 1,2,Владимир Владимирович Кожакин
ceb0c151,8/8/nPpR4/8/2kB3Q/KR2P3/4n3/5b2 w - - 0 1,2,Silviu Balcu
05d33e6c,K1NR4/p1R4Q/5p1n/r3PN1r/1b1Pk2p/2pnp3/Bp2P2B/7b w - - 0 1,2,Валентин Викторович Лидер
61ea44d9,K2b1N2/nBk1Np2/8/P1Bp4/bn2P2p/q4p1Q/1r6/2Rr4 w - - 0 1,2,Анатолий Георгиевич Кузнецов
76408639,8/1p3Q2/b1k5/3R4/8/2KN4/8/8 w - - 0 1,2,Владимир Семёнович Гребешков
187e014a,4B3/pp4pq/2R4b/3k1n2/1rN1pQ2/5n1N/2pPPB2/1bK5 w - - 0 1,2,Brian Harley
9130e0f0,8/8/3KN3/4P1p1/4k3/1Q6/3P4/8 w - - 0 1,2,Валерий Алексеевич Иванов
a84a7287,6br/b1p5/3Bnp2/2p2k1B/2R2p1P/1Q1N4/2P5/3R2K1 w - - 0 1,2,Miloš Lakatoš
cdaed0cc,8/b4Q2/1p2KN2/7P/1Bp1p1p1/r5pN/b1RP2PR/3Brk2 w - - 0 1,2,Eero Johannes Saarenheimo
b2bac4e2,1b1Nr3/5p2/1BP4N/4k3/2P1p1p1/4P3/8/K6Q w - - 0 1,2,Max Arn. K. S. Karstedt
828f261f,8/8/1pK4Q/4Pp1p/2N1k3/r2r3n/2B1N1P1/q2n4 w - - 0 1,2,Jozef Havran
3014d37a,1B1N2b1/1R1P4/n4K2/r1k1NB1R/2P1P3/1PQ5/3pq3/6b1 w - - 0 1,2,Henrik Molnár
c582e683,nb1R1Bb1/5PK1/4N3/4kr1R/1n1pN3/3P1pP1/B3q1p1/4Q3 w - - 0 1,2,Karl Fabel
d3a3afff,3r4/5QN1/2b2nrp/1P2p2q/pBNkp2p/8/3pR1p1/1B3nK1 w - - 0 1,2,Edward Arłamowski
e9248ea5,2R5/2PPpP2/3RB3/1PNNk1p1/2P1P1Pp/B7/1P1p1Q2/3Kn3 w - - 0 1,2,Christopher James Austin Jones
dc966e4e,8/8/2p5/2N1b1N1/K3b3/1p2P2p/1Q1PkP1R/2R5 w - - 0 1,2,Leonard Nicolaas de Jong
c17148bd,8/8/3K4/8/2pkp3/3P4/3Q2R1/8 w - - 0 1,2,Süleyman Abdullayev
9591c55f,8/8/2Rn4/3k4/R5K1/2Q5/8/3B4 w - - 0 1,2,Олександр Борисович Цаплін
95077963,1nQ5/4pN2/8/1K1kp1R1/1p5r/3PBp2/8/b2R4 w - - 0 1,2,Alfreds A. Dombrovskis
46014aea,2R2n2/p2N2Q1/6n1/4R3/1rbk1P2/1p1P4/1K6/4N1b1 w - - 0 1,2,Ralf Chris Handloser
c1353732,4RN1B/p1K2n2/B1Pp1p2/2Nk2bR/1P6/1pPn1p2/1r3r2/3Q1b2 w - - 0 1,2,David Hjelle
1e1a2b3b,n1K5/1p2N2n/1p1P4/1p2N1p1/4k3/1pQ1p1P1/1Pr3P1/1B6 w - - 0 1,2,Leonid Makaronez
220e6c39,3QR3/4Np2/2PP1R2/PP1B2p1/3k2P1/1Pp3P1/2p2N2/2K3B1 w - - 0 1,2,Ivan Tatranský
5afce5c9,nR2b3/P1kPqn1Q/3pRN2/1Pb3pK/6B1/8/7B/3rr3 w - - 0 1,2,Adriano Chicco
e98e033c,4B2B/4P1qb/2N1k2n/2KN4/2Q4P/2pP4/8/5r2 w - - 0 1,2,Eduardo Pardo Ramón
de438c05,2N5/3n4/2p2r2/R7/1p2k3/1p2P2P/1B3P2/K1nQ4 w - - 0 1,2,A. Ch. Zimanskis
f7f24b16,6K1/3p4/1NP2P2/1RPp2N1/3knQ2/1R2pb2/8/5r2 w - - 0 1,2,Albert Volkmann
74181216,8/8/B7/7N/6k1/2QK2P1/6R1/8 w - - 0 1,2,Nils Gustav Gerhard van Dijk
7656ef6d,7b/N2B4/1P1BbR1Q/3k4/1K1p4/n6n/2p3P1/8 w - - 0 1,2,John Carey Gardner
8d707c0f,3n4/2pq4/2PkPP1p/R1N1NR2/6Q1/4p3/2n1P3/3K4 w - - 0 1,2,Сергій Іванович Ткаченко
eb04d357,5N2/N1B5/7p/2pk2b1/6R1/1bP2P2/p1P3Qn/K4n2 w - - 0 1,2,Edward John Winter-Wood
36c60772,8/8/3n4/bR4R1/k5B1/3p4/K1P5/8 w - - 0 1,2,Віталій І. Квятковський
d0626eae,4N3/8/2B1p3/2n1k3/8/1P4P1/4K3/1Q6 w - - 0 1,2,Nicolaas Ijsbrand Johannes Termaat
a7ad5f7a,B7/2n1K3/7N/R2pk3/4P3/2rp2Pb/n4N2/Q7 w - - 0 1,2,László Talabér
42c19439,8/4N2R/1N2k3/2PnB3/3K4/5P2/4B3/4R3 w - - 0 1,2,Василь Васильович Дячук
03748e31,bb6/r4pK1/5R2/1pN1k3/1Q1ppRp1/4N3/8/3r1q2 w - - 0 1,2,Слободан Шалетић
b76e7c9c,8/7Q/8/5K2/8/3k4/1RN5/2R5 w - - 0 1,2,Gyula R. Neukomm
095319ae,3rr1b1/RQ6/4kP2/3NP3/2qpn1P1/3p4/B3N2B/4R1K1 w - - 0 1,2,Карл Артур Леонид Иванович Куббель
e9bc7117,2Qn1nB1/K2P4/1pp5/8/4kPP1/1ppRB3/4P3/5R1b w - - 0 1,2,Udo Wilk
a5031c3d,4q3/P1P1N3/4p3/kPQ4p/2P1p3/r1nR3K/R2N4/rbnBB3 w - - 0 1,2,Gerhard Maleika
69efbe8d,kN1Bn2Q/3p4/1K6/8/8/8/8/8 w - - 0 1,2,Robert A. Lincoln
a8f025be,1B6/3N2RB/4Pp2/1p2p2K/3N1k2/Q1p1np2/3P4/b6b w - - 0 1,2,Владимир Алексеевич Ерохин
8203b23d,4n3/Q7/2Pp3R/p1Nkp1p1/B1pN2R1/8/8/1K4b1 w - - 0 1,2,Imants Kūlis
2573e2b3,5Q2/b3p3/1pB5/1N6/k1N5/1rB5/1R6/1K6 w - - 0 1,2,Pierre Tritten
484dcfe5,2KR2r1/1p2kp1n/1Q3N2/2b2P2/8/8/2R5/5nrb w - - 0 1,2,William E. Tinney
475560b8,B1r1b3/8/2p5/RQ2Bp1q/2P1k3/pN1p1pRp/r2b4/3N3K w - - 0 1,2,Владимир Алексеевич Ерохин
3e214394,rb5R/2k1B1NQ/q1P2R2/P4P2/1P6/3p2K1/8/8 w - - 0 1,2,Николай И. Нептаев
670c84b0,8/2RpQP2/3n2p1/3k2P1/3Npp2/3p4/3R4/3K4 w - - 0 1,2,Ebenezer Wood Keeney
f40b1032,8/8/Q2b4/2pp1pN1/2Pk1p2/8/b2K4/8 w - - 0 1,2,Арвид Иванович Куббель
98e1d2c0,8/1n4N1/2R2B2/3kP3/3Pn3/2R2N2/1K4B1/8 w - - 0 1,2,Григорий Александрович Промышлянский
44224bc4,8/b7/2K5/1B2N1Q1/1R1Pk2n/8/2b2n2/8 w - - 0 1,2,James Frank Stimson
73c76e01,3R1NB1/2n5/2pbrp2/K1pkn1qQ/2p3N1/2P2P2/8/4Rr2 w - - 0 1,2,Jean-Pierre Boyer
95d38e37,6K1/6N1/4p1p1/8/R1b2kNP/6pP/3pr3/bQn3BB w - - 0 1,2,Juan Roura
ae68524b,1r4n1/1p6/1K2N2k/2B5/bp2B1P1/r4Rp1/2n5/bR1N4 w - - 0 1,2,Kabe Moen
fdb32e3c,8/2pN4/R1nqp3/1p1kP2n/p7/2QPBp2/5P2/3K4 w - - 0 1,2,Ladislav Kočík
64019826,7b/3R4/pK1Np3/Qn1kp3/R1p2Pq1/1b1N3B/n4P2/B7 w - - 0 1,2,Анатолий С. Яровенко
9d940502,8/8/5Q2/1K6/3Bk3/8/2P5/8 w - - 0 1,2,André Simonet
59ee859f,3n3R/3Qb3/4r3/2pNpP2/B1P1k3/4N3/K3P3/B3nR2 w - - 0 1,2,Herbert Siegfried Oskar Ahues
c1bc127f,B2r3b/8/1B6/1p6/k1N3R1/P7/PQP5/KNnn4 w - - 0 1,2,Garen Yacoubian
cb392440,4RB2/5Q2/5RN1/1bPp2b1/2pk1P2/K1prp1n1/2P1P3/8 w - - 0 1,2,Januarta Simadhinata
d44c311d,4B3/8/8/1Npk2P1/4p3/P7/4K3/2Q5 w - - 0 1,2,Александр Иванович Шошин
8084d267,8/1n2p3/pK4Q1/3p3p/pkrN4/8/1P1N4/1n1B4 w - - 0 1,2,Микола Володимирович Кулігін
de2af18a,K2RB3/3N4/p3p1PQ/P2rRpB1/1Pk2p2/P1p2P2/2P5/8 w - - 0 1,2,James Sexton
c81f8983,B2RQ3/2p3n1/1P1rn3/2N5/1r1k2p1/1P2p3/4p2B/K1R1N3 w - - 0 1,2,Walter Pulitzer
b4014d17,n2K4/2p5/8/2k5/2P1Q3/2P5/2P5/8 w - - 0 1,2,Виктор Иванович Желтухов
9c743dce,3n1Bn1/b7/3R1p2/4k3/3p3N/8/B4N2/1bQ3K1 w - - 0 1,2,Володимир Григорович Мельніков
fa7d3728,4q1n1/p2pbNB1/2nQ4/3PPk1P/4R3/K4NrR/2B5/1b6 w - - 0 1,2,Alberto Mari
b4b02b44,8/K3B3/1Pk1P3/3b2p1/2P1r2r/4NN2/6Q1/8 w - - 0 1,2,Милан Велимировић
b64ed9b1,8/4K3/6pp/6kB/6N1/7Q/8/8 w - - 0 1,2,Євгеній Михайлович Богданов
239ba156,8/1Qp5/2p5/5N2/2k5/3N4/1P3P2/2K5 w - - 0 1,2,Xenophon Hawkins
255f5347,1r1RnK2/3qp3/b1r2p2/b1p4R/1Q1BNP2/3k4/3N1P2/3B4 w - - 0 1,2,Alexander Zidek
54caf4b2,3Nrr2/2K1p1Rn/1Q3P1N/4k2p/2P5/3P2P1/6n1/b3B3 w - - 0 1,2,Percy Francis Blake
03c73bdf,8/3Q4/2PPP1p1/3k1nR1/KP3p2/2BN1r2/8/3R3B w - - 0 1,2,Федір Михайлович Капустін
88ce4e02,8/8/8/8/2k5/P1N1P2K/2Q5/B7 w - - 0 1,2,Johannes van Dijk
116c758e,Q7/4n1B1/8/N7/7p/N3p2R/kPR3K1/8 w - - 0 1,2,Cyril Henry Stanley Kipping
8e2928ed,2nb2Q1/7p/R1r5/2P2b1B/R4P1k/3p2N1/5K2/2B3N1 w - - 0 1,2,Wouter Jacob Gregorius Mees
bd653783,bbB5/r1pR1R1K/8/r2p2p1/1p5p/6kp/4Q3/4N2n w - - 0 1,2,Erkki Heinonen
5f01b0d0,b2K1brn/4pkpp/1pB5/rqpp3N/5N2/1p6/1Q6/4RR2 w - - 0 1,2,Comins Mansfield
92b65fec,K3R3/4N3/p1n4Q/p1kpRP2/qp6/1bb2P2/4P1nB/8 w - - 0 1,2,Ivan Měchura
4a685622,1K6/3N4/kNp5/pb6/8/1B6/8/1R6 w - - 0 1,2,Эдуард Николаевич Наговицын
ed02ad3e,5b2/p1Q1p1p1/P3P1K1/1BPPP3/2pk1N2/5P2/3B1P2/8 w - - 0 1,2,Imre Olasz
87f3a5e7,QB6/1K1p4/5P2/3P1q1R/RN2k1Bn/2P3P1/P1PP2n1/8 w - - 0 1,2,Arnoldo Ellerman
a67802a9,BqR1N1n1/2b5/1r3B2/1pk1N1Q1/1p6/1PrnP1K1/2RP4/8 w - - 0 1,2,Nels H. Nelson
308d146d,3R4/8/1B6/qp2kPK1/1n3R2/8/1bN5/1B1b4 w - - 0 1,2,Роман Федорович Залокоцький
fd664e4b,8/8/8/2pN4/8/1k2K3/6B1/Q7 w - - 0 1,2,Nils Gustav Gerhard van Dijk
4b3499b7,b7/q2rp1p1/2R1p2p/R1nrk1BQ/6P1/2Pp4/B1n2N1K/8 w - - 0 1,2,Михаил Михайлович Барулин
7522711d,rQ4B1/2Np4/3p4/1R6/2nK1kpP/r2ppb2/5P2/4N1Rq w - - 0 1,2,Reinhard Groth
ca8490d9,1q6/4N3/2R1bQ2/3Pp1R1/r2k4/p2N2K1/2P2P2/2Bn3B w - - 0 1,2,Петро Петрович Фаріон
e52c94b4,1nQ3B1/p3p2N/P1nP1pp1/8/1p2kBpr/1N6/2PK1R2/8 w - - 0 1,2,George Kirkpatrick Ansell
69b2de91,8/8/3pp1K1/4k1n1/6B1/4P3/8/1Q6 w - - 0 1,2,Alexandre Fraisse
5e68dd5c,3n4/8/2pPRN2/p5n1/3k4/2RN4/1Q6/4bK2 w - - 0 1,2,Alexander A. Elkhan
ad694135,B4KQ1/1N2P3/1R1pPB1p/3k1n2/3n1Pp1/1P1Rpp2/6b1/8 w - - 0 1,2,Pavol Jankovič
e2130c78,3Q1R2/2n5/1q2N1p1/4k3/2RNn1P1/B5p1/1p6/1B4K1 w - - 0 1,2,Gerhard Ernst Schoen
cb5019b9,4n1qb/K2N1p1b/RN5r/1p5r/1k6/p2pQn2/B2P4/4R3 w - - 0 1,2,Эдуард Александрович Зарубин
4ef65286,8/pp2N3/P1P5/k7/8/K3B3/8/5Q2 w - - 0 1,2,William Anthony Shinkman
e2cc0484,2B2R1Q/6q1/1NRP1n2/2N1kP1p/3p2bp/3p2Pp/pn6/K5B1 w - - 0 1,2,Яков Ефимович Каменецкий
dd6cd5fa,3r3R/2B5/1pQ5/3n4/3k4/3p1P2/N2R2N1/7K w - - 0 1,2,János Buglos
4c675c1b,K5Q1/6B1/8/2p2R2/2P3n1/3PP2p/6Pp/1R2N1kr w - - 0 1,2,Валентин Викторович Лидер
73f701bd,8/6Q1/8/8/rp2pp1r/p3k2N/5N2/3R1K2 w - - 0 1,2,Василь Іванович Садовський
80fc7842,4Q2n/4Np2/6P1/K2N2pr/p2pkPp1/3p4/3r1nPP/8 w - - 0 1,2,György Jusztin Dunka
a9fe6da9,1R2Q3/K2n3r/1N1B4/pk2N1R1/5p2/bP6/P4qBn/7b w - - 0 1,2,József Szöghy
8ae8fdd5,8/2B5/3r4/3k4/4NP2/4K3/2Q5/8 w - - 0 1,2,Владимир Владимирович Кожакин
4f50b2fa,5b2/4p1p1/2p1P1Q1/2P4P/3ppkN1/8/p2R3P/B1KB3n w - - 0 1,2,Вячеслав Семёнович Владимиров
58d2626e,1bb1K1Q1/3p3p/r2p3p/1RPP4/3Bk3/2P1pNP1/4Br2/3R4 w - - 0 1,2,Jan Ingvar Hannelius
df00175c,4R3/2N5/2p5/Rb2Np2/3k1p2/B4P2/3p1K2/3B3Q w - - 0 1,2,Henry D. Otten
3b37346f,1B6/1K4NB/2P1N3/p2kp1P1/P3R1P1/2n1p3/4P3/2R5 w - - 0 1,2,Frederik Hendrik von Meijenfeldt
31198fdb,2nK1Q2/3p1B1b/1p3p1P/1p6/r2k4/BP5R/5N2/b3R1N1 w - - 0 1,2,Борис Володимирович Боровик
779336e4,B1n1r3/8/Kb3Q2/5p1p/1N1pNkb1/3R3r/3p3P/2B3R1 w - - 0 1,2,Piotr Ruszczyński
10ed2621,8/qp1RpK2/pP6/3Nk1p1/Rp2N1P1/2Pn3Q/3n1P1b/1BBr4 w - - 0 1,2,György Klein
2903afa4,5n1B/NR4rr/Q5b1/2Pk4/p2P2Pp/P2p1P2/qnP3NK/8 w - - 0 1,2,Александр Николаевич Панкратьев
8c479dc7,3BN2N/8/r6k/8/8/7P/b3BPQ1/b5K1 w - - 0 1,2,Adrian Mensing
e766b34f,8/1K1p4/8/6p1/3B1kB1/5P2/7P/1R6 w - - 0 1,2,Béla Majoros
ce5e1c60,8/4K2P/2pP4/3kp3/3p1p2/5R2/1PQ5/5B2 w - - 0 1,2,Михаил Игоревич Кошель
21138af7,4rr1b/B6b/K2p3Q/2PN3R/2k5/2P5/P3P2R/5B2 w - - 0 1,2,László Apró
9f62a1a7,Q7/8/8/8/8/1p1K4/8/1rk5 w - - 0 1,2,Rolf G. Uppström
29a0efcb,8/b4Bp1/Np1Q1pN1/3P4/2pkp3/3p4/3P4/7K w - - 0 1,2,Володимир Григорович Саміло
dce343e7,7K/7B/1N6/2R5/3k1P1N/B3p3/1P1Pqn2/7b w - - 0 1,2,Ulrich Ring
842432d6,b3B2B/2n2N1p/rRq3kP/4P1n1/p4R2/6N1/6Q1/7K w - - 0 1,2,Рашид Гарифович Пономарёв
0c4fb80f,1Rr1B3/p7/4PK2/2pk1p2/rb3Q2/2pP1n2/N4B2/8 w - - 0 1,2,Stelian Lambă
57ee3589,bk6/pP1K4/8/P7/8/8/Q7/8 w - - 0 1,2,Энрико Рыбак
a086109d,5q1B/8/p1PNBnQ1/2n1p2R/2Nk3r/KpR5/1P1P2b1/8 w - - 0 1,2,Nils Gustav Helmer Jönsson
9b54216b,6NK/8/1Nn1BP2/4q1Rp/3Pk3/Rb2P1P1/2P2P2/B2Qb3 w - - 0 1,2,Jozef Ložek
e2be9355,qn1N4/p1B4Q/2bp1p2/KpkB1r2/3R1n2/4PP2/P2p4/1R6 w - - 0 1,2,Евгений Владимирович Перетяка
e50d12ef,1B6/3p4/2b2p2/2RP2RK/4Np1N/4kB2/1qP5/Qr6 w - - 0 1,2,Miroslav Subotić
f8d34f3e,8/K2R1N2/4PP2/2p2pQ1/p3kB2/4Pp1r/q7/7N w - - 0 1,2,Андрей Яковлевич Лобусов
5f7bdee9,7Q/8/7B/8/4k3/3pNpP1/1K3PP1/7n w - - 0 1,2,Johannes Cornelis Roosendaal
b78c48b6,8/8/8/3K4/8/7B/4NkP1/3Q4 w - - 0 1,2,Альберт Серапіонович Шахназарян
14c95e88,1K6/Q2B2b1/3p4/4k3/3R4/8/3P1n2/8 w - - 0 1,2,Stanislav Trčala
c8045865,7b/K2b4/1Np2nN1/8/1p1rR1B1/3kr3/Q1R2n2/5q2 w - - 0 1,2,Halvar Hermanson
b1315cf9,2N5/4p3/r1n1p3/2pk4/2N1p3/4P2K/4Q3/8 w - - 0 1,2,Gustav Johann Kißling
ca410dbc,5K2/8/R1b5/8/r2p1p2/3p4/1Q2PB1k/4NBR1 w - - 0 1,2,Alberto Armeni
7618709f,1Q6/n1PK1p2/5B1q/2pk4/2N3p1/8/1rB2N2/8 w - - 0 1,2,William Meredith
ef8a3e17,K7/7P/8/2b5/1pNkPN2/p2B1p2/1P5r/2R1R3 w - - 0 1,2,Imants Ķīsis
65633f63,8/8/8/8/3B2K1/8/3pP1kp/3Q4 w - - 0 1,2,Олег Павлович Сакс
10a9cd30,2N1Q3/Bpb1R2K/b6p/1npk1Pp1/7q/1P3n1r/2N5/5B2 w - - 0 1,2,Josef Kupper
165cbb46,1K6/BP6/B2p4/1R1p4/1PkP4/1pb4R/1rbpP3/4N3 w - - 0 1,2,David J. Shire
9ab92f5d,8/P7/2p5/3p4/8/8/p4K1p/7k w - - 0 1,2,Karol Mlynka
9b07f807,4r3/N7/1p3Q2/4r1n1/1PkB2BR/P3p3/2N1K3/1R6 w - - 0 1,2,Rudolf Büchner
f09a7cf7,Q7/8/7p/1B2P1bR/1P1kNpRp/7P/1P4PB/2K2N2 w - - 0 1,2,Baruch Lender
d046c271,5B2/3n4/8/8/2p2Q2/3k4/8/2KB4 w - - 0 1,2,Владимир Владимирович Кожакин
c694f07a,k2B4/3N4/K7/8/4R3/8/4B3/4r3 w - - 0 1,2,Michael Lipton
657a85d7,8/8/5K2/2pp4/3r1kPR/2Q1R3/4b3/8 w - - 0 1,2,Kurt Smulders
5c6f1d8d,4R3/P2ppb1B/1K1PN1r1/pp1kp1p1/1r2R1N1/B7/6P1/4Q3 w - - 0 1,2,Александр Петрович Кузнецов
2da61829,4Rq2/n1pp1p2/b1P2P1p/1nQBBkpK/6NR/p1prb1P1/4P1r1/8 w - - 0 1,2,Alain Campbell White
f1126d67,B1N5/1R1p4/r2P2K1/8/1pPbkPp1/6P1/1n1QP1R1/2N2r1B w - - 0 1,2,Paul Leibovici
c20d0423,8/8/6P1/P6Q/1n1p4/RN1kp1P1/BP1Pb1R1/N6K w - - 0 1,2,Theodore Morris Brown
b029815d,5nbK/BQ3p2/1PBPn1rp/2k1NRp1/1NqR4/p1p1b3/P3p3/8 w - - 0 1,2,James Alfred John Smith
5a1f805f,7R/8/p6b/Rb4PN/6pk/6p1/3Q2P1/2K5 w - - 0 1,2,Johannes van Dijk
bff41115,5BQ1/6br/2p4n/N1Pp4/bp1kPP1N/3P4/2PP2Kn/5B2 w - - 0 1,2,Émile Léonard Pradignat
1ca01e9e,8/8/4Q3/6pp/4Np1b/5k2/3P3R/1K6 w - - 0 1,2,Charles Vincent E. Berry
770dcc74,K7/2Bp4/2Rpp3/3k4/8/4P3/8/4Q3 w - - 0 1,2,Jorma Pitkänen
5f0043e6,8/1Q2B3/2NR4/4b3/2Ppkn1R/6p1/1K2n1P1/5N2 w - - 0 1,2,George James Slater
6dcb4bed,8/1Q2p1p1/1n1rkpKR/RN6/2pp4/8/7B/8 w - - 0 1,2,József Bányai
9c46ece6,8/3p1b2/3Q4/3p2K1/3NkN2/3rb2R/1BnP2P1/1Br1n3 w - - 0 1,2,Aaron Hirschenson
1eeae2e3,8/1NK1p1P1/4R3/PRp3p1/b1k1B3/3pP3/N1nP4/3Q4 w - - 0 1,2,Zoltán Labai
d191fae3,8/K2p4/4P3/p3R1pB/q4k2/4R1Nb/3QPb2/8 w - - 0 1,2,Марјан Ковачевић
89f7b933,2R5/7P/3R1n2/p2p1K2/3kB1p1/B1np2P1/3Qb3/8 w - - 0 1,2,Володимир  Михайлович Чорноус
902c2271,6nN/4p2b/4P2P/3P1k2/8/3pK2n/4N1R1/B2B4 w - - 0 1,2,Santiago Larrain
c2a521ba,1Kn5/8/1B6/3Rpp2/4kn2/2p3rN/Q7/8 w - - 0 1,2,Václav Císař
155d1d5c,6Q1/p1B5/p3K3/P2r1N2/2k2p2/1R1N1P2/P2P4/8 w - - 0 1,2,Michael Lipton
ea0547c6,8/8/Q7/2k5/2P2K2/8/3B4/3R4 w - - 0 1,2,Ernő Szentgyörgyi
22a6cf58,4rn2/B3p1N1/R4pp1/3pk3/3R2bp/4p3/K6n/1Q6 w - - 0 1,2,Gerhard Maleika
a96ae293,8/3K1p2/8/2Nkp1nR/1P1n1rN1/1P1r1P2/8/Q6B w - - 0 1,2,Herbert Siegfried Oskar Ahues
b039c49e,8/n1R1p3/3N3Q/3kP1K1/3p1P2/1R6/Ppn5/1B4B1 w - - 0 1,2,Gérard Doukhan
89f4eb66,7B/3p2qr/p5N1/6p1/K2k4/N6p/1P2P2p/1nQ4B w - - 0 1,2,Antonie Clarus Johannes van Eelde
98ec25e0,5QNb/K2ppn2/3Bkq2/3R1rR1/2Bp4/pN1n4/8/3r4 w - - 0 1,2,Josef Burda
ebe4f7b0,2B5/3Rr3/3rN1PP/2Pp1kPP/3p2N1/3P4/3K3B/6R1 w - - 0 1,2,Martin Wolfgang Hoffmann
b6090a78,2Br4/p3R2p/K1Nk4/3P1pp1/1PP2n2/p2N4/3Rb2Q/3r3n w - - 0 1,2,Яков Вульфович Россомахо
f75c8070,Q5BK/8/1RPrPR2/2rkp3/4N3/1P1P1N1b/2p5/b7 w - - 0 1,2,Arnoldo Ellerman
19c5f1e2,4b3/5pQ1/2rp1N2/5kbp/7p/4RK2/8/8 w - - 0 1,2,Ian Shanahan
8ebe3af3,3r4/4R2n/8/3pPp2/BPpNkNpQ/3pP3/3P1P1b/3K4 w - - 0 1,2,Aleksandr Zygalov
33598bb6,3B4/4r2R/8/7B/5P2/4n1Nk/1Rb4P/2K3bQ w - - 0 1,2,Allan Birger Thorsson
5a07a4e4,8/6n1/6nq/B1ppp1Q1/1r1k1r2/1p3pNp/p2N4/2R1RB1K w - - 0 1,2,Марк Рейтман
0c39807d,5R2/1k3pRb/8/3p4/1K6/8/8/8 w - - 0 1,2,Giorgio Guidelli
7afa2400,1n6/4B3/4B3/8/8/6k1/8/R3K2R w - - 0 1,2,Tivadar Kardos
88e2cd25,3B4/1qp4K/R1b5/5p1k/pn5p/1r2N3/Q3PN2/3B4 w - - 0 1,2,Ignaas Vandemeulebroucke
e4bde3aa,8/1B3N2/4Rp1P/5k2/2P4K/8/8/R5B1 w - - 0 1,2,J. B. Muñoz
e7b022a8,1N1Q4/3B4/3pp3/2pk4/3pp3/3NR3/8/B1KR4 w - - 0 1,2,Юрий Евстафьевич Лихоманов
cec2586e,2K2R2/4p3/3pkP2/R1n5/8/3B4/4P3/7Q w - - 0 1,2,Richard Steinweg
9202bc66,8/4ppp1/2Np3p/3B1kPQ/2K5/4P2P/7b/7N w - - 0 1,2,Benjamin Glover Laws
7c176e28,1R2B3/3rpK2/2NpP3/p2kbR2/P7/B3p3/2N1P3/2Q5 w - - 0 1,2,Miroslav Svítek
a5fc56f4,KbBR1B2/2p5/1pk1N3/n1P1n2r/bp1Rp1p1/2N5/3PQ3/1r5q w - - 0 1,2,Herbert Siegfried Oskar Ahues
2c8a88cc,8/2b1p3/1NQ2R2/4k3/1NR5/Kpr4q/1P2bn2/8 w - - 0 1,2,William Anthony Shinkman
50a7d4d0,r7/1n6/b1B1R3/4Np2/pPpk4/7Q/1bPN4/3nB2K w - - 0 1,2,Narajan Shankar Ram
28e715c7,8/B4K1Q/3p1pNp/1P1kpn1R/6p1/1P1Nnr2/3R2B1/b7 w - - 0 1,2,Фройм Маркович Симхович
652704f5,2KN1Bn1/2Qpr3/3p4/R1rk4/2pNRP2/3p1P2/5b2/8 w - - 0 1,2,Микола Васильович Чернявський
e01530f9,2K5/p3P2B/QbppN3/2nkn1P1/P2N2P1/3pR3/3P4/2R5 w - - 0 1,2,Анатолій Лазарєвич Саркіц
d2d220b8,b7/8/8/2K3Q1/3N4/1P1B2B1/3p4/3k4 w - - 0 1,2,Friedrich Freiherr von Wardener
c5381768,1N2R1b1/qr1R4/6r1/b2p4/3kN3/B1pPp3/BnK3p1/4Qn2 w - - 0 1,2,A. E. Ramsey
81b029d6,6K1/N6P/p2p2Q1/3Pk2r/Rn5N/b1PP4/5Pn1/4rRqB w - - 0 1,2,Siegfried Brehmer
ca3e7aab,5q2/8/P1P5/B2P3B/1NQ1p3/K3P3/Pp1k2NR/1b6 w - - 0 1,2,Harry Viggo Tuxen
a8635020,8/6pN/4K1P1/4p1p1/RB2rk1p/4Np1R/3Q3P/8 w - - 0 1,2,Lars Aksglæde Larsen
e36205cd,8/1Q6/3p1r2/1p1r1p2/3k4/1K1N4/2PBp1Np/3R4 w - - 0 1,2,Владіслав Олександрович Метлицький
1fd5c53f,4R1b1/3p1PP1/p1r1N2Q/b1ppkp2/8/N1R1P3/1nK5/B6B w - - 0 1,2,Otto Kunze
9dd167a6,2RKB3/3N4/1Q2p3/q1N1P3/p1k1P3/P1P5/P1R5/8 w - - 0 1,2,Arnoldo Ellerman
2215f534,2B4K/1Qp5/NbnP4/1b1kpNp1/4n2R/BP6/1r1q4/3R4 w - - 0 1,2,Erkki Aukusti Wirtanen
bde7cc20,B1r4q/3p1Q1p/1P1b1p2/2nNk2N/nBR3P1/5p2/2K1PP2/7b w - - 0 1,2,Herbert Siegfried Oskar Ahues
976b9234,8/8/3KN3/3RPNRp/2p1k1pb/1nPp2p1/3Pn1P1/4Q3 w - - 0 1,2,Emil Röthler
93a2c618,4r1Q1/2B4P/4n3/p3rN2/1RB1kn2/8/2PP1R1b/K2N1b2 w - - 0 1,2,János Kiss
849c0eee,B4Q2/8/8/rpN2P2/b1k2P2/1qp5/4P2K/6B1 w - - 0 1,2,Arthur G. Fellows
5d4f68c5,6Q1/8/8/6pk/8/6P1/4K2P/7R w - - 0 1,2,Евгений Васильевич Фомичёв
e73ed2af,2R5/2Pn1K2/Ppk5/1r4p1/BB2qN2/3N4/4rp2/7Q w - - 0 1,2,Sigmund Herland
8d188581,5N2/1p4r1/1K2pp2/1P2kP2/3R1pp1/1p2q3/1B2Q3/1B2N3 w - - 0 1,2,Birger Restad
264e0a20,4q2n/4RN2/p1PpBR1B/7K/2p1k3/2rrPN2/3p2P1/bQnb4 w - - 0 1,2,Marcel Segers
4f2ada7a,5R2/2np4/4pppB/K4krr/1Q6/4pNbp/7N/1b3R1B w - - 0 1,2,Eugene David Rosner
3af27529,2Q5/3pk3/6P1/2PKP3/8/8/8/8 w - - 0 1,2,Edvard Johannes Gabriel af Hällström
64ca0b10,r3Rb1r/2p1q1Pb/2QNp3/3NkP1R/2Ppp2p/B7/5PB1/3K4 w - - 0 1,2,Валерий Юрьевич Шаньшин
04dc4879,6N1/B2R3p/3N2b1/5Pkr/1Q2prPp/5p1P/K4pR1/4n1q1 w - - 0 1,2,Ján Valuška
6dfa6546,2r5/6Q1/8/3P2p1/4R3/6Pp/2p2p1K/5k2 w - - 0 1,2,Олександр Андрійович Деревчук
53535ef1,2n5/r1P1P3/pPB2P1q/3Np3/1Rp1k3/2KbN1Pp/1Qn3P1/8 w - - 0 1,2,Birger Georg Christensson Malmström
37fdd2bd,2N4B/rPR5/1PPN4/p1kq2r1/K1BRQ3/1P2P3/2p5/6bb w - - 0 1,2,Halvar Hermanson
7c3c9b30,1K3Q2/3p2p1/1N1B4/7r/p2kNnr1/7p/2PP2p1/4R3 w - - 0 1,2,Дмитрий Кириллович Каноник
266bfe9c,3Rn3/4p2r/1Np5/4k1B1/6p1/2K3N1/B7/8 w - - 0 1,2,Dieter Müller
abbdbf4d,K4QB1/6N1/5n2/R2pk3/1N1Rq2P/5p2/2pn1P2/2B5 w - - 0 1,2,James Joseph Glynn
22588b62,8/5R2/3Q4/3ppn2/4kp1B/2PRP1b1/b1Pn2P1/2BN3K w - - 0 1,2,William Edmund Frank Fillery
9f65efaf,4B3/n1p1p3/2q1Np2/3k1p2/3P1B2/1Pp2K2/2P1Q3/3R4 w - - 0 1,2,Константин Григорьевич Гаврилов
69607921,3r2n1/1pB1N2p/nPQ3pP/b4p2/r2k1pR1/P1R2B2/3KP2q/6Nb w - - 0 1,2,János Bartsch
ee6b5818,7K/1b2Q2p/7N/1n2P2B/4k3/4NRP1/1qP1p2P/B7 w - - 0 1,2,Вячеслав Иванович Каменский
84b99bf2,8/2p2K2/2B5/5k2/3pRP1p/3p2nP/3PnP1B/3Q4 w - - 0 1,2,William Alfred Whyatt
b0f6707c,1b3K2/4PN2/4R3/2p2Qp1/3knrRN/1Bn1pbp1/1PPpP3/5r2 w - - 0 1,2,Rudolf Winter
a54bb7a6,6n1/4p2N/Q7/2PPPkpP/R3Nn2/5B2/3p3B/b2K1R2 w - - 0 1,2,Zoltán Labai
3e5e024c,8/3B4/3p4/8/1pk2N2/4p3/1Q6/1K6 w - - 0 1,2,Данил Витальевич Лебедев
b0b50b89,2RK2B1/4N3/1ppB1kpP/1qpR1Pp1/6p1/r3p3/P1b5/b4Q2 w - - 0 1,2,Georg August Kohlrausch
bdf9146f,8/8/4p3/p3N2N/R3pP2/2p1k1p1/2pr2P1/2B1K2R w - - 0 1,2,Братољуб Грубер
7ead9d9d,8/2Q5/8/2bk4/6N1/3B4/6K1/8 w - - 0 1,2,Ernst Schober
713c1ad6,rb1Br3/3kq1R1/2NNRP2/3P2Q1/p5B1/6n1/8/3K4 w - - 0 1,2,Павел Александрович Мурашёв
9c00af23,8/5pN1/1Pp2p2/3pkB2/KQ4PN/p2r1np1/5P2/b7 w - - 0 1,2,Юрий Михайлович Алексеев
4807ffec,2N1rQ1b/2N5/8/n3kPpK/bR2p1p1/3pB2p/8/5q2 w - - 0 1,2,Михайло Назарович Марандюк
c68b6736,2N1Bb2/8/r1PP2R1/2Bk1pp1/2pPp1p1/P4rP1/5Q2/1NK5 w - - 0 1,2,Philip Hamilton Williams
95c117b0,8/3p1Np1/3Q3p/7k/8/5K2/8/8 w - - 0 1,2,Віктор Олександрович Мельниченко
1e99d950,8/1N1p3B/3P4/pp1p4/bpk5/1RPR1PN1/5P2/1KB3Q1 w - - 0 1,2,Павел Александрович Мурашёв
f9d8212d,BKn1R3/8/3k1N2/2p1p3/3P1P2/7p/4n2q/b3Q3 w - - 0 1,2,Rainer Paslack
3da4dca1,8/6B1/3pNQp1/1Kpkr1P1/3P4/3P4/8/8 w - - 0 1,2,Joseph Klun
5ddee85d,1k6/8/3K4/8/6B1/8/8/7Q w - - 0 1,2,Jacob Schumer
c55a170e,8/3pRR2/3P4/3qN1P1/1nP3Qr/2P1kN2/3r4/2B2Kn1 w - - 0 1,2,Joseph C. J. Wainwright
ef90e7d7,6B1/7K/5p1p/2NPpQb1/P1kqn1Rr/B3n1p1/P1bPP3/2RN4 w - - 0 1,2,Robert Clyde Moore
123c52a0,Q4nr1/2pp3B/2pP2nR/1P1kN3/1K2N1P1/2P5/1p2R2B/1b6 w - - 0 1,2,Dieter Berlin
5a44472f,n4R2/4R3/3pNn1r/pK1k4/3ppPP1/5r2/3N1b2/3Q3B w - - 0 1,2,Milan Borik
d4b22c04,2B5/K1pnN1R1/5P2/3R1p2/3pk2b/1Q3ppN/2P3p1/4n3 w - - 0 1,2,Зоран С. Гавриловски
793e2b05,8/8/1pp1Np2/7Q/2P1kP1R/6pP/2KRnpN1/5b2 w - - 0 1,2,Edward E. Maybee
28e43450,q2Nr3/5P2/1pp2Q1B/4P1NK/1PnkP3/8/1P3P2/4bB2 w - - 0 1,2,Tan Hien Yan
1711e0a0,8/8/6R1/8/2N2p2/7N/3K2n1/5k2 w - - 0 1,2,Слободан Младеновић
692319ab,1N1Rn3/2p3p1/2P2P2/4k1B1/7R/2n1NPKB/4b3/8 w - - 0 1,2,Arnoldo Ellerman
0504ee90,Q1K5/2P4n/1BR1Rp1b/1p1k4/1p1r2p1/8/3pP1N1/1b1r4 w - - 0 1,2,Henryk Salzman-Solski
5c7cbfed,1K4N1/3B4/8/2pk4/6PN/B7/2P5/Q7 w - - 0 1,2,Edith Elina Helen Baird
55247303,6Bb/8/KB1Pp3/1Qpk1N2/ppR3N1/2pn1P2/3q4/3R1b2 w - - 0 1,2,Jacques Savournin
f37a306e,8/5N2/4p2K/3pBpQ1/4k3/1r5p/3PP1n1/2b1nN2 w - - 0 1,2,László Barna
567958b0,6r1/5PQ1/2p5/1Nk1B1qR/2p1P1P1/NrP1bn2/8/1RnK4 w - - 0 1,2,Luigi Sprega
57067a14,8/2K4B/Q2Np1n1/2pk4/5pr1/2P5/7B/8 w - - 0 1,2,Charles Dealtry Locock
b3dd1024,8/2R2KP1/5RQ1/3p1B2/2Nk4/5p2/1r5n/3N1b2 w - - 0 1,2,Matti Arvo Myllyniemi
d6d13225,B6r/b2PP1p1/2P1K1Q1/2p2N2/R1p1kNR1/5p2/5r2/4nqB1 w - - 0 1,2,José Miguel Dias Figueiredo
b7c833b5,2K5/k7/3Q4/8/B7/2B5/6R1/1R6 w - - 0 1,2,Barry Jack da Costa Andrade
9edbc68d,4R3/1K5B/3p4/1nP5/2k5/2p5/5Q2/1R2N3 w - - 0 1,2,Ottavio Stocchi
f47b6212,3N2N1/1pRp4/1P1k1p2/3pbb2/1r4p1/B5Q1/n5P1/5RK1 w - - 0 1,2,Salvador Suratos
44a83832,2r1r3/5B2/4n3/1R1p4/p2k1P1R/K1pP4/N1Q3N1/8 w - - 0 1,2,Mukkur Parthasarathy
b1d3c5ce,3N2kr/3K3p/2PP3B/4p1N1/2q1P3/1Q5P/1n1P4/8 w - - 0 1,2,Александр Олегович Никитин
83fcd5a8,8/nR1B4/4Kp1r/N1k2P2/3bR3/3rB1N1/1p2qp2/8 w - - 0 1,2,Martin S. Lubell
2b69f169,3b4/8/2b1N2Q/r5p1/1RB1n1kN/3p1R2/5nK1/8 w - - 0 1,2,Friedrich Binder
3dce4131,b5N1/3Q4/pp2p3/4p1b1/3Nk3/2P1p2n/1K2Bp1B/8 w - - 0 1,2,Vladimír Bušík
4e7d06b2,1K1R2Q1/2Bb3n/1pP3p1/R1q2p1P/1p1Nk3/3pP3/3P4/nB4N1 w - - 0 1,2,Schergil Suchitaschwili
7bf4164c,5B2/6R1/2p1p3/2NpkN2/3Rp3/1K2p3/4P3/8 w - - 0 1,2,Stanislav Juříček
27f9d953,1rB5/1N5p/5b2/p1p2R1Q/n1npkPR1/1K1N3r/2PpP3/6B1 w - - 0 1,2,Jan Hartong
0b6f33c5,1N3Q1K/1pNbrB2/3k4/8/1PRn1P2/5p2/pB6/8 w - - 0 1,2,Alfreds A. Dombrovskis
d9881825,2R5/5B2/8/8/4Nb2/8/4k1N1/1Qn4K w - - 0 1,2,David Thurston Brock
3825c3fb,3n4/3B2N1/1K5p/2Npp2r/Q1Pk3B/p2p2p1/3P4/8 w - - 0 1,2,Анатолій Григорович Василенко
4288ab7c,8/p4p1R/2KP4/k2p4/3R4/2P3P1/3B1n1Q/8 w - - 0 1,2,Milan Černý
97c8cd75,1b1Q1q2/1B6/8/rnp1pn1r/N1NpR1p1/1K1k4/1PRP4/8 w - - 0 1,2,Henrik Molnár
52b399b2,6kN/3p1N1p/3p3B/1q1p4/2r3BK/6Q1/1rn3R1/8 w - - 0 1,2,Рафаэль Моисеевич Кофман
c15c2acf,6n1/b2Q3r/8/1K2p3/1np1NR2/4k2p/1Nrpb1PB/2q1R3 w - - 0 1,2,Lewis Rothstein
5ce4249e,8/1K2P3/1N3Q2/1Bk5/1R4r1/p2nNp2/1Bn5/3q4 w - - 0 1,2,Игорь Александрович Алёшин
6bf074fa,8/8/3Q1pB1/4rNpp/4P1k1/4P3/3p2K1/8 w - - 0 1,2,Léon Loewenton
170396be,8/2B5/2p1Bp2/2k5/P3p3/pRK1pN2/bP6/2R5 w - - 0 1,2,William Ellis Keysor
e120764b,6K1/2p5/2p3R1/Rbr1kp2/4BN2/2N5/1Q6/6B1 w - - 0 1,2,Henri Gerard Marie Weenink
27a3a254,5K2/PQ1b3B/3r4/5p2/1P1k1P1B/N4RN1/2P1P3/3rb3 w - - 0 1,2,Karl Harder
bdeaa44c,B1Qr4/2bN2B1/n7/1R2p3/3k2Nr/1P3n1R/4PP2/3K4 w - - 0 1,2,Werner Issler
50a94d7e,8/8/8/8/2B1k1K1/4P1Qn/5P2/7N w - - 0 1,2,Halvar Hermanson
a7cdaedc,5kN1/5B2/bp5K/4p1RQ/8/2B3bn/5q1r/5R2 w - - 0 1,2,Harry R. Neale
bfe8ce3c,1nn2b2/2BBp3/p2P1pK1/3Nk1PR/1pR1pNp1/2P2bP1/rQ6/7r w - - 0 1,2,Nils Gustav Helmer Jönsson
b8414a65,4R3/1p2B3/1p6/1Kp1k3/2PN3P/Q3P2P/3P4/8 w - - 0 1,2,Benjamin Milnes Neill
12802686,7Q/N1p5/2Pkb1P1/4R3/3p4/3p4/3K4/8 w - - 0 1,2,Antonie Clarus Johannes van Eelde
65003a95,1B1K4/3bN2B/2NP4/8/3p1k1q/8/3PP2P/6Q1 w - - 0 1,2,George Clarence Vincent Alvey
3aad448d,5nK1/2Qp4/8/N2k4/4p3/2p5/4nBN1/8 w - - 0 1,2,Morris Lissner
61d7ed63,7K/1N1B3p/4R3/Rnbk1p1b/n1pp4/4Br2/4N2r/3Q4 w - - 0 1,2,Benno Schlotterbeck
c09c675f,4r3/1Q1P3q/7p/pB1np1RN/KpRpk1N1/8/4P3/8 w - - 0 1,2,Comins Mansfield
3e4ecfc0,5K1k/6nr/4N3/3n4/8/2B5/8/8 w - - 0 1,2,Gottfried Reusser
192480ae,4Q3/p1R4b/Kn1p4/1p5R/1N1k2pB/2p2r1q/NP6/1B3r2 w - - 0 1,2,Vincente Escoin
43001d5b,2R4K/8/1N2p1B1/Np1bp3/3k4/Q2np3/3rp3/3nB3 w - - 0 1,2,John Michael Rice
97184f37,8/8/8/8/8/K1R5/R1P2k2/Q7 w - - 0 1,2,Johannes van Dijk
1742a1c2,8/8/8/3p4/1P3P2/1N2k1N1/1K6/5Q2 w - - 0 1,2,Bernhard Hülsen
114f3132,Kn4B1/1Pb2pN1/p1kq2P1/P2R1Q2/3p4/1P1N4/8/8 w - - 0 1,2,Hermann von Gottschall
568dd033,2B5/8/8/1R5K/1Q6/8/4kP2/4B3 w - - 0 1,2,Владимир Михайлович Сорочан
b5de6656,6b1/bP6/5p2/Q2P4/pP1kNP2/1qp3K1/r2P1N2/B4B2 w - - 0 1,2,Sándor Boros
c7031280,3RNNb1/nKP1p3/2p2p1p/2kPp2Q/R4Bp1/8/1P3b2/5B2 w - - 0 1,2,Dieter Müller
1c689f42,1q2n3/8/1P2P2K/R3Pk2/Q3R3/4p3/4N1P1/1b2b3 w - - 0 1,2,Josef V. Mařík
ff6a8ea6,8/3P4/2r1p3/2pkp3/3p1p2/7Q/P1P2K2/8 w - - 0 1,2,Ivan Šindler
94d93a55,8/2p2N2/3pB1pp/2pNP1Pn/4kP2/1p1pPR2/5QK1/3n4 w - - 0 1,2,Віталій Іванович Аксьонов
dcc25a43,2B5/2p2N2/n4pr1/1Qb5/R1q2kp1/npNR4/1K5P/6B1 w - - 0 1,2,Lars Aksglæde Larsen
7278e700,qrr5/p2R4/N1kpB3/R2NP3/8/P2Ppp2/2K1bP2/2Q5 w - - 0 1,2,Édouard Pape
6e27fed7,3BQ3/1N1pPK2/5N2/1PP3pR/Bpkp4/6R1/3P4/8 w - - 0 1,2,Надія Олександрівна Леонтьєва
113b07c9,1Q6/1K6/2Ppp1N1/2Bk4/2R1r3/8/B6b/8 w - - 0 1,2,Radu Drăgoescu
419eae1f,5qr1/3NR3/8/1R6/r4k1B/8/2B2PpN/1b4K1 w - - 0 1,2,Stefan Parzuch
23b1ca30,1b5B/5Q1p/8/K4B1r/4Pk1P/1p5R/1N6/2nb4 w - - 0 1,2,Rafael J. Bermúdez
35e55a08,1B2R3/r1q1p1p1/1pP1k1Bn/6Pn/P1P5/1NQR4/1K2N3/8 w - - 0 1,2,Zoltán Zilahi
b2e6d1b2,8/1Np5/2Q2p2/3Pkb2/8/2N5/8/K1B2Bn1 w - - 0 1,2,Artúr Nandráži
33515a1f,8/7Q/P1P2K2/2pkN3/1np1N3/2Pbp3/8/8 w - - 0 1,2,Альберт Федотович Иванов
06d2394a,7q/1B3p1N/4p2b/3pP1P1/1R1Pk3/Qp1pPR2/6KB/1b6 w - - 0 1,2,Max F. Nemmer
96e88014,8/8/5pP1/5P2/RB1N1k1N/3P1B1P/2P2p2/5K1R w - - 0 1,2,Вячеслав Георгиевич Копаев
6fb0e67d,1K1BQ1n1/1P1pr1b1/2kP3R/1N6/2Pp1p2/qN1n4/2B5/3r4 w - - 0 1,2,Nikolajs Viesturs
642de454,3r1R2/b4Q2/2p5/pN2p2K/1R1Pk2n/1N6/B1p1PP2/q2r4 w - - 0 1,2,Dieter Müller
10d56ff5,8/6B1/8/N3RP2/NK2B3/n7/p1pP3p/k5bR w - - 0 1,2,Josef Mikulcak
2bad64eb,3N4/7r/N2p4/1p1k1p2/4qP2/1KB3P1/Q5B1/2b5 w - - 0 1,2,Frank Harper Bennett
ca1ac718,8/5Np1/2b1p3/N2kp1P1/2R5/2p1B1K1/B1qb1PPQ/8 w - - 0 1,2,Imre Grósz
f078e070,3R3B/7B/5N2/2P2n2/3q1P1n/1PNk4/2p2P2/Q1K5 w - - 0 1,2,John Michael Rice
4137ffe5,K4R2/1B1k4/6N1/2P2PP1/b2n1BQ1/2bRp3/8/3q4 w - - 0 1,2,Arthur John Fenner
1fcb09c7,8/qb2N2p/2p3rB/6p1/1R1p1k1P/5N1P/1n5P/4R1KB w - - 0 1,2,Valerio Agostini
433e137e,1K6/N2bQ1pB/1B1N2r1/3kp1p1/1R3p2/8/4P2b/3r4 w - - 0 1,2,Friedrich Valentin Schulz
451ca7f0,R6r/1nPPk1PP/3n1p1B/2NK4/8/8/8/8 w - - 0 1,2,Ване Бор
6531aa53,2nB4/3pp1R1/2p5/2b1kPK1/2nrNN2/4PP2/B2R4/1Q6 w - - 0 1,2,Edward Pałłasz
daf044f6,Q7/2B5/8/6K1/2BN2p1/6pb/2p4p/R1N3kn w - - 0 1,2,Otakar Votruba
51c6da00,BR6/RQn2p2/1n1b4/3rP3/3p2p1/p2p2B1/8/5kNK w - - 0 1,2,Анатолій Григорович Василенко
33d3ca76,1n6/p3p3/Np1kB2K/3PR3/8/4Q2b/7B/1n5q w - - 0 1,2,G. J. Hicks
edf32cb9,8/4Rp2/Kp1P1k1P/5P2/6PP/p4pp1/1q6/B1n1R3 w - - 0 1,2,Василь Матіко
2ee297fa,1B2R2b/7p/r2N1kPP/8/3R3K/3Q3P/2n5/5r2 w - - 0 1,2,Frank Robinson
874fa6f6,3R3K/2n4p/pQPp3r/r2kPPNN/BPp4q/2Bp1P2/5n2/8 w - - 0 1,2,Oswaldo Faria
c5473c5c,5K2/3p1Q1B/2p2R2/3N4/1p1k2p1/1P1N1bp1/2P1nqp1/6B1 w - - 0 1,2,Guido Cristoffanini
9da06cf8,3B4/1n1p4/3k4/Nppp1K2/2R5/8/8/1Q6 w - - 0 1,2,Ugo Lancia
a9e8fa5f,7k/6R1/6Kn/8/8/8/8/8 w - - 0 1,2,Bengt Rudolf Giöbel
e9bb5913,5BnK/5Q1p/1p6/qn2k1P1/5NrR/1N1P4/4P3/6r1 w - - 0 1,2,Василь Васильович Дячук
f4838fce,1B4q1/1rnr1R1B/1R1n4/p3kp1b/K3pN2/ppN1P3/8/Q7 w - - 0 1,2,George Hume
d6856ff3,2rrn1N1/8/4p1PQ/1R2nkN1/1b4p1/3R2p1/b1B5/2BK4 w - - 0 1,2,Newman Guttman
d1dbe1f2,3R4/1p6/brpp4/Rp1P1p2/3k1P2/1K1N2p1/4Q1P1/8 w - - 0 1,2,Василь Вікторович Крижанівський
2ab48a3f,3r1R2/1P2B3/1pBNp1p1/2N1k1p1/2R5/2Pqp2p/3Pp2K/1b6 w - - 0 1,2,Antanas Vilkauskas
62e8c937,1B1Nn1b1/2r1pp2/2PkPp1N/Q7/Bn2Pr2/1K3p2/5P2/8 w - - 0 1,2,F. G. Butcher
bd14be8b,2K1R3/1pn3QB/bb6/5P2/4Nk1r/r4n2/3PPN1q/2B5 w - - 0 1,2,Jacques Savournin
875e8a99,2n5/2p2Q2/Rb1k1B2/1P3p2/1Pp2rp1/2N1N3/8/4RnKb w - - 0 1,2,Janusz Fux
c6ac7704,B1n2B2/3bp3/Q3p3/1pkp2nR/8/PK1PP3/1PP2N2/3r4 w - - 0 1,2,Rui de Carvalho Nascimento
8a9ea012,2K5/6p1/2p2p2/5kPP/B1QpbPpn/b3R1n1/4N2B/8 w - - 0 1,2,Павел Александрович Мурашёв
be1e64f9,6B1/8/1N1pr3/1Qn3nR/4k1P1/1p2P2P/1B2R3/K6N w - - 0 1,2,Benjamin Glover Laws
33175453,3R4/5p2/2p5/2Pnk1BK/4N3/5Q2/B4n2/8 w - - 0 1,2,Віктор Олександрович Мельниченко
64ec2dd3,rn2kbK1/1R3pp1/4PB2/7N/8/7Q/q1n5/2R5 w - - 0 1,2,Steven B. Dowd
71778339,3r4/p7/1pB1pNp1/2kPQ1K1/1R2P3/P3P3/3r1p2/2Nb4 w - - 0 1,2,Володимир Григорович Рябцев
70aa1cee,8/8/4Q3/7k/5P2/5K2/8/8 w - - 0 1,2,Werner Speckmann
3fea0ac3,3Q4/5nR1/1b3N2/2n5/2RB1k1N/K1P2b1q/5P2/8 w - - 0 1,2,Aurel Cubat
10754de6,1B1K4/5BpQ/5kP1/5pp1/5R2/5b1N/8/8 w - - 0 1,2,György Bakcsi
211bab4f,8/3N4/4r3/3B1k1K/6N1/2B3P1/5p2/8 w - - 0 1,2,Валерій Володимирович Копил
c8c63c74,3R1nq1/K3p1Q1/p1N4r/2knNRb1/Pp5r/1p1B2B1/3P2b1/8 w - - 0 1,2,Lars Aksglæde Larsen
bb98577a,4N3/1p1r3B/p2p2r1/RPPp4/N1k5/P4p2/1p6/bK1QB3 w - - 0 1,2,Zoltán Labai
945bdf3f,8/8/5Q2/2rk4/1P4R1/1K1p4/8/8 w - - 0 1,2,Werner Speckmann
9048f71f,8/8/8/N4Q2/1k6/8/8/1KN5 w - - 0 1,2,Микола Васильович Чернявський
1e02c548,4N3/PPPPPPPP/3pbp2/4kp2/4pN2/4K3/8/8 w - - 0 1,2,Tibor Szabó
84e44ca6,2R5/B4p2/3p3b/7b/8/2Nk4/5nr1/1K2QN2 w - - 0 1,2,Dejan Glišić
7402576b,2nN1b2/1nQp2r1/p3q1B1/2pk4/N3p1p1/1P6/4K3/B7 w - - 0 1,2,Mieczysław Pfeiffer
b4ea4291,8/2K5/3pNB2/pp1k1P2/2p1NQ2/8/8/4q3 w - - 0 1,2,Henryk Kruk
8ff5d903,BB6/1r3b2/1R3R2/3kp3/P1N5/1n3n2/1KQ5/8 w - - 0 1,2,Josef Maršálek
8b920790,8/8/4R2B/1P4r1/1KPkb3/1RNr2n1/6P1/2Q5 w - - 0 1,2,Wolfgang Pauly
6649dd9e,3Q4/8/8/K1Nrp3/8/B7/PR1R4/1Bkrb3 w - - 0 1,2,Joffre Roxo Fleiuss
7be4d9d4,4rkr1/KQ2p1pR/PRP2PP1/1P6/8/1p6/1B6/8 w - - 0 1,2,Édouard Pape
43e5f91b,3b4/3Kp1Q1/R6n/1p2Nk2/5p2/3b4/8/7B w - - 0 1,2,Jens Künzelmann
87b7d799,3B4/8/1K6/2N1k3/8/4N2B/5P2/8 w - - 0 1,2,Hanspeter Suwe
7735229b,6n1/2p5/1pQ5/1N2Pk2/2P2P2/2N3K1/2n5/8 w - - 0 1,2,Marcel Aschenazi
0663563e,b3n1K1/5p2/r4pp1/1RQ5/3Nk3/1p2P3/4BP2/bN1r4 w - - 0 1,2,Валентин Федорович Руденко
a693a5ae,2Q5/8/N2pp1P1/8/3k1N2/3B1K2/2P5/b7 w - - 0 1,2,Kurt Friedrich Laib
1d1faf59,8/4nNp1/1p2ppP1/1n2P1p1/2Qbk3/1Np2RP1/4PP2/2K5 w - - 0 1,2,J. P. Coppens
897e95a1,7K/p3Q2p/r1BR3p/2p1Np2/5k2/3P4/1n4Rp/b2N1n1r w - - 0 1,2,Анатолій Григорович Василенко
fe485acc,K7/n7/B5Np/1p2R2P/1Q1Pp1kN/7p/5Pb1/2b3R1 w - - 0 1,2,Arnoldo Ellerman
0735cb61,5Q1K/N2b4/8/B3k1N1/2P2p2/1P3PPp/3q1P2/1n2r3 w - - 0 1,2,Jorge Breu Noguera
35ed24ea,4N3/4B2n/pr1P4/N2pkP2/4p1P1/2R3P1/3RKP2/8 w - - 0 1,2,Philip Hamilton Williams
487b8d47,8/2r4N/2pp1p1p/1R1pkP2/1NR3P1/2p3P1/1qbPKBnr/1Q1n3B w - - 0 1,2,Пётр Степанович Муссури
88ddfd60,1B2n3/K2P2r1/1Nk1B3/R5n1/P7/r1q1N3/8/2R4b w - - 0 1,2,Francisco Novejarque Iranzo
3bd3a7f7,7R/b3k2K/3p2P1/4BB2/r7/2n2b2/1R5Q/3r4 w - - 0 1,2,E. Heinz Kneffel
b81fdd56,Q7/2pk4/1b3P2/1bP4p/2PN2q1/4KRBB/3N4/3R4 w - - 0 1,2,Александр Михайлович Михолап
c32ac6cc,8/B2b4/2P5/1Nn1P1RN/2B1kPp1/q1p3r1/3PnbPp/5Q1K w - - 0 1,2,Otto Strerath
fec00591,3R4/1PB1p3/b1k1P3/1NPpK3/2N5/1PQ2P2/8/8 w - - 0 1,2,Евгений Александрович Лопатинский
6760c2c6,8/2n5/p1BR4/P1k2N2/5P2/3P2n1/5N2/K3B3 w - - 0 1,2,Дмитрий Васильевич Кларк
c361c12a,bK4n1/5p2/3Rp1RB/4pk1p/4N2p/8/6Q1/2b5 w - - 0 1,2,Gerhardus Johannes Gerard Smits
8c5bb503,2k1r1R1/K1Pp4/8/1N2PQNq/8/8/7p/8 w - - 0 1,2,Милош Томашевић
453ff0cd,8/1p2pB2/1p2P3/1K2kpB1/7P/6N1/1P6/3R4 w - - 0 1,2,Francis Charles Collins
7abe5b9f,2b5/N7/2R5/3k4/2p3pr/p1p1K1BP/nP2Nn2/1Q6 w - - 0 1,2,Fritz Hoffmann
bfa22478,2Kn4/5rb1/R1P1N3/P2k4/1B1p1P2/1Pp5/2N1Q3/1B1R3b w - - 0 1,2,Erkki Aukusti Wirtanen
cea1c98c,BQ1r4/2n5/Rn6/1p1P4/pPp2B1p/2R1Pk2/5N2/5K2 w - - 0 1,2,Fritz Karge
c1cb7ba6,8/1B1pK2p/Q4p2/N1p1k1p1/3nn2N/6P1/4Pp2/B1r5 w - - 0 1,2,Allard Pieter Eerkes
ea5ebc2a,8/3Kp3/1p1n4/3k1p2/1P4R1/8/1Q2N3/5B2 w - - 0 1,2,Hrvoje Bartolović
0c67c4df,6Bn/1p1rP3/1P2R3/2kPB3/K5pn/1P1RP1rQ/5Nbq/8 w - - 0 1,2,Даниил Якимович
54ecbc83,7b/8/8/4n2p/7B/3N1pPk/5Q2/1b4K1 w - - 0 1,2,Ottmar Weiß
f95949ff,5Q1K/4p3/8/2B1k1N1/5N2/1r2P2b/5n2/2b1R3 w - - 0 1,2,Udo Degener
aff5b6f1,1K1R4/4p3/bBp2NQ1/Rq2k2r/4Nb1r/n2n3B/3P4/8 w - - 0 1,2,Richard Büchner
49ba31a0,B1r2R2/3Rp3/2r1N1KB/4p3/2n1k1n1/1QP1p2b/q1p5/6N1 w - - 0 1,2,Unto Heinonen
2dc3fc03,7R/4pkB1/8/R5p1/4Q3/8/8/K7 w - - 0 1,2,Harry Viggo Tuxen
0ed40585,Q5B1/5K2/1p6/3n1p2/3k4/1r3r2/2R1R3/2N1N3 w - - 0 1,2,Roland Lecomte
b8b763b2,8/8/2R2n2/5k2/3b4/2p2K2/2N3Q1/8 w - - 0 1,2,Євген Юрійович Трахтман
7871a929,8/1QB4b/8/5p1n/K1N1rp2/1p2Nk1P/3p2RR/1Bb5 w - - 0 1,2,Alfréd Hochberger
52000789,b5K1/5Rp1/3p2p1/R2Pk3/p2Np1BB/2P1N3/q2p3b/7n w - - 0 1,2,Helmut Zajic
75c3cc9d,2B2n1r/6N1/P2k1P2/R1Rprp2/5p2/NK1p1Q2/1B6/b3n2q w - - 0 1,2,Stefan Milewski
de29d426,5K2/4N2p/6Rp/1Q2pb1k/8/5N2/8/8 w - - 0 1,2,Алексей Карин
68fbde46,1Q6/7p/8/7k/5K2/8/8/8 w - - 0 1,2,Rudolf Svoboda
9fd0b177,1R3B2/2pP1P2/2Pb3p/PPPk3P/4RP2/1n1B4/3p2Q1/3K4 w - - 0 1,2,Alexander Fica
dcc7204b,7B/p1p1N3/3pn1pK/q3p2R/1b2Bkr1/3Q3P/4p1pP/4Nr1n w - - 0 1,2,Микола Мойсейович Великий
4fe95342,3Q2nn/3B2p1/8/4kp2/4b2N/p3bPP1/1r3NK1/B2RR3 w - - 0 1,2,Александр Н. Лебедев
305cb1a1,b5B1/3p3K/RNrr1kN1/6p1/3nRPPp/5n2/5q2/B4Q2 w - - 0 1,2,Nenad Petrović
96d89838,1N1K4/3Nn3/3ppR2/3k4/B1p2B2/1n2P3/2QP4/3R4 w - - 0 1,2,Ştefan Groza
0be376b4,2b5/1p1p1R2/1K1pk3/4N2P/2N5/2B5/B7/8 w - - 0 1,2,József Michló
2c2dfd23,8/2K1pppP/4PkP1/5PR1/8/8/5R2/6Q1 w - - 0 1,2,Георги Хаџи-Васков
33142c7c,b3r3/2Nn4/7r/R1P5/3k4/1P2R1QP/n6B/4KN1B w - - 0 1,2,Karl Adolf Koefoed Larsen
8084e882,2Q5/1K1pp3/3k4/3p4/3B4/8/8/8 w - - 0 1,2,Микола Олексійович Пархоменко
0817c3a9,N2Nk1K1/1p1RppP1/1r6/1r5B/2b5/3p3Q/7b/8 w - - 0 1,2,S. W. Eckett
dcca382d,bbQ5/5Kp1/1p1P2p1/1P1k4/4NnN1/n1PB2p1/2P3P1/8 w - - 0 1,2,Valerian Oniţiu
bc13c66e,7Q/5Nn1/5RKp/3pN2B/1b2k3/4P2n/2PP2bB/8 w - - 0 1,2,Werner Schmoll
3013f0ce,8/2B2n2/3PRPpR/2Q1r1N1/3N1k2/7P/2P4K/3B4 w - - 0 1,2,Carl Primus Wahlmark
46947b2d,8/8/8/8/3p4/p7/3Q4/kbK5 w - - 0 1,2,Fritz Freimann
380f6082,8/K1k5/8/8/3QN3/8/8/8 w - - 0 1,2,Зеновій Гнат
61711feb,6Q1/3N4/6K1/8/3k4/8/2BP4/8 w - - 0 1,2,Bogusz Piliczewski
9da02c1f,1R6/p7/1pk1PR2/4P2n/P2p1pp1/4N1Pp/5p1Q/5B2 w - - 0 1,2,Paz Einat
1420d6b3,2N5/8/Bpn2K2/1RqkP1N1/2nPp3/2Pp4/P4R2/1Q6 w - - 0 1,2,Виктор Васильевич Загоруйко
3461c283,QR6/2ppbp2/2p1k1Np/1PB1P2n/3KN1P1/8/8/8 w - - 0 1,2,Joseph C. J. Wainwright
35b73f0f,4q3/8/1n2Q1N1/3p4/r3P2r/3k4/N7/1nRK2B1 w - - 0 1,2,Marcel Segers
ea494e0a,7K/1N4R1/8/4k3/3N2nR/B3n3/B3Q3/8 w - - 0 1,2,Charles Dingee Pennock Hamilton
7da4efe5,2R4r/5Q1p/R1B5/2k1pp1K/1p6/1n6/qN3N1B/3r4 w - - 0 1,2,Н. Е. Ратников
7ba363ad,8/5B2/5p2/8/3pk3/8/5QP1/2K5 w - - 0 1,2,Wilhelm Friedrich Martin Steinmann
16a3f834,8/N5bR/2p1Q1pB/p5rr/Nk6/1P6/Knn5/8 w - - 0 1,2,Леонор И. Гулак
e5c72658,4RN2/5pB1/1Q2r1P1/5kP1/n4P2/6PK/1b6/7B w - - 0 1,2,Gheorghe Căliman
f6bbc80a,K2B1n2/p1N3p1/r1p2p2/2N1k3/1pP1B3/2p2qPb/4Q3/3R4 w - - 0 1,2,Ernest Haslam Harvey Jerrard
a2a5c107,6b1/Bp1N2p1/1Q2P1P1/1P1k2NR/3P2K1/bPp1pRp1/4q1B1/3r4 w - - 0 1,2,Comins Mansfield
fce23687,8/5K2/b1p5/R1bk4/1n4R1/nrp5/B2qP2B/1NrQN3 w - - 0 1,2,Eeltje Visserman
a7e0c0a5,Bn6/6B1/p3PR2/4nK2/2Pk2NR/1PpN1p2/2P2p1r/r2Q4 w - - 0 1,2,Виктор Иванович Чепижный
49c34165,1B3Q2/1pr1r2B/1R4n1/2Pp4/RNPkP3/1P4P1/3P4/2K1N3 w - - 0 1,2,Henryk Kroc
0786066b,2B5/8/3P1p2/2QpkpbK/6rp/2N2RP1/2b1P1r1/B2qR3 w - - 0 1,2,Hendrik Prins
614eb043,4b1N1/B3Rp2/Q2p1b1r/P2kn3/2p4r/K2n2qB/3RPN2/8 w - - 0 1,2,Tibor Vész
92264077,2b4Q/4pR1N/4P3/2p2P1B/5k2/K1N1p2R/4p2P/4br2 w - - 0 1,2,Eduard Mazel
86500f01,5RK1/8/3p1N1p/3P3R/5k2/3r1r2/5P2/1B3Q2 w - - 0 1,2,Emil Klemanič
1146283e,4B3/4r1Pp/2q2p1k/r4R2/5N2/5p1K/b2N4/2B3R1 w - - 0 1,2,Jacobus Haring
0ef30eeb,8/1B4p1/3BppQ1/2R4p/n1pkN1b1/P1p5/rb2P2K/5N2 w - - 0 1,2,Владимир Алексеевич Ерохин
f7739089,4r3/1B1NP3/4N1R1/1n3k2/8/8/Rp4K1/b7 w - - 0 1,2,Отто Бурр
74d770c9,8/3p3K/8/3B4/q2bN3/1pp1B2R/4k2n/2Q2bRr w - - 0 1,2,Дмитрий Николаевич Банный
25343c0f,Q7/8/5Pp1/KRRNpp2/4k2N/p7/5B2/3r1B2 w - - 0 1,2,Владимир Алексеевич Ерохин
8f2f179d,1Q2R1Kn/B7/5Np1/4p1nr/R3pkPP/4p1pP/2N3P1/b2rq3 w - - 0 1,2,Daniel Joffart
e5b6b08d,3n4/k2K4/8/8/8/8/7R/rR2Q3 w - - 0 1,2,Andor Rózsa
a381e31d,8/8/8/8/2k5/PNN1r3/2Q1P1P1/5BK1 w - - 0 1,2,Gustaaf Josephus Nietvelt
20037956,4R3/4r3/1P4Q1/3P1n2/4Np1n/RBB1k2N/4P1b1/3K4 w - - 0 1,2,Борис Iванович Муха
98b5add7,8/8/8/8/3p2Q1/3P4/1K2p3/1N1k4 w - - 0 1,2,Pehr Henrik Törngren
62effb16,5q2/2rn1p2/3Q1b2/1N3kPB/R7/Kprn4/1P1BR3/8 w - - 0 1,2,Jan Jacobus Ebben
30aeaaaf,bq2rR2/2b1n2K/6p1/R1B2NkN/7p/r1n4P/3PB3/Q7 w - - 0 1,2,Matti Arvo Myllyniemi
037fe485,8/8/B1nK4/B7/k7/2Q5/8/1b6 w - - 0 1,2,Peter Vogel
1a071c31,2B2qb1/1p1rbn2/2k5/Q2p1n1r/3pPB2/1K3N2/8/6R1 w - - 0 1,2,Mariano Madeo
ca794de9,7R/3bp1Q1/3k4/8/N3B3/8/3K4/2R5 w - - 0 1,2,Ernests Gīze
3058920a,8/5p2/3p1P1Q/8/NN2k1B1/1P6/8/5K2 w - - 0 1,2,Mór Ehrenstein
2d9c9813,3K2B1/2rPr3/R1PkPQn1/1P1p4/N7/8/8/8 w - - 0 1,2,John Ormerod Scarlett Thursby
7ceda845,8/4r2p/3Rn1pP/4Nk2/3B1PNb/3P2RB/b4P1P/2Q1K2n w - - 0 1,2,Marian Wróbel
27d4d22c,8/2N4B/2Rppp1R/1p3rP1/b3kNp1/pr1p2KP/Q2P4/B7 w - - 0 1,2,Ralf Krätschmer
ed35faf7,1N5B/1b4n1/1P5r/3B1nq1/R4bR1/1p1kp2N/1P1p4/1K1Q4 w - - 0 1,2,Фёдор Иванович Рогожин
3b9523b8,1K6/1Q6/R2PpP2/N3k3/2P1N3/5R2/8/rb2r1B1 w - - 0 1,2,Julius Buchwald
1808e70c,8/b2nQn1b/8/7r/2NkBp2/BPp4p/5K2/8 w - - 0 1,2,Huibrecht van Beek
bb5ffd18,Q7/2NpB3/2P3p1/3R1bP1/1N3k2/1pr1pP2/1P2P2K/8 w - - 0 1,2,Валентин Алексеевич Туроверов
73ecaf64,2n5/1P5R/1P1k4/5R2/6K1/8/8/8 w - - 0 1,2,Werner Speckmann
e5d91bc6,7R/K1k5/5N2/1Pn1P1p1/p1r5/b3B3/6NQ/1bR4B w - - 0 1,2,Gregory Lewis
7ce27692,8/8/B1p5/2P5/3k1N2/K5P1/5NP1/6B1 w - - 0 1,2,Lorenz Hansen
3d03da45,K7/8/4p3/4Bpp1/1N3rn1/p4nQN/Rb6/7k w - - 0 1,2,Howard Lawton
c8ef721c,8/1PNK4/1ppN4/pbk2P2/3p3b/8/1RPBP3/1qR2Q2 w - - 0 1,2,Евгений Иванович Шаповалов
36073733,3N3B/6n1/rR1N4/1rk5/np5Q/1B1p4/5K2/8 w - - 0 1,2,Ferenc Fleck
c5abbee4,8/3B4/2NP1Pp1/1p1k1pKb/2p1pPp1/B7/1p1N1p2/7Q w - - 0 1,2,Louis Joan Marie Reynders
cf03d713,7B/8/B2npr2/1npp2bR/Rp1k1pK1/3rqPP1/P2PQ3/1N2N3 w - - 0 1,2,Cyril Henry Stanley Kipping
1c92f28d,R1Bbr1q1/Kpk1pb1Q/5R2/5Np1/8/B3N3/8/8 w - - 0 1,2,Cornelis Johannes Oosterholt
b94bb859,3B1nB1/8/3N1R1K/r3k3/r6p/4P3/4RQp1/1b2N1n1 w - - 0 1,2,Владимир Алексеевич Ерохин
d43ee5cc,3b1K2/r1p1PPp1/p1b3Bp/5p2/RB1q3k/7p/5N1N/2Q3R1 w - - 0 1,2,Jean-Pierre Carrez
c67c7108,1N2N3/4k1K1/8/4nB2/Q3n3/8/8/4R3 w - - 0 1,2,Frank Melville Teed
15fcb433,1r2n3/4Q3/8/2PB3p/2Pk1P2/N1p5/1n5r/K1N5 w - - 0 1,2,Jozef Taraba
eea8c81a,1B2NR2/3nPb1q/2Np2rp/r4k2/2Q3pP/p3PPpn/K4bB1/8 w - - 0 1,2,Gyula Tóth
2734601c,2N5/p4p2/5K2/1p1k4/1BR5/2Pn4/1n6/5Q2 w - - 0 1,2,Edvin Alexander Ekholm
0e3f3779,8/2P3n1/2p2B2/2P2p1R/2Q1pkP1/8/5PP1/2K5 w - - 0 1,2,Heinrich Jühe
77800d9d,8/8/8/2K2P2/4kB2/4P3/6RQ/8 w - - 0 1,2,Николай Николаевич Акимов
0d693ffe,1K1k4/1R3B2/3p4/2P2p2/5r2/7r/1p5Q/B1b5 w - - 0 1,2,József Korponai
2b809ae6,4Nb2/4p3/2R5/3R1P1k/p3B2P/Pr3rPK/Q2BN3/4n3 w - - 0 1,2,Paul Köller
79b718ac,8/8/1B2p3/8/4kpQ1/5N2/1K6/8 w - - 0 1,2,Robert A. Lincoln
d4b2ce1f,2N5/4r1p1/1pp3K1/3kpBNR/6Q1/n1R5/3p4/7b w - - 0 1,2,Олександр Борисович Постніков
8cf2110b,1r6/br6/2b1BB2/8/N1N5/3k4/1n6/2K1R3 w - - 0 1,2,Waldemar Tura
fcfe1ed2,bQ6/1BnP4/3RPp2/2K1kPP1/4P1r1/p5P1/1n6/B7 w - - 0 1,2,Guido Cristoffanini
9c695ef1,1rQ4B/1p4q1/n7/2R1N2R/1P1k3P/5PpK/5P2/8 w - - 0 1,2,Ferenc Fleck
8360665b,5bR1/r2kPR1n/2NBN3/6p1/b7/3Q3B/8/5K2 w - - 0 1,2,Richard Kenneth Kujoth
bd9035ec,8/7K/Q5p1/7B/6rB/1P2p3/1R2Ppp1/4Nkb1 w - - 0 1,2,Ladislav sr. Salai
d129eef2,7R/n2NkNn1/2P2R1P/3bp2B/1q5B/Q4p1K/1r5b/r7 w - - 0 1,2,Włodzimierz Suchodolski
573bcb72,3bb3/8/3p1P2/5p2/p4K2/5P1p/R1PP3k/1R6 w - - 0 1,2,Alex Casa
516dff0b,2K5/2p1p1N1/2Bp2n1/1p6/1B1kqP1R/1pR2p1Q/2nPp3/4Nr2 w - - 0 1,2,Arthur Robert Gooderson
da23547d,4R3/8/2P1rp2/2R1nN2/2p1kb1P/2P3p1/2K3N1/1Q1B4 w - - 0 1,2,Вячеслав Георгиевич Копаев
59b67954,2R5/2b4Q/8/3p4/br1p4/Kp2B3/2N2R2/1kN5 w - - 0 1,2,Abdelaziz Onkoud
fd32112b,8/5k1p/2p2N1B/2Q5/4K3/8/8/8 w - - 0 1,2,Ramil Səfərəliyev
687ff179,1nr5/pR1p1ppb/2kP4/r1NR1p2/4Q3/5B2/5B1b/2nK4 w - - 0 1,2,Christopher Bennett Becker
0d777720,5nQ1/6P1/5B2/2R5/5k2/2R2P2/8/4K3 w - - 0 1,2,Donald Lebeck
1567742c,2K5/2B5/R7/2k1p3/4P3/3B4/8/8 w - - 0 1,2,Олександр Гнатович Жук
5f532416,7B/3K4/8/3k4/1Pp1p3/3N3P/3q4/7Q w - - 0 1,2,Sámuel Gold
14dcf876,3r1N1q/1p2R1pQ/1P6/1KBkNpr1/3P4/2bP1p2/2P3nn/3B4 w - - 0 1,2,Miguel Uris Escolano
7dd1a96a,6Q1/3p4/3p2Np/2pR2n1/2Rn2kP/3P4/4PB1K/3B4 w - - 0 1,2,A. F. C. van der Linden
ae627c8f,8/8/4N3/8/8/3k3B/KQ6/8 w - - 0 1,2,Альберт Серапіонович Шахназарян
9d972cda,4N3/2p5/2K1Q3/3N2R1/n1k3P1/P1p1P3/2P5/7q w - - 0 1,2,Hércules Colonelli
bb4a6e58,8/2PN4/P7/1N1k1B2/K7/8/8/8 w - - 0 1,2,Werner Speckmann
d6c0ba8c,B5n1/b2rNNK1/6Q1/7P/3k3r/1PR3pb/4p3/2n1B1q1 w - - 0 1,2,Halvar Hermanson
12a76434,8/8/K7/2k1bp2/1N1R2p1/2p5/p2N2p1/q1nQ4 w - - 0 1,2,Andrej Anton Uršič
fdbe70e7,5QB1/8/8/3r4/1PNkp3/P5p1/P2PK1P1/8 w - - 0 1,2,Puiu Popescu
99a21e2d,2b5/1p2p3/pB2P1K1/6Nn/Q1P1Pk2/8/1p3N1P/8 w - - 0 1,2,Andris Virtmanis
f8190fc3,5b2/1Qpr4/8/KNk1B3/b1P3q1/pp1p4/6r1/2R4B w - - 0 1,2,Imants Ķīsis
2a518b6e,1r6/8/q7/br1Np1B1/3p4/5P1P/2P3RK/RB1k2NQ w - - 0 1,2,Bruno Colaneri
dfe400cb,4N3/2BKP3/3p1rBR/4krPN/8/5pn1/2PQp3/8 w - - 0 1,2,Karl-Heinz Ahlheim
bc2462db,8/2PK4/3B1pQ1/3k4/2p5/4P3/r7/b6b w - - 0 1,2,Joseph A. Coultaus
97b95c1c,8/4pq2/Kp2Rp2/2Pk2P1/6N1/2P2NRB/8/6BQ w - - 0 1,2,Eeltje Visserman
f26e07da,4B3/2Q5/2RB4/5N2/4k3/8/8/5K2 w - - 0 1,2,Mečislovas Rimkus
43d4acdd,3NnbNQ/3b4/5p1p/RnpkP3/1PpP3R/2p1K3/7B/8 w - - 0 1,2,János Csák
565ab51b,1b1B4/1p5N/1Pq1p1B1/2P1krP1/2Q5/2K1Pn2/8/8 w - - 0 1,2,Jakob Fehlmann
7b8229ac,K1Q2b2/7B/3pp1N1/3k1n2/1p1P2R1/3N4/b2n4/1r1R4 w - - 0 1,2,Herbert Siegfried Oskar Ahues
496fa998,1Qn5/5pq1/K1N1p2p/5k1P/p1R2NpB/6p1/2b2pB1/6bn w - - 0 1,2,Josef Burda
db86ca15,K1N1B3/BQ6/5r1b/5r2/1Nkpn3/3p2p1/PP3p2/3R3b w - - 0 1,2,Jakob Freivogel
ded57f19,8/8/3R4/1N6/5k2/4N3/8/5K1Q w - - 0 1,2,José Ernesto Coutinho
a96b5999,3bbr2/6n1/6n1/Np4p1/3B3N/1PRBPp2/1KPk1P2/R7 w - - 0 1,2,Bernt Christer Jonsson
7f9f2b75,2nN4/6pK/3p2p1/b1pk3N/4q3/1P1pP1B1/1n1P4/Q4R1B w - - 0 1,2,Frederick Richard Gittins
c7ec481f,3n4/1R1K2R1/6p1/rp3kPp/3B1P2/4pPP1/1PPbN3/rB3N1n w - - 0 1,2,Antonio Tarnawiecki
7908f25c,4r3/8/nQ3p1N/1K2k3/2PppN2/7R/1b4q1/3R2B1 w - - 0 1,2,Edward H. Courtenay
5c39cf5b,5N2/p6b/2QB4/pRK2kPp/2N3pP/3r4/r1q2P2/1B3R2 w - - 0 1,2,Алексей Ф. Соловьёв
2aeeab92,3b4/1B4n1/3B2RN/2Q3p1/4K2p/p6p/Rr4kN/5b1r w - - 0 1,2,Allison Howard Goulty
05fde7e8,8/2p1p3/5pK1/1Q1pNP1B/4k3/2PNPRp1/nPr1b2b/5n2 w - - 0 1,2,Валерий Юрьевич Шаньшин
a81cb839,4Kb2/3N4/3pk3/5N2/8/7P/3Q4/1b6 w - - 0 1,2,Johannes J. Colpa
320fe901,4R3/5p2/Q3nk1K/1P6/4Pp2/5P2/1R6/8 w - - 0 1,2,Ján Skubák
284e9ab1,5b2/4pK2/4p1QB/R2p4/1k1r1p1r/R2p4/1N6/8 w - - 0 1,2,Lajos Riczu
e88ac965,b2NKb2/q2p4/5pp1/1Q1p1kp1/R5N1/4p3/2p2PBB/3rR3 w - - 0 1,2,Frank R. Ravenscroft
3680989b,r3N2k/7P/8/P3R2R/8/8/8/K1B1N2r w - - 0 1,2,John Francis Ling
3e3144d9,1B1R1qB1/2Q5/1N1n4/2npp3/4k2N/R3Pp2/b4P2/7K w - - 0 1,2,Joseph J. Nidiry
25a69b7f,8/3pK3/8/2B1k1N1/8/5B2/8/6R1 w - - 0 1,2,Orestes Augustus jr. Brownson
09db9b23,2n3N1/6n1/bp3pp1/Rp3kb1/3PpppP/2R5/B2B2PQ/2K2N2 w - - 0 1,2,Vittorio de Barbieri
4e269af4,3b2b1/R1p2kNp/7P/K1BN1r1P/P1B2R1n/Q1P5/8/8 w - - 0 1,2,Cornelis Goldschmeding
0523a47f,1N6/3N4/8/2pkpPK1/P2p4/3Q4/8/8 w - - 0 1,2,Абрам Львович Дзекцер
b1c6b414,6R1/5Q2/5p2/2r5/1r6/3BPk1P/RB5P/3N1n1K w - - 0 1,2,Enguelberto Berlingozzo
3d119c57,8/3pK3/2p1p3/4k3/3p4/1BP1p1N1/3N4/2Q2R2 w - - 0 1,2,Michel Caillaud
580dea11,K5B1/pn1Pp3/q2N1b1r/P1p1k3/3R1R1r/Qp1p4/3p2Pp/8 w - - 0 1,2,Imants Draiska
15801163,5Q2/b1pK2n1/2N1p3/pr1k3r/1p1p4/1P1B4/6b1/2R3n1 w - - 0 1,2,Виктор Иванович Чепижный
9dfc5e15,8/2N1Bp2/8/4kp2/2R5/3K4/8/8 w - - 0 1,2,Григорий Леонтьевич Попов
4d98ba90,8/1N2R3/kp3Q2/N7/8/1K6/8/8 w - - 0 1,2,Павел Александрович Мурашёв
89c51756,1N6/1k6/1B1K4/1BP5/8/8/8/8 w - - 0 1,2,Михайло Теодозiйович Гальма
ee814a1c,2K5/p7/5B2/rR1R1r2/1Nk5/8/2BP1pp1/5q2 w - - 0 1,2,Johan Hilding Laurentius Fröberg
dfe03fb8,8/2Q1N1K1/b3k3/7p/2p1p1p1/2R3R1/3P1P2/8 w - - 0 1,2,Odd Erik Backe
5a2c68d5,K1Nn4/3p4/5p2/3k1P2/N1p5/2B1Q3/8/3rb2q w - - 0 1,2,Werner Höller
6e1c2b9f,3Rb1B1/nNp2p2/2k5/P7/8/5K2/8/1Q6 w - - 0 1,2,Willi Hess
c5fba3e7,8/1p2K3/6p1/2n1k1r1/1N5Q/4N3/3PnP2/8 w - - 0 1,2,George James Slater
18eaa9ed,1K2R3/pB6/r1Pkp1r1/4N3/8/b2N1P2/2pRp1pq/8 w - - 0 1,2,Alexander Pituk
6c327369,1b3Nn1/pN6/n3B3/4k1p1/4p3/2R5/5Q1K/8 w - - 0 1,2,George H. Walcott
88cf429a,2n1n3/5R1B/8/1P1N4/KBk5/2Pr1p2/3PrN2/5Q2 w - - 0 1,2,Gilbert S. Dobbs
d1707c58,8/8/4pp2/Q2Np3/4k3/2P2R1P/4b3/3B2K1 w - - 0 1,2,Joseph Böhm
56488a63,4br2/2R2n2/5B2/RN1kpP1N/8/3B1n2/Kb1pqr2/1Q6 w - - 0 1,2,Arnoldo Ellerman
d56ed0b1,1n2r2b/7r/2N1p3/1kP5/4K2p/3N4/Q1P5/6R1 w - - 0 1,2,Sámuel Gold
ad3e068e,B1K5/p4p2/3R2pP/2P1kN2/r1pn2Q1/3n1RPb/7N/4r1b1 w - - 0 1,2,Paz Einat
a123b840,5Qn1/2R1p3/bp2B1p1/1N1Pk1P1/1K2N3/2P1qp2/2PP4/4R3 w - - 0 1,2,Georg Fuß
1238ae2b,6B1/8/2R2Pn1/1RN1krp1/r7/p4p1N/3P4/n2K2Bb w - - 0 1,2,Alfreds A. Dombrovskis
2c47d928,8/4Q3/8/4p3/nN1k4/8/2KN4/8 w - - 0 1,2,Владимир Пантелеевич Клипачёв
a107fc6c,3R4/8/3B4/1P1k2P1/2p1n1P1/4P1p1/P5K1/1Q6 w - - 0 1,2,Jonas Ephraim Cauveren
1566283d,8/3p4/1BNp2n1/K2k2N1/1p5b/1P6/2n5/Q3R3 w - - 0 1,2,Henri Mendes da Costa
92aa760d,4r3/p6b/K1B1p1N1/1Q6/1p1k1Ppp/2np2bR/R5N1/Br6 w - - 0 1,2,Николай Иванович Бантыш
5c68cfdb,7B/8/3p1nN1/Q1bP1p1R/1PB1kp2/Rn6/3pNPP1/3K4 w - - 0 1,2,Antti Gottfried Ojanen
33f142a2,8/3pN3/2p1rp1K/R4Bp1/1PNk4/p3p1Q1/rn3P2/2R1B1bb w - - 0 1,2,Peter Heyl
220cf6dc,3K4/5p2/2pkp1Nn/2pBr3/2Q2R2/1p6/1N5B/8 w - - 0 1,2,Бранислав Ђурашевић
e9fbcadc,8/1r3PB1/2B2RP1/4k1r1/1Pp1N1b1/5P2/3pNP1b/3Kn3 w - - 0 1,2,Zoltán Labai
50547751,4R1B1/4N1p1/2p2p2/1p6/1Pr1kP1R/2p5/Q2rp3/4N1BK w - - 0 1,2,Thomas King-Parks
4fe1537d,K7/1PNPBP1B/3npn2/p3k3/2R1P1p1/1pP1Q1p1/q2P2rP/bbNrR3 w - - 0 1,2,Євген Фащук
73829d21,6B1/4p1K1/8/1n2B1QP/r3k2r/1n4p1/b3P1pb/5N2 w - - 0 1,2,Frederick Thomas Hawes
fe8df857,4n3/3pK1P1/1Q1pPP1p/3k2NR/bPpP4/r1r3NP/1p4R1/1qb3BB w - - 0 1,2,József Szöghy
0475bf51,6Rq/5Bb1/4N2p/4Pk1n/Q1K1ppN1/6BP/8/5R2 w - - 0 1,2,Luis Gómez Palazón
9adaab90,4R3/2p5/1N5K/8/p1pkN3/2pb3R/Qb1P3B/4r3 w - - 0 1,2,Giwi Mosiaschwili
f14c9cf1,5n2/8/1p4nQ/1K3k1P/4R3/2pR3p/2Pr1P1P/2B4B w - - 0 1,2,Erik Daniel Svedberg
17eaa7aa,1B1K4/1p6/R1q1k3/4P2n/2N5/2N1PQ2/B7/1b6 w - - 0 1,2,Claude Wiedenhoff
a4154433,3N4/1P3P2/8/P2k2K1/8/1P3P2/3P4/8 w - - 0 1,2,Hauke Reddmann
8c8a2712,1b6/3p1Q2/6PK/Rp2N2n/2Bpk3/4P3/3Pp3/B7 w - - 0 1,2,Karl-Heinz Ahlheim
17df43eb,1b1R4/4Q3/2r2B2/p1RPN3/3k4/2nNpP2/4P2K/8 w - - 0 1,2,Klaus Förster
fefaf7e0,3nK2N/Q6p/5p1B/Np2kP1p/4P1pR/1n3p2/4R2p/7B w - - 0 1,2,Emil Palkoska
